id,nome,marca,categoria,status,foto_real_estatica_ou_validada,resolver_automatico,imagem,fonte_imagem,tipo_imagem,oferta_url
vaso-sanitario-monobloco-orbit-completo-com-caixa-acoplada-privada-ceramica-branca-cod-alut0,Vaso Sanitario Monobloco Orbit Completo com Caixa Acoplada Privada Ceramica Branca Cod Alut020031 Alut By Avant,Avant,Acabamentos,foto-real-confirmada,sim,nao,https://http2.mlstatic.com/D_NQ_NP_814019-MLA114294423721_072026-O.webp,https://www.mercadolivre.com.br/social/edsonreiterconcatto?matt_word=edsonreiterconcatto&matt_tool=37292649&forceInApp=true&ref=BCNEsJGH9ckCw5W6vB%2F9NmA8bh5EKpkPTot9aK11aqQYP%2FZnt4zjzxAmKsj03kZueViLfKxnVCMAwrZffIyDH3NqX63XfOVKL4Oyn6VI6eTmvR7gEG09%2FQ3bdwMZ4iqxEr2XiRM8Vh%2FmFL%2B4kNLuInUIQRZ%2BoYaXASDEL6X5i5w8RQJ0PIuOefOD8%2BKL%2FjvrNcpxx8c%3D,foto-remota-validada,https://meli.la/2JAXSUV
cuba-de-apoio-retangular-com-mesa-fit-45x38cm-branco-celite,Cuba de Apoio Retangular com Mesa Fit 45x38cm Branco Celite,Celite,Acabamentos,foto-real-confirmada,sim,nao,https://http2.mlstatic.com/D_NQ_NP_832409-MLA95196176770_102025-O.webp,https://www.mercadolivre.com.br/social/edsonreiterconcatto?matt_word=edsonreiterconcatto&matt_tool=37292649&forceInApp=true&ref=BLbl3%2BlbHCiuaNNAcIdTv9kbbi7IN4UqroZiiyas6aRAITZLKh7krwu6YrxC%2BBr5eKeAUO9dkr%2F6VEO4kxDbREcknuBetr9lOXp5Shtqk9U0dhu9OEM384%2BDAkQPUjiXbT4idE1o5zy8mz45pZa022ZcTIp2J6g3H3qY8pEH3K0b0HzTEUWyAQLH7orVh8zNcA3yhNI%3D,foto-remota-validada,https://meli.la/1dciDE9
kit-vaso-sanitario-celite-like-branco-com-caixa-acoplada-bacia-quadrada-assento-soft-close-e,Kit Vaso Sanitario Celite Like Branco com Caixa Acoplada Bacia Quadrada Assento Soft Close Ecoflush 36l Duplo Acionamento Anel Vedacao Flexivel Fixacao Completo,Celite,Acabamentos,foto-real-confirmada,sim,nao,https://http2.mlstatic.com/D_NQ_NP_763242-MLA95935530065_102025-O.webp,https://www.mercadolivre.com.br/social/edsonreiterconcatto?matt_word=edsonreiterconcatto&matt_tool=37292649&forceInApp=true&ref=BDu7VqRCLHHlV1s7jkQobNMDmZpAK5pv3ftlu5cV2KFGySgKtDbddunB7i3qtEmYAIhOGZeY%2FC7wfvxRtITTJm8Yj7I6mEbbVRl0U8rf9aMlQyRQON8bXh92fKQgggqCoR0RPuRLFelQOUKsQFZxIjg2fd7NHOC2gM0KScxvzjqX%2FfWWs3SdupjNXOrk%2Fz5anOdU3gM%3D,foto-remota-validada,https://meli.la/2zkQAkm
torneira-lavatorio-mesa-pia-cuba-bica-alta-basic-celite-acabamento-cromado-cor-prateado,Torneira Lavatorio Mesa Pia Cuba Bica Alta Basic Celite Acabamento Cromado Cor Prateado,Celite,Acabamentos,foto-real-confirmada,sim,nao,https://http2.mlstatic.com/D_NQ_NP_737087-MLA95658000604_102025-O.webp,https://www.mercadolivre.com.br/social/edsonreiterconcatto?matt_word=edsonreiterconcatto&matt_tool=37292649&forceInApp=true&ref=BMHw59CXZ6ACE%2FzNRFY1kk19vPphwPrn7THszLz4g4%2BVW2JGATnZ%2BdwfrUSnfF4cBlb8Y7oyCdNW%2BcukAZzo2G3QPE2i6W6yWnjcxrmOembFASsFRg7gN5NF3XrbsOE03Zyhiekhb%2FnaUnfyzjbaXS2nrnPuf0n%2F9t3QFubuPA8ojTXwqvBT6hR%2BZhAFNC7D1RrJggo%3D,foto-remota-validada,https://meli.la/2kidXu1
coral-tinta-acrilica-fosco-baixo-odor-16l-cor-palha,Coral Tinta Acrilica Fosco Baixo Odor 16l Cor Palha,Coral,Acabamentos,foto-real-confirmada,sim,nao,https://http2.mlstatic.com/D_NQ_NP_914710-MLA99943279147_112025-O.webp,https://www.mercadolivre.com.br/social/edsonreiterconcatto?matt_word=edsonreiterconcatto&matt_tool=37292649&forceInApp=true&ref=BB%2FIRCXJhjmpDmZX46DWvK5srEZFtOgt3kgMDKJq0%2FHpQ9MeK9j2y9SS3atB9Oot2yJVSIpPGyN%2F8JYhWBuJ5F4OVCzmlJDbb%2BYYVaXat5Cq0CesvOrGlltrZF%2FtmOQXUO1%2FtAAUSK2wLpEypFniCUNZsY2AJU3SymsD7AjIkLbrQpIvc2R58AyLKxPAmGuAETrP0Vk%3D,foto-remota-validada,https://meli.la/1kqwDw3
latex-acrilica-tinta-coral-anti-mofo-branco-18l-coralar-branco-fosco,Latex Acrilica Tinta Coral Anti Mofo Branco 18l Coralar Branco Fosco,Coral,Acabamentos,foto-real-confirmada,sim,nao,https://http2.mlstatic.com/D_NQ_NP_807241-MLA99565665626_122025-O.webp,https://www.mercadolivre.com.br/social/edsonreiterconcatto?matt_word=edsonreiterconcatto&matt_tool=37292649&forceInApp=true&ref=BLmZh7qq7suSepCiF1RFE0OFDpLk5IYv550TxvD%2BoXSXbaooxpCeMoGEDAxv47wNiwyEgHh4MGmZLJvr0HbZNY9FLADC7f%2FBEeVr8Ou9NA5cvwQaWBjsbpcDHSr1NphyecbDOopO74zB9Lv7xZUl0r%2BZuBOPnC0A5kO2DcNH%2FK9RjlksiXIAdq%2B5PdyjJ8FvmyXHSOM%3D,foto-remota-validada,https://meli.la/2erbvns
massa-corrida-pva-coral-25kg-fosca-para-interiores-rendimento-75m,Massa Corrida Pva Coral 25kg Fosca para Interiores Rendimento 75m,Coral,Acabamentos,foto-real-confirmada,sim,nao,https://http2.mlstatic.com/D_NQ_NP_978265-MLA99450341818_112025-O.webp,https://www.mercadolivre.com.br/social/edsonreiterconcatto?matt_word=edsonreiterconcatto&matt_tool=37292649&forceInApp=true&ref=BD2kOUhmDjY0J5V7i1xEJOAzXfBriA4eBt3673Ojztlc4jnwcrJrFTifyL2aKs8Opfx7bTWAgjL67omirha2OUkDo9rwCQVG8G65tg7zeOFwm2%2FFcmMPufjdOlqL1VtoXA4QeSUE%2BACKplgMVEDo%2BA1MT9x%2B0bl%2BXu%2BMi09JwFF6mC%2FEknspIj0HphyXzH8xUAFQwZQ%3D,foto-remota-validada,https://meli.la/2PepuEk
selador-acrilico-coral-branco-18l-para-paredes-interior-exterior,Selador Acrilico Coral Branco 18l para Paredes Interior Exterior,Coral,Acabamentos,foto-real-confirmada,sim,nao,assets/produtos/selador-acrilico-coral-branco-18l-para-paredes-interior-exterior.webp,https://www.coral.com.br/pt/produtos/selador-acrilico,oficial,https://meli.la/1EhcoCU
tinta-acrilica-coral-coralar-interna-fosca-alta-cobertura,Tinta Acrilica Coral Coralar Interna Fosca Alta Cobertura,Coral,Acabamentos,foto-real-confirmada,sim,nao,https://http2.mlstatic.com/D_NQ_NP_880234-MLB113302016034_072026-O.webp,https://www.mercadolivre.com.br/social/edsonreiterconcatto?matt_word=edsonreiterconcatto&matt_tool=37292649&forceInApp=true&ref=BLfWwtYKf36ZQGBVo8lP%2Fguuc2EARlSqpzHn%2BCCCNedp1957tVyvkvv2pLRR3yLTCfAe4S%2FjBqgGpaAZVanR3o03YTxvYBDt6BrPwO6FGe99x%2B6CudG4FaqHrIWJ6aQ%2FS6gpLy1ItaqJJSSsmt6aIzUt2g%2BP6eN%2Fd9yT9Vj7If%2BBgP4PfouX2XNPD6K%2Be6M9dII50PHoj7th2IEy1g%3D%3D,foto-remota-validada,https://meli.la/2nc7TpR
tinta-fosca-para-gesso-branco-coral-18-litros,Tinta Fosca para Gesso Branco Coral 18 Litros,Coral,Acabamentos,foto-real-confirmada,sim,nao,https://http2.mlstatic.com/D_NQ_NP_900137-MLB90364309369_082025-O.webp,https://www.mercadolivre.com.br/social/edsonreiterconcatto?matt_word=edsonreiterconcatto&matt_tool=37292649&forceInApp=true&ref=BKTgIIzpKEEOJfVnDzCiWNLgWBlC7X3%2FGrFp3c6ceX1pqTMHgULdWGeQr7bc0XF%2B0dHCR9NJlZfV4bmz%2Fg8G7fBRx30VF%2F2T%2FBgsthBuLMhnv9Tv6izgTx%2FAV%2FaxO8Uhsnin2YmghP7uo4ff163u%2FbuE0vdMhOi6JiE74fcGTAru5iL9MXxdEfngor5wUgJ%2BxXA9yf2evb1Xd%2Bc6bQ%3D%3D,foto-remota-validada,https://meli.la/1eULMoQ
tinta-rende-muito-branco-900ml-coral,Tinta Rende Muito Branco 900ml Coral,Coral,Acabamentos,foto-real-confirmada,sim,nao,https://http2.mlstatic.com/D_NQ_NP_812821-MLA100075967431_122025-O.webp,https://www.mercadolivre.com.br/social/edsonreiterconcatto?matt_word=edsonreiterconcatto&matt_tool=37292649&forceInApp=true&ref=BAE9n4W0dpM0bP%2BXMD0kwdLR6GdOWAFozeZCwpDcT0rLQe05m5LiYn6Fc6EXQqNXQsEYC%2B72vADa%2BXgQxKgTUZcBMa0suDyoOPwtvs7imh1kLdGaKSMp9HzLZvM9LzKT1zvpcSl1IFrxnBC6aRWHUrV3ZlsTQAox0FZk1uAc1KH%2FyrzPaO4e38%2FBeWRzc3h7c%2FEIpbw%3D,foto-remota-validada,https://meli.la/2se2BDa
cuba-de-apoio-deca-slim-l1204017-branca,Cuba de Apoio Deca Slim L1204017 Branca,Deca,Acabamentos,foto-real-confirmada,sim,nao,assets/produtos/cuba-de-apoio-deca-slim-l1204017-branca.webp,https://www.deca.com.br/ambientes/banheiro-e-lavabo/cubas-para-banheiro/cuba-de-apoio/cuba-redonda-de-apoio-40-cm-branco-cubas-slim--l1204017,oficial,https://meli.la/1fZ3rEH
cuba-de-sobrepor-quadrada-deca-40x40cm-branco-slim-l2104017,Cuba de Sobrepor Quadrada Deca 40x40cm Branco Slim L2104017,Deca,Acabamentos,foto-real-confirmada,sim,nao,https://http2.mlstatic.com/D_NQ_NP_672373-MLA95956033498_102025-O.webp,https://www.mercadolivre.com.br/social/edsonreiterconcatto?matt_word=edsonreiterconcatto&matt_tool=37292649&forceInApp=true&ref=BBwHV3%2BQ8GgavxtcfvmaqdQFgC1hzt2uQc9m7oHhwDhGpzDR3hp0PxInEElxvYwUAMv9c3S%2FbRMMM4nfdnU%2FjVX0slqABUwjKraiyEK5CRc2of%2FoRxtJNld%2B2%2F3hwYHiVSZoRR77pvhlAo9aI6Kkmgo6bQkGV%2F%2B1W0DegTRp058TiFDE0JcLSy3ANqga8jMwqPxVmgI%3D,foto-remota-validada,https://meli.la/2BkE74R
kit-completo-bacia-com-caixa-acoplada-flex-branco-deca-kp38017,Kit Completo Bacia com Caixa Acoplada Flex Branco Deca Kp38017,Deca,Acabamentos,foto-real-confirmada,sim,nao,https://http2.mlstatic.com/D_NQ_NP_769055-MLA115593144987_082026-O.webp,https://www.mercadolivre.com.br/social/edsonreiterconcatto?matt_word=edsonreiterconcatto&matt_tool=37292649&forceInApp=true&ref=BIgT8Vbb8sJ9SELSwLzeQlEeff%2FtFuyHB3KMxhj10sCP%2FbX62nbSoGU51uQDbT0aJGolF1J8sg4x4svoHNZGa8l9uQ7QcA9zbAgIdt7kiC6tlL8KwCH7CJijXexQDZyC1MOOfjiD%2BTUM8oOeuFTjMLcs%2FV3IM%2FXDlZJBUky6ZCHdEP6lAshPP2XjeWSD33dKAI8LH5E%3D,foto-remota-validada,https://meli.la/1QjHddc
kit-de-acessorios-deca-com-5-pecas-pix-cromado-2000c02,Kit de Acessorios Deca com 5 Pecas Pix Cromado 2000c02,Deca,Acabamentos,foto-real-confirmada,sim,nao,https://http2.mlstatic.com/D_NQ_NP_639336-MLA100029964275_122025-O.webp,https://www.mercadolivre.com.br/social/edsonreiterconcatto?matt_word=edsonreiterconcatto&matt_tool=37292649&forceInApp=true&ref=BIrKRq77EALOmSpIAu9vwiVzpsSrpV6gA9GaboYTeVAcwW1E5Rl8oXEAeSYW3QUx%2Bssm78APEKG3hWAQPoYGV%2F8re8SNpVwQuM2y0uWF9p49bh1FUj8CuInO6If3iiBDzjcBWXEgX194xwB1lNFe2lY%2FGLBwpd%2BBnr7AFHr%2B8p2QqNGOaNbFhZHNx5im%2BLQZHR91gD0%3D,foto-remota-validada,https://meli.la/1abeyAA
torneira-para-banheiro-link-1197clnk-prateado-cromado-deca,Torneira para Banheiro Link 1197clnk Prateado Cromado Deca,Deca,Acabamentos,foto-real-confirmada,sim,nao,https://http2.mlstatic.com/D_NQ_NP_686101-MLA96870023911_102025-O.webp,https://www.mercadolivre.com.br/social/edsonreiterconcatto?matt_word=edsonreiterconcatto&matt_tool=37292649&forceInApp=true&ref=BFZYafaC%2BW3rMGzASfkdAt6LTvMAwEXV274Nm0P445Q%2FDJDypJFJMXAcYEqnT3kvnBXavHqolm3fwayUgvB9IwKiOkAKctU4j3QTPH3CQNKycUOYEiZVop%2BQup%2Fk3QRrDqVFT7EsDqHffk60Zxc%2BReQ1Fe%2Bhk0HbUIy6SLiZOZCYNwrDFS8FvaNTqOzI2DTa3Sq3u2M%3D,foto-remota-validada,https://meli.la/2M7eFWi
lustre-led-preto-dekocasa-pendente-moderno-5-arcos-189w-teto,Lustre LED Preto Dekocasa Pendente Moderno 5 Arcos 189W Teto,Dekocasa,Acabamentos,foto-real-confirmada,sim,nao,https://http2.mlstatic.com/D_NQ_NP_709150-MLA95569580839_102025-O.webp,https://www.mercadolivre.com.br/social/edsonreiterconcatto?matt_word=edsonreiterconcatto&matt_tool=37292649&forceInApp=true&ref=BJSpGRESJWy8IZVAHpxoKYPngy9qSqYrK%2BPxukHPe%2BhuRquSBYC1YgXLL2luE00PvSRxSTfRsEhCWGKhL6VtifiJahSCqq6e4RGKtWcMtUccPtpXSMAybkZzCDplAR9Cxq93pdTXXFLF2nCyAuAMQamnKuGdSRCgHFLWpI5qEp24YB1LgbqC%2FM0iacjuhXRATLm%2F7w%3D%3D,foto-remota-validada,https://meli.la/1KvAZ3p
torneira-de-cozinha-convencional-docol-gali-00801306-cromado,Torneira de Cozinha Convencional Docol Gali 00801306 Cromado,Docol,Acabamentos,foto-real-confirmada,sim,nao,assets/produtos/torneira-de-cozinha-convencional-docol-gali-00801306-cromado.webp,https://www.docol.com.br/90008013006-torneira-para-cozinha-bica-alta-gali/p,oficial,https://meli.la/2vjPpHv
kit-acessorios-para-banheiro-inox-adesivo-5pcs-elg,Kit Acessorios para Banheiro INOX Adesivo 5pcs ELG,ELG,Acabamentos,foto-real-confirmada,sim,nao,https://http2.mlstatic.com/D_NQ_NP_638228-MLB113725730444_072026-O.webp,https://www.mercadolivre.com.br/social/edsonreiterconcatto?matt_word=edsonreiterconcatto&matt_tool=37292649&forceInApp=true&ref=BH8FGDTap0TBPm4pbUwygE4U354axz6w%2FNyNTh4b7xWWKWdwUFCR34V6x%2FmnOkqxFAheMRW6tkIz%2BxJYKBWMMR9oFZuRvG4dKeG5oECf1qaLCD7Ea9ZdHuk8%2Fn1UeVh8SOb5Spgjzpl32hc43uu%2BSeJzawRF%2BFl5Y%2BzNZxm0UFnXRmZCQhO0KzeloVkHRqY%2B%2BUOPi8bw92KQGN8Zvw%3D%3D,foto-remota-validada,https://meli.la/2Mwdm2o
toalheiro-termico-aluminio-preto-110-220v-bivolt-electrowood-preto,Toalheiro Termico Aluminio Preto 110/220V Bivolt Electrowood Preto,Electrowood,Acabamentos,foto-real-confirmada,sim,nao,https://http2.mlstatic.com/D_NQ_NP_910281-MLA109780221435_032026-O.webp,https://www.mercadolivre.com.br/social/edsonreiterconcatto?matt_word=edsonreiterconcatto&matt_tool=37292649&forceInApp=true&ref=BKDPGP2mboaN%2Fp2oECqjqAputhCDfV29nptJjojs20Ml5CKzjX%2FJmG%2F876EUtX6k5%2Flt%2FG%2Fjk5FdaNenSAqXz%2Fod2YqW3REDhoLM9O27HEzctQMRLg1EEFUAQv755wYxPEKIphC6N4EK3hnj7cVnvcpRrGfx%2BN1778YoKpTYNAcBGYeM60bAEZBDLu4mVNdvoXxRHQ%3D%3D,foto-remota-validada,https://meli.la/1rY55ap
cuba-louca-mesa-de-apoio-banheiro-retangular-41cm-lemi-branco-brilhante,Cuba Louca Mesa de Apoio Banheiro Retangular 41cm Lemi Branco Brilhante,Lemi,Acabamentos,foto-real-confirmada,sim,nao,https://http2.mlstatic.com/D_NQ_NP_961386-MLA108581982441_032026-O.webp,https://www.mercadolivre.com.br/social/edsonreiterconcatto?matt_word=edsonreiterconcatto&matt_tool=37292649&forceInApp=true&ref=BMXNrN35iaRr31x5Aw%2B%2B5C7j40Ztn1G9zY1utCnnqVmdhAXVIIrSfbyPrVp6mt8yioq1rRXVZn3Iyz5OSp1g3eWVRUsw8DG3kvdDGF0tbgodynUIQkMuARg8dOSo7jJbQf1PQdLSPxCX%2FYp7XqdxiU5RYObW%2BlhXd6qaO0aNkkH%2ByqVcR6nyTYjpwEowDnW7WZJ4EA%3D%3D,foto-remota-validada,https://meli.la/2TYJb6z
cuba-sobrepor-louca-oval-branca-28cm-lemi-banheiro-branco-brilhante,Cuba Sobrepor Louca Oval Branca 28cm Lemi Banheiro Branco Brilhante,Lemi,Acabamentos,foto-real-confirmada,sim,nao,https://http2.mlstatic.com/D_NQ_NP_659285-MLA103212497265_122025-O.webp,https://www.mercadolivre.com.br/social/edsonreiterconcatto?matt_word=edsonreiterconcatto&matt_tool=37292649&forceInApp=true&ref=BEVNJRMZ5WirBQU8KNAW1FUbCu3EnGlpfnF04bqkC3gQiKj%2BmVWwBkB%2FTwhrR01LEhSfMaJTWFj1wstkBymudpsp7G4wnXQCM9ufCRK8M3rCVlB2B0CcXXYm8I%2FYRXhCug%2FlSVFFmkiKSXmp1yxtCPl8Z7oZM0jh1ok6vJjM5FsFntkKQk%2FaHrSAM220XIWSlm7Vig%3D%3D,foto-remota-validada,https://meli.la/2Siv8Ph
cuba-sobrepor-oval-lemi-465cm-louca-banheiro-branco-brilhante,Cuba Sobrepor Oval Lemi 465cm Louca Banheiro Branco Brilhante,Lemi,Acabamentos,foto-real-confirmada,sim,nao,https://http2.mlstatic.com/D_NQ_NP_983438-MLA103741325088_012026-O.webp,https://www.mercadolivre.com.br/social/edsonreiterconcatto?matt_word=edsonreiterconcatto&matt_tool=37292649&forceInApp=true&ref=BCL1s7V%2F4p5hmrwv15qqTwuewTxjXyzuNYwLKMiQQ1DUznCISvtp5CVG7y8Bs7f9Gj5o52o%2BbLElsDwldv3rAuFmukp7ZvEGYukO%2BaLuPEXgjwXuyIhyY9fWCsZ1%2BnoYnHL70FSDUL1K1z%2B6SjSBfNzufmzXFANf4iWgpK9jTf2uo6CbaKSKEKj3HVL3dqB%2BW2MUEg%3D%3D,foto-remota-validada,https://meli.la/13DWKFS
cuba-para-banheiro-louca-60x35cm-pia-sobrepor-lavabo-lemi-branco-brilhante,Cuba para Banheiro Louca 60x35cm Pia Sobrepor Lavabo Lemi Branco Brilhante,Lemi,Acabamentos,foto-real-confirmada,sim,nao,https://http2.mlstatic.com/D_NQ_NP_715853-MLA106374955460_022026-O.webp,https://www.mercadolivre.com.br/social/edsonreiterconcatto?matt_word=edsonreiterconcatto&matt_tool=37292649&forceInApp=true&ref=BHDkSSMupBecf8LjYNz4XA5PKRFjeY0CGlDIhMUzMoeJAaDGPJGuofqdbctSdcJFwQtNmH32YjENwlftN1ejFPmo9ezdVpHtAKk7QiPf1b6O1e%2BiiR91ux1oSnGj%2B6I7%2Fk%2B2Dp8n0F9IEOrVS1ztdQVMbWBQKhU3xDNhbOlrke5e9ZWy6ldD26bxeU%2B1SGlMkjZYEg%3D%3D,foto-remota-validada,https://meli.la/17LGTN3
aquecedor-de-toalhas-eletrico-cor-branco,Aquecedor de Toalhas Eletrico Cor Branco,Marca não informada,Acabamentos,foto-real-confirmada,sim,nao,https://http2.mlstatic.com/D_NQ_NP_884207-MLA110746820040_052026-O.webp,https://www.mercadolivre.com.br/social/edsonreiterconcatto?matt_word=edsonreiterconcatto&matt_tool=37292649&forceInApp=true&ref=BEvn89l2EdtoFdxvMgS7mFEJ1%2F1%2F3jUM%2FQ4ZMcjrHII%2FVyotx568EL7Z7Y4rTFT8cT%2BsFl2fhlAIqRvE6c3kfdBmJtc4V7xheDJa6%2BDGuyWiGz1KCQsvLs%2BU91lNbPbtDR2RffsW1xsDuIrcngeU%2FRZlsg%2FBAhG8XHD%2FsZIYiy5equErTdMlZ%2BlkazEBRdKtBqKWmw%3D%3D,foto-remota-validada,https://meli.la/22LeNjh
cimento-queimado-maza-revestimento-23kg-diveras-cores,Cimento Queimado Maza Revestimento 23kg Diveras Cores,Marca não informada,Acabamentos,foto-real-confirmada,sim,nao,https://http2.mlstatic.com/D_NQ_NP_989910-MLB111669023348_062026-O.webp,https://www.mercadolivre.com.br/social/edsonreiterconcatto?matt_word=edsonreiterconcatto&matt_tool=37292649&forceInApp=true&ref=BOZ%2F2hA5j1Hla6QW2VLuSWOeMjgzhoc4OQUoH6mFaFoqc0s3TJ8pgotDadfdOvdWpsw95Dj%2FljsFWVZaS1vl%2B3wAjPRg%2FIAlsw0DdgOAIXR45wLaXayWlHcAhPIIcDv3ZNzDqsT7FakehkNGSON4bmdHED1i8rlOayfaDOH2Tqz2mHw43M3b1G0dpoyPp6ayXLZwtg%3D%3D,foto-remota-validada,https://meli.la/1LPHLgK
cuba-de-apoio-retangular-com-mesa-49x38cm-branco-everfort,Cuba de Apoio Retangular com Mesa 49x38cm Branco Everfort,Marca não informada,Acabamentos,foto-real-confirmada,sim,nao,https://http2.mlstatic.com/D_NQ_NP_957069-MLB112327791607_052026-O.webp,https://www.mercadolivre.com.br/social/edsonreiterconcatto?matt_word=edsonreiterconcatto&matt_tool=37292649&forceInApp=true&ref=BPO0c1KrPfotGo5fbAIL7yc5Cp1DAokKoqBSTlGepDnkexPmXUSMwSSFHmAQ8VPQNhd02VAueQlbV0jU6uK%2Bd7wVDr6L0LDrZxAmUnTLTXDGA4IA99gBbeQzdGITiTqN4j54vO38Pc6OEf2RCwqCSruEvr%2B0dPT%2F42u0IvlxgXRkdlJqfP1MNjN%2BZ05RJIMzHVgENLgchdbLbgxBbA%3D%3D,foto-remota-validada,https://meli.la/1DftU93
fechadura-luxo-espelho-inox-porta-casa-externa-sala-cozinha,Fechadura Luxo Espelho INOX Porta Casa Externa Sala Cozinha,Marca não informada,Acabamentos,foto-real-confirmada,sim,nao,https://http2.mlstatic.com/D_NQ_NP_727327-MLB111008165505_042026-O.webp,https://www.mercadolivre.com.br/social/edsonreiterconcatto?matt_word=edsonreiterconcatto&matt_tool=37292649&forceInApp=true&ref=BLEYoZIm3r0P2K8AFskpRiIUc5c1htT8GddEihD2N8neBLwrD4OzEGNxK1tZNf%2FLX0qQ5JBMrLcFCWTXFToE03b8nPKpdSuIF3rYgufMAA2%2BpbAUO53%2FCXFIDfRnf0qAZofnBPMhE6tMvgXKQYrIiwuOKdavqp3f6pJp0Xg2%2BzizR%2FEMdvplouokOTTzyNhIlhGqxA%3D%3D,foto-remota-validada,https://meli.la/1BpjrjW
fechadura-de-porta-banheiro-cromada-55mm-carrara-abnt,Fechadura de Porta Banheiro Cromada 55mm Carrara ABNT,Marca não informada,Acabamentos,foto-real-confirmada,sim,nao,https://http2.mlstatic.com/D_NQ_NP_798751-MLA95526687014_102025-O.webp,https://www.mercadolivre.com.br/social/edsonreiterconcatto?matt_word=edsonreiterconcatto&matt_tool=37292649&forceInApp=true&ref=BJGbvRSRw3d2PcH1o6xRRLcsDQNl5y3UIdMbnp9RxXF%2FlDK084IIFnlWkl2IFMXBTXiZTod4LZCmJZLB83zHmJ2KhUB8V5Lg9Xb41i9OcVNZosHelud4NlyK1gw5FiSg6Zy3Hd7eioHGr1N8ksEWWfKRuNnR0TLX9xHuguc6%2BQHixXs0EjOtLl%2FDeKdKk1qNEh3Ciw%3D%3D,foto-remota-validada,https://meli.la/1JpYP5Q
kit-banheiro-luxo-com-porta-toalha-inox-304-5-pecas,Kit Banheiro Luxo com Porta Toalha INOX 304 5 Pecas,Marca não informada,Acabamentos,foto-real-confirmada,sim,nao,https://http2.mlstatic.com/D_NQ_NP_779402-MLB113180090758_072026-O.webp,https://www.mercadolivre.com.br/social/edsonreiterconcatto?matt_word=edsonreiterconcatto&matt_tool=37292649&forceInApp=true&ref=BHKi%2BwExaen%2BT7rl11b%2B8RYkyyN32jtYbPKVtPcw2XBW%2B%2Bm2E5KNPImgWq2eTh5vE4KGafxfIYGck5PGHsHZivgKDORKtpzJGswsrN0uQyF0ldabVj3wN%2BXiJyMYfhVNsCv%2FLVxlLqh%2F32CBcg2PK4liD1UKaUtx%2BwqdIs44pZQ056WgSGXKCFbMaD6dPkNGtAFVSA%3D%3D,foto-remota-validada,https://meli.la/2zTQRvk
kit-completo-revcollor-20kg-primer-revestimento-natur,Kit Completo Revcollor 20kg Primer Revestimento Natur,Marca não informada,Acabamentos,foto-real-confirmada,sim,nao,https://http2.mlstatic.com/D_NQ_NP_841579-MLB91643955998_092025-O.webp,https://www.mercadolivre.com.br/social/edsonreiterconcatto?matt_word=edsonreiterconcatto&matt_tool=37292649&forceInApp=true&ref=BMraqpMukSNxk98AoDhuGn0NYc%2BHxWsVLYNddNk%2BhoelD%2BC2%2F37OqOky89mKvVqORD%2B0xlNGa8MID66nDiG1WpbdiwnWTmj9nPMfcEQC9jfBY8evlMhVoQi%2FEvBk08QjSakHvPP%2BBZiUugHL%2FX2RG4V%2FJhLfE2JDaZQwCesx7DlmFZm4Oq9fMzC51vtn6M6ZDyc1hQ%3D%3D,foto-remota-validada,https://meli.la/32XeJP5
kit-de-acessorios-banheiro-aco-inox-304-polido-com-5-pecas,Kit de Acessorios Banheiro Aco INOX 304 Polido com 5 Pecas,Marca não informada,Acabamentos,foto-real-confirmada,sim,nao,https://http2.mlstatic.com/D_NQ_NP_838861-MLA107811460353_022026-O.webp,https://www.mercadolivre.com.br/social/edsonreiterconcatto?matt_word=edsonreiterconcatto&matt_tool=37292649&forceInApp=true&ref=BJGAkIY5A%2BnXQ1LIPpajtnYz3RnLih1eKVsXtAfnX2elMRSVzubBDTc3zFa39URhfNmijhZYHPA4JJ2W2O50vGMjUvu963VLvup45rXotk9MQaHo1HoY%2FRp0Qh%2BK8wmdHyjLmkfUuFPgXDG8dat7CEQrT9GBdWwC7waIEIflN0ape5054RkC%2FKZLobYagbrKWSQmow%3D%3D,foto-remota-validada,https://meli.la/1wce6B3
kit-de-metais-sanitarios-para-banheiro-fabricado-em-aco-inox-polido-espelhado-com-5-pecas-lu,Kit de Metais Sanitarios para Banheiro Fabricado em Aco INOX Polido Espelhado com 5 Pecas Luxo,Marca não informada,Acabamentos,foto-real-confirmada,sim,nao,https://http2.mlstatic.com/D_NQ_NP_701297-MLA106659169377_022026-O.webp,https://www.mercadolivre.com.br/social/edsonreiterconcatto?matt_word=edsonreiterconcatto&matt_tool=37292649&forceInApp=true&ref=BDH167Fcw%2BiFtErQb7YhyIFelXqi8Km97G4H580km6hWyx9PvzQMDn2aSqYIaGUUiBFp542VT12EruHPGEN2Wfy9B55QSuKKv%2FRFtclomGoHPT2SkllSfykAxPddPdruxriRtaEbIiwR%2FIKibVqMGP0HA%2B87Bns2joAAKxDXuhIUOBNlpi15nq%2BofLVdotjciJ4uuA%3D%3D,foto-remota-validada,https://meli.la/1xsqbHS
lustre-led-pendente-aneis-5-arcos-pe-direito-duplo-preto,Lustre LED Pendente Aneis 5 Arcos Pe Direito Duplo Preto,Marca não informada,Acabamentos,foto-real-confirmada,sim,nao,https://http2.mlstatic.com/D_NQ_NP_660086-MLA95695529742_102025-O.webp,https://www.mercadolivre.com.br/social/edsonreiterconcatto?matt_word=edsonreiterconcatto&matt_tool=37292649&forceInApp=true&ref=BKPXb9%2FTRHKyyTK%2FONMEqREAgd6JS%2FKl%2FjYEjXCdoSl4RpmhAosM%2Fk3jYme3blQI0szFHftCuggBsZ%2BojVcWk8A%2FZHcD4tCRDKh5X8cV9OyioxgQOfPFfjeGr7u6lzXEEEf%2F5Isr4ls3SBC8ytPt56Z28uX9rfMC3a%2BSKG5TFX6Q0l25HsnXeWNC9PCQbxDXmiEy3A%3D%3D,foto-remota-validada,https://meli.la/27Rsqeq
lustre-pendente-de-metal-cristal-bola-cromado-douradoe27,Lustre Pendente de Metal Cristal Bola Cromado Douradoe27,Marca não informada,Acabamentos,foto-real-confirmada,sim,nao,https://http2.mlstatic.com/D_NQ_NP_741996-MLB112712893786_062026-O.webp,https://www.mercadolivre.com.br/social/edsonreiterconcatto?matt_word=edsonreiterconcatto&matt_tool=37292649&forceInApp=true&ref=BIQcaXD8ha6TZ%2B6kSnRrQrrqVPdK%2FJKh1Hud7BWnXb1MeAGgHeSON7rVU3UUVb5MCccN3jdmzeKhRCaXrHtMWhfk%2FfmJlUJJ%2FSf7WKyBci0oeDHOzpsHWR6Ttzks1kqV1gQuS3vXFNgLRMfaz15xVY4EmxiUkJSTwDtDJB%2BsCYeLsemNFbVdUvJue2tw8LLoNSNHsQ%3D%3D,foto-remota-validada,https://meli.la/21c9A7d
manta-liquida-18kg-para-laje-telhado-e-parede-externa,Manta Liquida 18kg para Laje Telhado e Parede Externa,Marca não informada,Acabamentos,foto-real-confirmada,sim,nao,https://http2.mlstatic.com/D_NQ_NP_752936-MLB106363518698_022026-O.webp,https://www.mercadolivre.com.br/social/edsonreiterconcatto?matt_word=edsonreiterconcatto&matt_tool=37292649&forceInApp=true&ref=BOJ7bQDzxn3UV0u9KUFPXWnOZ5mYtvhx9eM5%2FlB%2BCbdsCFqxfhAph0E0sj%2BryawGraJcbOBbvJonymiQDQyqEiK7urvfQE2Y50ZzqrRa0XaOSNhUjF%2FgJdi8X3AjlBhSG5ZvEpAqbfellqptFkyF9k8Z1Hr1Mhq2qvNxIZ4kGOjGLRwWXKJGJtT3sxzpGsY33ukVrQ%3D%3D,foto-remota-validada,https://meli.la/31Sd7YL
manta-liquida-resistente-sol-e-chuva-resiflex-18kg,Manta Liquida Resistente Sol e Chuva Resiflex 18kg,Marca não informada,Acabamentos,foto-real-confirmada,sim,nao,https://http2.mlstatic.com/D_NQ_NP_640999-MLB112008939174_062026-O.webp,https://www.mercadolivre.com.br/social/edsonreiterconcatto?matt_word=edsonreiterconcatto&matt_tool=37292649&forceInApp=true&ref=BNeALKvChv2jKsF0KyCA8WQgLUYP35KKzFNm3vEkqTV2UfS4AIyq8G95iE9Bs5hwpXWx4%2BvJMB1MnbkdQM5JaWjqNpgpOLmCe4hzGF%2BGxCv19mk%2BfCfXTedh9%2BT5BqvlP7PPBsqW73FdaerCFap8p2zI4OmSQiNf598dPIrFscWaE3C9UyGdyAs2yf1qd8IQbyIqQw%3D%3D,foto-remota-validada,https://meli.la/2zb13G1
misturador-agua-quente-fria-cozinha-gourmet-6256c604-cromado,Misturador Agua Quente Fria Cozinha Gourmet 6256c604 Cromado,Marca não informada,Acabamentos,foto-real-confirmada,sim,nao,https://http2.mlstatic.com/D_NQ_NP_999791-MLB113902491924_072026-O.webp,https://www.mercadolivre.com.br/social/edsonreiterconcatto?matt_word=edsonreiterconcatto&matt_tool=37292649&forceInApp=true&ref=BIFgnMgb%2Bn4ZmEK8UCNZGsFdSQo5Mk77gJFcMk3k2f9FjyY18hLBlJVTo%2BcoPqqx6VIZI8BgTp%2BdCF%2BrVnroIftRfW3k81YFVGouxWOjliGk%2B1j1MbybAFB7u84DGHcTm%2BD2ATe3UCCD4B8LkRsn4cC%2FdozpNbFppQ%2BLFKAgIF49bJiy4JecHx0f53S2L4VTWvlYhw%3D%3D,foto-remota-validada,https://meli.la/1gVbrYW
monocomando-c-saida-p-filtro-de-filtro-ibiza-cromada,Monocomando C Saida P Filtro de Filtro Ibiza Cromada,Marca não informada,Acabamentos,foto-real-confirmada,sim,nao,https://http2.mlstatic.com/D_NQ_NP_903651-MLB114113020030_082026-O.webp,https://www.mercadolivre.com.br/social/edsonreiterconcatto?matt_word=edsonreiterconcatto&matt_tool=37292649&forceInApp=true&ref=BHdCweWK%2BuPRDQCkoCmgOmao7kAUdfu0TUCTqPCRoQRicAAdEw9ZSoKDJRJt%2Fw1LbMjsLfg6uSZ8bGZW6BnqAFFIKR6u6dBcAwdcDmz6p3iYVtlI7mwDEVTmXDoJ9Zy0TR%2Ff5WWn73qdzL%2FwJKAzgtQcA68bllxe6PIWv8cO831hrbXE6De%2BQwdT5VkCrkLf6Di8Dg%3D%3D,foto-remota-validada,https://meli.la/2a5Qrb7
pendente-luminaria-cristal-metal-quarto-banheiro-dourado,Pendente Luminaria Cristal Metal Quarto Banheiro Dourado,Marca não informada,Acabamentos,foto-real-confirmada,sim,nao,https://http2.mlstatic.com/D_NQ_NP_876993-MLA104874951035_012026-O.webp,https://www.mercadolivre.com.br/social/edsonreiterconcatto?matt_word=edsonreiterconcatto&matt_tool=37292649&forceInApp=true&ref=BN2u%2B%2Boac55P3yD7kS7agdLbulEwMoPCQ4ZIDqncWHRmtGxALDCuuNFzWLXHrN292FBfQjs%2BnvSDu70xOmLX%2FpcVirABxgSH0%2FZaptHs93F4WGe1b5rvqSTj5lBxdUJ%2BPTzjDCUmUBBFylVL1mP7OhoceLrDg1dfWNw4YEIGDKFzEDQAKXWqlgep%2Fbgjz8mOG3sT1w%3D%3D,foto-remota-validada,https://meli.la/2H767xR
pia-esculpida-branca-70x45-banheiro-porcelanato-polido,Pia Esculpida Branca 70x45 Banheiro Porcelanato Polido,Marca não informada,Acabamentos,foto-real-confirmada,sim,nao,https://http2.mlstatic.com/D_NQ_NP_780730-MLB115358844441_072026-O.webp,https://www.mercadolivre.com.br/social/edsonreiterconcatto?matt_word=edsonreiterconcatto&matt_tool=37292649&forceInApp=true&ref=BGJse1HSRPtFS%2BGuukTNUJfcBz3shYxiURcPDPGKgIUlAPyWuGn7eoxQkVlcluZgNJbX1ElgoLUnEa38ZpuUwFy6R4KCi3x%2FNmV7l4zKyc7ucHDi6dEvdh3ITeUYIfWI3dAue7tC%2B2M%2B2XitXsLX1FxbQx1vCVLMRdjMXOyLKi0rX8atVG15zqBWOM7tWw%2Fc7UR4DsuV6KkZB6uNwA%3D%3D,foto-remota-validada,https://meli.la/1iogK8N
pia-esculpida-branca-90x45-banheiro-porcelanato-polido,Pia Esculpida Branca 90x45 Banheiro Porcelanato Polido,Marca não informada,Acabamentos,foto-real-confirmada,sim,nao,https://http2.mlstatic.com/D_NQ_NP_820062-MLB115360266685_072026-O.webp,https://www.mercadolivre.com.br/social/edsonreiterconcatto?matt_word=edsonreiterconcatto&matt_tool=37292649&forceInApp=true&ref=BA55aLtRTQYygR6dqh7B2MOPz%2FLItO8YMIzC0pVirHEulZIwHOMWMuFLMvHZ6CrPg6dWWYj3k4fVe3fxTZeBhDmu5nbOwBzQeIiPKLGXkrGDO7RfFC2nvCNJy1ENSGjkVadq4G0qLtRLTsQIVWO4aYkE0KA77LMeH%2BFD%2F88Phu1Y8fqZyfgZg1AQmVUIqYgKEL1mmvoM5IyjL8Atgw%3D%3D,foto-remota-validada,https://meli.la/2DMV2R8
premium-acrilica-manta-liquida-18kg-emborrachada-impermeavel,Premium Acrilica Manta Liquida 18kg Emborrachada Impermeavel,Marca não informada,Acabamentos,foto-real-confirmada,sim,nao,https://http2.mlstatic.com/D_NQ_NP_773970-MLB107570273628_032026-O.webp,https://www.mercadolivre.com.br/social/edsonreiterconcatto?matt_word=edsonreiterconcatto&matt_tool=37292649&forceInApp=true&ref=BJyHfC8mAVrkkEl%2FDg%2Fu1WFbwvKDciigKeRIoJKQKslsqVl3bF0u0Qeh4tHFkPtQgGtQhHWXGM0kGNy2bp4saB3SsW8NU7ctE9W5JTdm1PuHuoZjHuCTGVEyk5TrLzYTbTyMqZvwwT114i3dkXZuye0kM4NG5FnEt%2FcWGBsJ9VwrRnn1z4ixrG%2BcZzD%2Bzcj6VKCQPOILdIiJMcqYLw%3D%3D,foto-remota-validada,https://meli.la/1q177dj
rejunte-acrilico-pronto-multi-uso-fungo-mofo-banheiro-1kg,Rejunte Acrilico Pronto Multi Uso Fungo Mofo Banheiro 1kg,Marca não informada,Acabamentos,foto-real-confirmada,sim,nao,https://http2.mlstatic.com/D_NQ_NP_796617-MLB90554089792_082025-O.webp,https://www.mercadolivre.com.br/social/edsonreiterconcatto?matt_word=edsonreiterconcatto&matt_tool=37292649&forceInApp=true&ref=BIqUwVWsUoNWC39M2rSZojFsnqSpzqfPt9HNcA5jkB%2BdG30nK4wx%2FoxGa9xRKkgxZtTXyKvdtpXddkGPhwp261Z0ETUMhVM0eOBvmmogDOaF3RHL6wYqUq4CT%2Bw1QwDnFPe0UOFg0Oda48FzOZbb%2FgoOjns6r8U9xOIve9Jysr8CX4kRBjk%2BTrnFb%2FXbzIrK1IbmNFflmh6DVdgG5A%3D%3D,foto-remota-validada,https://meli.la/1WtdUF5
rejunte-epoxi-piscinas-portokoll-azul-celeste-kit-10un,Rejunte Epoxi Piscinas Portokoll Azul Celeste Kit 10un,Marca não informada,Acabamentos,foto-real-confirmada,sim,nao,https://http2.mlstatic.com/D_NQ_NP_622939-MLB114196004120_082026-O.webp,https://www.mercadolivre.com.br/social/edsonreiterconcatto?matt_word=edsonreiterconcatto&matt_tool=37292649&forceInApp=true&ref=BKPbG8KVOBRp%2BJH60zzpf6jNssXHgX679k4A8%2BWHV7bCazSsGix68S674YIKhKMV7aOadzo3RQxaBDjwK%2BNkTe%2FLtHRcYEml78BX8xkEZxgALOx3rpvb4CCiKElfhkDqiU9UC4EZBWq8ocldaPx0rs%2BkEAGNBN6mZwb82gZPQPKVlHiJPC5nr6%2FZCn6pM%2FPeCQDqGzSVc1%2BUaCsy4w%3D%3D,foto-remota-validada,https://meli.la/1fDLgn6
selador-acrilico-de-parede-interna-e-externa-branco-pincel,Selador Acrilico de Parede Interna e Externa Branco Pincel,Marca não informada,Acabamentos,foto-real-confirmada,sim,nao,https://http2.mlstatic.com/D_NQ_NP_845297-MLB100083269300_122025-O.webp,https://www.mercadolivre.com.br/social/edsonreiterconcatto?matt_word=edsonreiterconcatto&matt_tool=37292649&forceInApp=true&ref=BLO8L0GVYyk1sOHQ4vyaXZ42eL0UpUA3ehTzMtSUMAr2G1CLiRb0Ke7UXCkwaN4SZwOdOWUdS7gDfSGKKlq%2Br0AsWpOAVgCKd09EKeTiAFbDyJ9Hi6B3gKgwsUMtO1DNatRS7v9w50x0NJWP0FjtsHGqm%2BkrIL8zlimVMFnGw0zqUEbJI4OlcicKq9K9mXWoZft5UQ%3D%3D,foto-remota-validada,https://meli.la/27dsRFy
tinta-emborrachada-ptelhas-18kg-impermeabiizante-poredoso,Tinta Emborrachada Ptelhas 18kg Impermeabiizante Poredoso,Marca não informada,Acabamentos,foto-real-confirmada,sim,nao,https://http2.mlstatic.com/D_NQ_NP_846396-MLB88814713202_082025-O.webp,https://www.mercadolivre.com.br/social/edsonreiterconcatto?matt_word=edsonreiterconcatto&matt_tool=37292649&forceInApp=true&ref=BNHYatAbJfqavbB0wCq5M9SAoHfnTrmoRvFs%2BjqtTUjdy7uAwLClUZhp5BgCRMT3s1d4qpreh0vwQJgQVlcgrFEq3M0nS4FmrRO9TnhRNyX70BmH3OXLObD6jizpybmunNthWT6NTV75Q4IcGfFiccmq1AxwVu5akokJUP3K4SdlnTzoeAsh0i4im9DufLlnsLHQmg%3D%3D,foto-remota-validada,https://meli.la/2uGsk4Q
toalheiro-termico-eletrico-grande-aluminio-branco-e-preto,Toalheiro Termico Eletrico Grande Aluminio Branco e Preto,Marca não informada,Acabamentos,foto-real-confirmada,sim,nao,https://http2.mlstatic.com/D_NQ_NP_892665-MLB112631299585_062026-O.webp,https://www.mercadolivre.com.br/social/edsonreiterconcatto?matt_word=edsonreiterconcatto&matt_tool=37292649&forceInApp=true&ref=BLLqbjFv9uB40jktBpwZhmYDd4ZEMawPr7X%2BA0kb4spJRGPuS57j9hmchBBp8cPD07rO2lnxgDGED1QSX4S5zaLoR38IWsZIfc3Fske4wt7yb4CoA1MQvi%2BgA0N%2F0fadaBbNXo8cO3p9V0f42EMr%2FYtg87Igaf3fwvEc%2BxeMiRyuTEsUwcJUky1Ysdl24mep8vxywA%3D%3D,foto-remota-validada,https://meli.la/2ZLi7j7
torneira-automatica-banheiro-lavatorio-bica-movel-mesa-5100-acabamento-cromado-cor-prateado,Torneira Automatica Banheiro Lavatorio Bica Movel Mesa 5100 Acabamento Cromado Cor Prateado,Marca não informada,Acabamentos,foto-real-confirmada,sim,nao,https://http2.mlstatic.com/D_NQ_NP_698385-MLA115768196563_082026-O.webp,https://www.mercadolivre.com.br/social/edsonreiterconcatto?matt_word=edsonreiterconcatto&matt_tool=37292649&forceInApp=true&ref=BFwCmBfxQouwa2cn58s8x4u8ahCcMwxfqQ450SIvH71miynQ4DhV0r4guRLFYdqLIV8%2B87pmlrAF1fpFzzmdr5x0V023a8LMIzDRdmI%2FCGJxx56QDVVFGpWd9WYV1w5dU0oliQ%2B9QBbPj9qA5eROSTywxQXALQ5iFySn2hJy9%2FfnfoGTq45SvNlncYfdYKnbNhKJKA%3D%3D,foto-remota-validada,https://meli.la/252twWQ
torneira-automatica-matic-para-lavatorio-c-temporizador-acabamento-cromado-cor-prateado,Torneira Automatica Matic para Lavatorio C Temporizador Acabamento Cromado Cor Prateado,Marca não informada,Acabamentos,foto-real-confirmada,sim,nao,https://http2.mlstatic.com/D_NQ_NP_773886-MLA106925560391_022026-O.webp,https://www.mercadolivre.com.br/social/edsonreiterconcatto?matt_word=edsonreiterconcatto&matt_tool=37292649&forceInApp=true&ref=BK%2Fqq4DTgM1%2B%2Bta9LM0OavNBhviaIURil8mMIYLQl2j0KONpx1QgOXFyi7JRyVvXjnBSPNV%2BnLUF%2FLQSUjm%2BMBKgNmBHhzOS33Xa0oUxX%2FNxl1B6VzTq3vdfWGdgWZqB4MQnn%2FrNCmdBH4cMk8%2Bmvpo1MfX0jx89dkvx1HS8%2Fpaved8SezQl1orzEqnCjjwpldlCNQ%3D%3D,foto-remota-validada,https://meli.la/2BjR3NU
torneira-cozinha-gourmet-monocomando-aco-inox-escovado-bico-flexivel-extensivel-360-misturad,Torneira Cozinha Gourmet Monocomando Aco INOX Escovado Bico Flexivel Extensivel 360 Misturador Monocomando Agua Quente Fria Pia Acabamento Premium Profissional Residencial Stillus Home,Marca não informada,Acabamentos,foto-real-confirmada,sim,nao,https://http2.mlstatic.com/D_NQ_NP_728348-MLA88426971851_072025-O.webp,https://www.mercadolivre.com.br/social/edsonreiterconcatto?matt_word=edsonreiterconcatto&matt_tool=37292649&forceInApp=true&ref=BMDInQkI9gjEGiOkyd3uX35FUSrlSGXKdKUwhBSSllhSfMgcmAxz9pJTxYAfRTPQ6wgKyjB6BQXIhpJQO4XBYXXZOce14GmNDw0%2FxBnRU30km6wBBG5e%2BEMPeiboNYAKwEsHslkD7MlQX%2B0FdIcHc7m5DSHGssUDneEh5D1J5movtAyKd9cWE43A5Xoyvf07MAZMVJI%3D,foto-remota-validada,https://meli.la/1pEF3Yg
torneira-cozinha-gourmet-monocomando-parede-ducha-flexivel,Torneira Cozinha Gourmet Monocomando Parede Ducha Flexivel,Marca não informada,Acabamentos,foto-real-confirmada,sim,nao,https://http2.mlstatic.com/D_NQ_NP_866251-MLB107743753961_022026-O.webp,https://www.mercadolivre.com.br/social/edsonreiterconcatto?matt_word=edsonreiterconcatto&matt_tool=37292649&forceInApp=true&ref=BFSB1v74vMKfx0t5%2BXJw5UMFwG76tDNCGQAOFJRPIwasHbU2OSqNkxk5onlFy3FjQ99Yzjdn6oJUkESBa6WYY5abPig1knNce24eyjyJw9Xaly6pv%2F1eXQgwv4Zq89qDptqpQRpm3zPVCb6gw7p5ELdag5kA2hesgqN7i12hve7FomwgaX7PxO4veiddDG%2FU6%2FvL4VLE8U4635xk9g%3D%3D,foto-remota-validada,https://meli.la/2NXAMUh
torneira-monocomando-para-banheiro-bica-baixa-acabamento-fosco-cor-preto-quente-e-fria,Torneira Monocomando para Banheiro Bica Baixa Acabamento Fosco Cor Preto Quente e Fria,Marca não informada,Acabamentos,foto-real-confirmada,sim,nao,https://http2.mlstatic.com/D_NQ_NP_966135-MLA111610222353_052026-O.webp,https://www.mercadolivre.com.br/social/edsonreiterconcatto?matt_word=edsonreiterconcatto&matt_tool=37292649&forceInApp=true&ref=BFFPpJsdFi%2FYY8eTFSOgCUbab8Hdyh0SAQAlf2%2FzAnHhcjaDdBUn%2FsODbIH1yu0aDLfn8EbDYqWkVRpq3vlVxgCZXXzpfuLHQsZRPHJPPFgRlxHLu1Dctqf5MG2LG%2FQR2Yn0EU1LkZbMmmo43HjQIax%2F6bnssJk29GEpgIoykhEHPcioTm7K%2FU8YkinvvxwlEtJMcqE%3D,foto-remota-validada,https://meli.la/1p5cRo1
torneira-monocomando-para-banheiro-bica-baixa-cromada,Torneira Monocomando para Banheiro Bica Baixa Cromada,Marca não informada,Acabamentos,foto-real-confirmada,sim,nao,https://http2.mlstatic.com/D_NQ_NP_703395-MLB101619129023_122025-O.webp,https://www.mercadolivre.com.br/social/edsonreiterconcatto?matt_word=edsonreiterconcatto&matt_tool=37292649&forceInApp=true&ref=BAcLjmrGVqCJPvJgtgA4tY9ruwXGxiJdF%2BWrJ1qZBad5SJyvxWLGxXnb0c0rrdyL8uL8%2F00O5cq8kKXlyvVwZ1Be0485SoWKEDL7XfzZSJXi3hqygMtFX3pl3XaJuUvx25nQnY5WxY%2BqclrfiSRFBoZGYPPfTKgwvdOp6T3fkJOJF09AJ%2Bt%2BdalUOQ1GU6DhM8JyZGPiyUYBYNPWgw%3D%3D,foto-remota-validada,https://meli.la/2FK369g
torneira-de-cozinha-monocomando-fria-360-giratoria-angulo-ajustavel-cromado-aco-inox,Torneira de Cozinha Monocomando Fria 360 Giratoria Ângulo Ajustavel Cromado Aco INOX,Marca não informada,Acabamentos,foto-real-confirmada,sim,nao,https://http2.mlstatic.com/D_NQ_NP_968069-MLA112626655486_062026-O.webp,https://www.mercadolivre.com.br/social/edsonreiterconcatto?matt_word=edsonreiterconcatto&matt_tool=37292649&forceInApp=true&ref=BOGtgvTz0tBgrNHPd0VJmm7v2GC51GVS334%2FIZSs6MMEFUMpoTMA9E1TtSmodNPGYQLXEON5L8ASuzyYTiWsRgaAne2%2BxLX7TIYvcyhxYRbN9C1bZnhbAUtcfAhxUv8IkoonCdRPqVlnzXpYeDRiv3dTbFumwTs983ecsoIeZ5afTsu3BFupwlYo%2FZq3RMfY7hO%2FNOk%3D,foto-remota-validada,https://meli.la/2rCheML
torneira-para-banheiro-link-1197clnk,Torneira para Banheiro Link 1197clnk,Marca não informada,Acabamentos,foto-real-confirmada,sim,nao,https://http2.mlstatic.com/D_NQ_NP_674179-MLA111751655149_052026-O.webp,https://www.mercadolivre.com.br/social/edsonreiterconcatto?matt_word=edsonreiterconcatto&matt_tool=37292649&forceInApp=true&ref=BGLDno9raJEeQj9nqfjpCPuDMTwPpXwUHXgmd2Mt5gDvgp%2FsehFevwmSb0oYZDX7eD%2BDd0jBIJCM5SQT5CZouj8%2BlYI96H20CJ4qu4rozqeCqwyfFXj2lF2GbDOy3gqrZnZnXiICBBhCvU84sFgOUrmkNujiHYIFANy%2BzkwfMB%2F8rr0urq58VnZLxE51G6YAc418ig%3D%3D,foto-remota-validada,https://meli.la/228hRU6
torneira-para-cozinha-cromado-pia-domestica-agua-fria-duravel-brilhante-pode-girar,Torneira para Cozinha Cromado Pia Domestica Agua Fria Duravel Brilhante Pode Girar,Marca não informada,Acabamentos,foto-real-confirmada,sim,nao,https://http2.mlstatic.com/D_NQ_NP_614580-MLA113794577849_062026-O.webp,https://www.mercadolivre.com.br/social/edsonreiterconcatto?matt_word=edsonreiterconcatto&matt_tool=37292649&forceInApp=true&ref=BDL7jdspmCMoxqN4qpUtCN1rqKBbmq4Keitwmkf14OwjRezTq9awjb7tsSzlT4RbVYPp%2FZjb5g6yYx%2F2dWP4NHATIGq%2BKeqVWItu8mISUID4wEG%2B%2FlQozfcoHQjnDcql6eC3VUOgbvIpSmyt6JsQJLS9w5lbaKa%2Bpbt%2FWU9vFTrFbUdxhLsxCm%2Fu1QJdhwn0kcL%2BUWk%3D,foto-remota-validada,https://meli.la/1xB8Pwd
vaso-bacia-sanitaria-preto-fosco-monobloco-plezi-inowar,Vaso Bacia Sanitaria Preto Fosco Monobloco Plezi Inowar,Marca não informada,Acabamentos,foto-real-confirmada,sim,nao,https://http2.mlstatic.com/D_NQ_NP_734026-MLA96140086799_102025-O.webp,https://www.mercadolivre.com.br/social/edsonreiterconcatto?matt_word=edsonreiterconcatto&matt_tool=37292649&forceInApp=true&ref=BOnvpYU7PxNOfeo8yOuyhFKXkIaHxxFoVXyCRe%2BOnr0HVrunUBiPp5rcDY%2FYTut34yM8FxfXNSFXaoOVo1ecSRKxp2Y%2BrYz86aHrG%2FCAHDWaZS2go6v6DFSmLOuHNh3toocOpujtZzrwzhpp3ULUJ1aJCOGK5PQD%2FYE4RmyNrUWdbIBSe4MF9nDU%2FjaBGPYCrARNOQA%3D,foto-remota-validada,https://meli.la/1sUFxoD
vaso-sanitario-caixa-acoplada-hervy-loucas,Vaso Sanitario Caixa Acoplada Hervy Loucas,Marca não informada,Acabamentos,foto-real-confirmada,sim,nao,https://http2.mlstatic.com/D_NQ_NP_834365-MLB114193257572_082026-O.webp,https://www.mercadolivre.com.br/social/edsonreiterconcatto?matt_word=edsonreiterconcatto&matt_tool=37292649&forceInApp=true&ref=BO363gDqsERG1YxJO0AkvHKvPVarXyFkcf4XdvmO9a%2BdV2kbKLUJFbRSyL0%2BjN4W1HAqhvvI1AipBzGdMvby0BaVVF5vbLW6Kv8BXm5j85CAhpF1IiqXtixcf6uZynZeXSMoLVjxayzKuWKKPnIeNc9Q9HbQaSFBbv%2F%2FFupVEOlPmjPfKTdZn%2BEONcJ0PfZuvtGgwC7jtgDo7BQgNQ%3D%3D,foto-remota-validada,https://meli.la/25tg9BG
vaso-sanitario-monobloco-caixa-acoplada-completo-privada-co5-cor-miami-w-lux,Vaso Sanitario Monobloco Caixa Acoplada Completo Privada Co5 Cor Miami W Lux,Marca não informada,Acabamentos,foto-real-confirmada,sim,nao,https://http2.mlstatic.com/D_NQ_NP_797296-MLA96151309389_102025-O.webp,https://www.mercadolivre.com.br/social/edsonreiterconcatto?matt_word=edsonreiterconcatto&matt_tool=37292649&forceInApp=true&ref=BF%2B2XYr47ialRBhR81KjwTwXLsBPCB%2B6evTvULtXI4udY3kyb5bXxNhy6WJ6GsiWU6srqbWd0PUPW3PvfL8mcQzJKyqCoYjT%2FEef0HNPG971Ap9nHHs0swZhU0DM4AhddflnrjQUTcSkrwJuJaTT0Rz7K90u9wtou6cLKeBi1VVoEcC%2B29EMRgxZ6t6dC6Q7JWGXUg%3D%3D,foto-remota-validada,https://meli.la/2mtTgLa
vaso-sanitario-monobloco-malta-branco-com-dourado-axori,Vaso Sanitario Monobloco Malta Branco com Dourado Axori,Marca não informada,Acabamentos,foto-real-confirmada,sim,nao,https://http2.mlstatic.com/D_NQ_NP_726721-MLB112720526574_062026-O.webp,https://www.mercadolivre.com.br/social/edsonreiterconcatto?matt_word=edsonreiterconcatto&matt_tool=37292649&forceInApp=true&ref=BOHAK5fHyIp6muWbt%2FokZCHdrSzHH%2FPH9uQc%2BGTVoPW2qXQEIe5tprrGztc7b47LtZG%2FtwD8yv%2FrtJYjkf8rNMp%2BVrO%2FcqO7LV6Z4zzgKa3WBL5p7lEP0S4Ge6WySpbBiRJBdlNB83Bt6%2BZ%2FgRsLoYaXKAM4zxm0WHcKINIXPbKHEH2AQyLi1e9wQTXGkTGMLCPf4A%3D%3D,foto-remota-validada,https://meli.la/2Po7LG5
vaso-sanitario-tubrax-monobloco-vab0002-branco,Vaso Sanitario Tubrax Monobloco Vab0002 Branco,Marca não informada,Acabamentos,foto-real-confirmada,sim,nao,https://http2.mlstatic.com/D_NQ_NP_605952-MLB114192758764_082026-O.webp,https://www.mercadolivre.com.br/social/edsonreiterconcatto?matt_word=edsonreiterconcatto&matt_tool=37292649&forceInApp=true&ref=BEV2CICaxLAlAAGLhls2UCexIYfs%2FC87AZZmRFXxQpEM1WfIj%2BQTpyqh2xwx%2B2lf6dRtwSJGaq3BwEcBhW%2F%2BnWYb0hFNmRrLY%2FXkBoI2OIYPNYCfgPtNbPs1P04LJU5el2H%2FSCUSLkSqeUQQ4usw70vEbu%2B6TEaQqGBCVwBqQ0214SBb%2FBYH6DtshS29eDUqWd03UdDGq4jbbHuFhQ%3D%3D,foto-remota-validada,https://meli.la/2YrFC6m
fechadura-externa-pado-sara-55mm-roseta-quadrada-cromada-cor-cromado,Fechadura Externa Pado Sara 55mm Roseta Quadrada Cromada Cor Cromado,Pado,Acabamentos,foto-real-confirmada,sim,nao,https://http2.mlstatic.com/D_NQ_NP_890116-MLA99928247671_112025-O.webp,https://www.mercadolivre.com.br/social/edsonreiterconcatto?matt_word=edsonreiterconcatto&matt_tool=37292649&forceInApp=true&ref=BLgsYUkU%2BiY56V6GuRFld1o3gE6JUBfGeIYsgVRvFHS74q%2FZJ%2BYj7XWegmSrfwpQWFQNuPTHYdVAtBEMLC1NkZYcZtroM2PvuAjbySTzjfJLae9PUDWIU4yz4pcQr9fO6MCCW9Y8U%2B%2Fm77TDeAqXtTENUtvtDx14ZbmcD%2Ft8ohGQsejbCXWrzME3sNDnvicp15TIPKk%3D,foto-remota-validada,https://meli.la/2eFMAht
fechadura-externa-roseta-quadrada-cromada-karli-55mm-pado,Fechadura Externa Roseta Quadrada Cromada Karli 55mm Pado,Pado,Acabamentos,foto-real-confirmada,sim,nao,https://http2.mlstatic.com/D_NQ_NP_643940-MLA99520018686_112025-O.webp,https://www.mercadolivre.com.br/social/edsonreiterconcatto?matt_word=edsonreiterconcatto&matt_tool=37292649&forceInApp=true&ref=BAPibJe%2BYibNPGGuFQUzAxwudweoq5U0ksi5mUXULJR0mnmEAG7CjdtnERffqmfG1TxvSNksg%2Fk2XSXiANGJlg2tMinntwR0yCSI1a9C1FXTBKpt3UXygFZKFHdNB1fIdwBZppQucwMqHm%2FMo%2BvSpQrBN9VoFt%2Fck%2FpuOVppmVhwL20r3GIa5jsAK6kDLXJEFbizssACH5dHZOxQzVIhbQjbes4UVwkL%2BO2WHw%3D%3D,foto-remota-validada,https://meli.la/21vB188
fechadura-interna-pado-karli-roseta-quadrada-cromada-55mm,Fechadura Interna Pado Karli Roseta Quadrada Cromada 55mm,Pado,Acabamentos,foto-real-confirmada,sim,nao,https://http2.mlstatic.com/D_NQ_NP_694727-MLA95521599728_102025-O.webp,https://www.mercadolivre.com.br/social/edsonreiterconcatto?matt_word=edsonreiterconcatto&matt_tool=37292649&forceInApp=true&ref=BExOTVeJU7WF32AXqhYW9YBgMwHvp%2BOjPm7Tr%2FVeq%2F9IrrgS%2FwLQZwVNF0R71kFNFN8GV6pUGKHbKrV9kJfp4PzifvOR2nTo62%2FNk%2F6t25YEMfTfYESwHIlbJXeiSol4KzjIF39mmlGmULFUx%2FmtuX%2By8TfkDZ9SgFBii6dqC5AvvaE8BACxC0wfdsznV6ITSYD72Fw%3D,foto-remota-validada,https://meli.la/2qjWWNp
fechadura-pado-externa-55mm-acqua-star-cromado-alto-padrao-cor-cromada,Fechadura Pado Externa 55mm Acqua Star Cromado Alto Padrao Cor Cromada,Pado,Acabamentos,foto-real-confirmada,sim,nao,https://http2.mlstatic.com/D_NQ_NP_689432-MLA95134709034_102025-O.webp,https://www.mercadolivre.com.br/social/edsonreiterconcatto?matt_word=edsonreiterconcatto&matt_tool=37292649&forceInApp=true&ref=BNfvBg0OOuqdHyke7hIU4%2Bhx23SKLmr0RGSs9qPPGvEKVYvGXzcYYrSLtIWnW1hh9CRKofqHAllIMuxCNbNRBqcpJPWuXyPVOIpkvsurPfsNe3Of8rE7OBudbku47Ot5bhPft86hRhgQXtf9ZN9NzzbWA1fwXJj7OkBXLrS69wPGxR0M0ZxP2PQflecYIiFmOC8OxBQ%3D,foto-remota-validada,https://meli.la/3337rAC
rejunte-acrilico-superfino-2kg-quartzolit,Rejunte Acrilico Superfino 2kg Quartzolit,Quartzolit,Acabamentos,foto-real-confirmada,sim,nao,https://http2.mlstatic.com/D_NQ_NP_843738-MLB111627807822_062026-O.webp,https://www.mercadolivre.com.br/social/edsonreiterconcatto?matt_word=edsonreiterconcatto&matt_tool=37292649&forceInApp=true&ref=BFfmAcy0RQIK11El0x5hMM30RCfHQmc3HP1dAY8Rl5cWgcT57zUOKnlIpUH6cfpX8JzGzIrWCLZkKmL8SZDX4gIkH7aZIYzaqYbPaAJ36Jv9AbeDti9Qbvs2FSeTMEC9hitbWNcOadDK29rVOXx9IkXDfY%2BgmIm4qDJtUovFGezOQyO86xHhIP12%2F%2FMAz59McMUc8w%3D%3D,foto-remota-validada,https://meli.la/2U4xmT6
rejunte-acrilico-weber-quartzolit-1kg-cores-cor-branco,Rejunte Acrilico Weber Quartzolit 1kg Cores Cor Branco,Quartzolit,Acabamentos,foto-real-confirmada,sim,nao,https://http2.mlstatic.com/D_NQ_NP_638974-MLA99435837790_112025-O.webp,https://www.mercadolivre.com.br/social/edsonreiterconcatto?matt_word=edsonreiterconcatto&matt_tool=37292649&forceInApp=true&ref=BGJTw8LfzDAspJmdGbK7bY8PkDCTivzwmy4m7npqM0LxNXEzbzt0rtRb9otO2V5T4quEUay43jN1sg93cTc5%2FsnDaIuyyyVy9ggst36%2FcWynPa1c09fyRdLsZ9dR01ozjb2a%2F3D6DQnhJr6Qw88paxK0oJhHUWEMbeBnOIVrdrZyGd9%2BPLmEq0NlsT6rSw09wflWBw%3D%3D,foto-remota-validada,https://meli.la/1ieJodN
rejunte-epoxi-super-facil-1kg-quartzolit-varias-cores,Rejunte Epoxi Super Facil 1kg Quartzolit Varias Cores,Quartzolit,Acabamentos,foto-real-confirmada,sim,nao,https://http2.mlstatic.com/D_NQ_NP_730609-MLB89578303033_082025-O.webp,https://www.mercadolivre.com.br/social/edsonreiterconcatto?matt_word=edsonreiterconcatto&matt_tool=37292649&forceInApp=true&ref=BHF9uWNOiLJNIG42%2FZx917xCaLE6rfz1YtMZwasl87MHbclDOhsFL%2FPVhNye5QT0zUmEsp%2FN8GDgqyyuFJz1V3xBkgG7aTNLSzXpaew6%2BjBZRUHMkzzfh8apKntru1YL0QHgauRCKcnIKeH13PeUzOzFy89PpmLR%2F2FvcIwaLFngUAhme5fTLQKwxh7UD%2BGXL%2FYYNQ%3D%3D,foto-remota-validada,https://meli.la/2z4CXq6
rejunte-epoxi-superfacil-quartzolit-1kg-branco,Rejunte Epoxi Superfacil Quartzolit 1kg Branco,Quartzolit,Acabamentos,foto-real-confirmada,sim,nao,https://http2.mlstatic.com/D_NQ_NP_694086-MLA99574280098_122025-O.webp,https://www.mercadolivre.com.br/social/edsonreiterconcatto?matt_word=edsonreiterconcatto&matt_tool=37292649&forceInApp=true&ref=BGRV3zNzjprDc4b2h0WKPGhjbrQCEJERNWykvz%2BTch1dsVAQhE8BRKqGqFrUquHF%2FEgfhW3G9TUiFAlf1FkLkDu239jnmSuZiIBxKyrvMsG3uHnODPocOVwcrk127WgGKxaZNEjIDjiUvx%2FCduLKK8SH4p53uqW1fe57SwWxNAtAP4eZQYnTCqqi5G1exvMmJxzN7vg%3D,foto-remota-validada,https://meli.la/27jAmDJ
fechadura-porta-externa-80335-escovado-roseta-aco-inox-stam,Fechadura Porta Externa 80335 Escovado Roseta Aco INOX Stam,Stam,Acabamentos,foto-real-confirmada,sim,nao,https://http2.mlstatic.com/D_NQ_NP_902587-MLA99375993498_112025-O.webp,https://www.mercadolivre.com.br/social/edsonreiterconcatto?matt_word=edsonreiterconcatto&matt_tool=37292649&forceInApp=true&ref=BNjp3rEDkk%2BOc%2FdovSuQ%2BznZsHm2Mj8cu3vYThuZpBdyBSSizEV1rJ7sPHmtyXPzfOnfFhue%2FBiZlwvMwwKGc4wF8J2Pk9TBErPBcPO9NG4IjAG%2FZc70yyuV9zJk7y9LVwFFRR71k%2FwckiHGS5GP2umcwFGLhVFMyzOVR83MWaBddmNm3DQZJG8O4V%2Fn2%2BHUFgLdnA%3D%3D,foto-remota-validada,https://meli.la/1Tairtv
massa-corrida-suvinil-25kg,Massa Corrida Suvinil 25kg,Suvinil,Acabamentos,foto-real-confirmada,sim,nao,https://http2.mlstatic.com/D_NQ_NP_652210-MLA99451427424_112025-O.webp,https://www.mercadolivre.com.br/social/edsonreiterconcatto?matt_word=edsonreiterconcatto&matt_tool=37292649&forceInApp=true&ref=BMlnkk7Po%2FDb%2FshE2H%2FwENXQenHDUNZcNddRKL593lT%2BX5nF9UvalZIT%2BguD9QppGPc2Q%2BF9d02RLyncH8mnMIDW%2BLbNJRbyyrPF7WkScbXw2S7bZhnqwUse0Gbv85yFP67Mr3LDOaISk970njCXOSSluc4VW%2FOAOR%2BaWxGD5rAIlfeXp8QAm8ei1IimaiWjG%2FjsrkU%3D,foto-remota-validada,https://meli.la/2XCV9mn
lustre-pendente-taschibra-anne-20cm-leitoso-e27-bivolt-estrutura-preto,Lustre Pendente Taschibra Anne 20cm Leitoso E27 Bivolt Estrutura Preto,Taschibra,Acabamentos,foto-real-confirmada,sim,nao,https://http2.mlstatic.com/D_NQ_NP_844706-MLA95554948807_102025-O.webp,https://www.mercadolivre.com.br/social/edsonreiterconcatto?matt_word=edsonreiterconcatto&matt_tool=37292649&forceInApp=true&ref=BGmu0wcxZyvthbO8wnKjZrYLbZ7jrJYUh1Qw7ceYMgYuTV1TaCzoTVdPljQ%2BRI1ICIKzOKRKXwrPJF3AzXW3%2F98LJknWej3Psa5CoUIUe6FvTNOjTdCA6b0XYnhN2U1zJLlBHUKyKvHEzPgbj%2FcnePSwNuIDhQi2%2B39ezE34xxBBLo9By%2BuQ9fFGSolKvaOJaL%2BwyVU%3D,foto-remota-validada,https://meli.la/2u1aJ1R
intelbras-mvw-7070,Intelbras MVW 7070 Vídeo Porteiro IP Wi‑Fi,Intelbras,Acesso inteligente,foto-real-confirmada,sim,nao,https://http2.mlstatic.com/D_NQ_NP_734483-MLA95638059122_102025-O.webp,https://www.mercadolivre.com.br/social/edsonreiterconcatto?matt_word=edsonreiterconcatto&matt_tool=37292649&forceInApp=true&ref=BIm034S%2BZkK0YnnMtXtNbnN68D%2BTALNqjwIrZPsY904K1PCrIW%2BeNlMKic32sWZhvVrRkoPquf5iNyroz9J08JrMqqx%2B57vGmU3aXK5qFd4jUBaGhgqK%2FkdVe2GZaRbMclWIute3cqPOcnCelZYUcrBrsPncKQoORdihkdS03uTJUzYC8h3qjI%2F1wDAo%2FJ6LcHbIKKteS3SPBN1PLiS4XzMFpJmycGakqfwbqsWZgBU%3D,foto-remota-validada,https://meli.la/2AzybR3
ring-video-doorbell-2nd,Ring Video Doorbell 2ª Geração,Ring,Acesso inteligente,foto-real-confirmada,sim,nao,assets/produtos/ring-video-doorbell-2nd.webp,https://ring.com/au/en/products/video-doorbell-v2/,oficial,https://meli.la/1hiCkZL
electrolux-air-fryer-family-efficient-eaf51-5l-1700w,Electrolux Air Fryer Family Efficient EAF51 5L 1700W,Electrolux,Air Fryer,foto-real-confirmada,sim,nao,https://http2.mlstatic.com/D_NQ_NP_994985-MLA99935759485_112025-O.webp,https://www.mercadolivre.com.br/social/edsonreiterconcatto?matt_word=edsonreiterconcatto&matt_tool=37292649&forceInApp=true&ref=BBxWXpdHG4E8JGWA2UYNMHMscFyIs0%2FHhPOMov14Am8F5z2s3OJWrFzskw8vDTL%2FV0LB2%2BzUp%2B3KUf1dMfZv%2B1HsioE2xZtxcbkZz06Vv8dRkAIlEpjyl5CoyWRKcATPtAJ6WlZ%2BcfCcQ04Ujbsi1dSbi4fsGlhqiuP35Vqj6SFlqoznpl7SRUAfHqNRJwUc5WbL0A%3D%3D,foto-remota-validada,https://meli.la/2ncTcss
electrolux-air-fryer-oven-eaf90-12l-1700w,Electrolux Air Fryer Oven EAF90 12L 1700W,Electrolux,Air Fryer,foto-real-confirmada,sim,nao,assets/produtos/electrolux-air-fryer-oven-eaf90-12l-1700w.webp,https://content.electrolux.com.br/brasil/electrolux/EAF90-24/index.html,oficial,https://meli.la/34aMV3Q
electrolux-grand-air-fryer-eaf30-4l-1400w,Electrolux Grand Air Fryer EAF30 4L 1400W,Electrolux,Air Fryer,foto-real-confirmada,sim,nao,https://http2.mlstatic.com/D_NQ_NP_685737-MLA99989847119_112025-O.webp,https://www.mercadolivre.com.br/social/edsonreiterconcatto?matt_word=edsonreiterconcatto&matt_tool=37292649&forceInApp=true&ref=BAPcpxDotvm4Ch1XYRvTPUMWidoXKCyIOnukLHbtsXX%2Bm8XxKww%2B32%2B1Q%2BR9ZY8qowBDSfz6elmpeWphVpsI7%2F0SfzYTJnriDlG577I%2FvAfJml77iesmFHrgTRhUKb423Hb1ntGc3YN0vyHvRjEzYZGbVfLZgOouzb%2BlL6OdG5ADtSFOEaZSsShxZ84Xf3AMrStRQLi%2FXXeFa2gCgDRZDwu4eD%2F74w%2FQg1jn%2Fw%3D%3D,foto-remota-validada,https://meli.la/2vSe4CR
mondial-air-fryer-forno-afon-12l-bg-12l,Mondial Air Fryer Forno AFON-12L-BG 12L,Mondial,Air Fryer,foto-real-confirmada,sim,nao,assets/produtos/mondial-afon-12l-bg.webp,https://www.mondial.com.br/air-fryer-afon-12l-bg-127v-60hz/p,oficial,https://meli.la/1sp7rk2
philips-walita-airfryer-forno-ai551-08-12l,Philips Walita Airfryer Forno AI551/08 12L,Philips Walita,Air Fryer,foto-real-confirmada,sim,nao,assets/produtos/philips-ai55108.webp,https://www.philips.com.br/c-p/AI5510_08/airfryer-forno-serie-5000,oficial,https://meli.la/1Vk9P43
philips-walita-airfryer-serie-3000-xl-ri9270,Philips Walita Airfryer Série 3000 XL RI9270,Philips Walita,Air Fryer,foto-real-confirmada,sim,nao,assets/produtos/philips-ri9270.webp,https://www.philips.com.br/c-p/RI9270_90/airfryer-serie-3000-xl,oficial,https://meli.la/1ZZEEQq
amazon-echo-dot-5,Amazon Echo Dot 5ª Geração,Amazon,Assistente inteligente,foto-real-confirmada,sim,nao,assets/produtos/amazon-echo-dot-5.webp,https://www.amazon.com.br/Echo-Dot-5%C2%AA-gera%C3%A7%C3%A3o-Cor-Preta/dp/B09B8VGCR8,oficial,https://meli.la/1fUL5Un
amazon-echo-pop,Amazon Echo Pop,Amazon,Assistente inteligente,foto-real-confirmada,sim,nao,assets/produtos/amazon-echo-pop.webp,https://www.amazon.com.br/Echo-Pop-Cor-Preta/dp/B09WXVH7WK,oficial,https://meli.la/33NtYBJ
amazon-echo-show-8,Amazon Echo Show 8,Amazon,Assistente inteligente,foto-real-confirmada,sim,nao,https://http2.mlstatic.com/D_NQ_NP_607134-MLA96611784341_102025-O.webp,https://www.mercadolivre.com.br/social/edsonreiterconcatto?matt_word=edsonreiterconcatto&matt_tool=37292649&forceInApp=true&ref=BPRVQGPIzzR8mI3Jhzz4iI%2BlvslrpoWO26lEDj3OUqHHk6jGsZuZUo9t%2BJXRxUwQRncQpNrVDsltERs39%2BGYaQI4gVmKJIK5ZNyCtrjDgfHzGSLY8KmO3gN187AurJAgpL4hzZxWmjfYlY7QSfgQLGRJU%2BBYp%2B1N%2BHjcMvNRRv0EsWySaRMG1YN6ZCwgWoHPVosKNMo%3D,foto-remota-validada,https://meli.la/2XnR4jN
arno-bake-easy-km10-batedeira-planetaria,Arno Bake Easy KM10 Batedeira Planetária,Arno,Batedeira,foto-real-confirmada,sim,nao,https://http2.mlstatic.com/D_NQ_NP_935272-MLB99583267804_122025-O.webp,https://www.mercadolivre.com.br/social/edsonreiterconcatto?matt_word=edsonreiterconcatto&matt_tool=37292649&forceInApp=true&ref=BMAqcJzeS30Xvt%2FG3o4ghis4J8cCLNQ3czDeGMKbFD0mE262K5CWlSLHCG7O90ZogvtAYX5GeWkWw%2Bm%2FqRIR6htlZJ2n1Eysl87nvGv5RmG%2B%2FGXWTWdRlbMDBNeU5r%2BqroD7N2rQPS82cVZ9YtDcO7n3dfd1sM28QmJkutAsMHhIg1ig17QFUCylfxCjSyB0E%2FfMwAG15x%2F4gANKww%3D%3D,foto-remota-validada,https://meli.la/254s7LA
arno-mini-chef-batedeira-portatil-400w,Arno Mini Chef Batedeira Portátil 400W,Arno,Batedeira,foto-real-confirmada,sim,nao,https://http2.mlstatic.com/D_NQ_NP_740436-MLA108941819020_032026-O.webp,https://www.mercadolivre.com.br/social/edsonreiterconcatto?matt_word=edsonreiterconcatto&matt_tool=37292649&forceInApp=true&ref=BJTd%2BHof3z0xAaVcJXTkT6MOArh49ocXh8nmLYPuxHO%2B4ELJ4Eyae6OUayS868PYqaN6JmzbmjUmG0y0NckldhXr2BIEu4ZIAoM5dHd%2BqStuH2Rnd3qOKMOIpiusTkVnLAj72JHJ4bWrqDvgklMvSH4vgmtgfW9oItnLkJX7LRfv%2F3%2FKFa%2Bm78QitGkdNILLPu%2FGz10%3D,foto-remota-validada,https://meli.la/1XKibxD
arno-planetaria-deluxe-sx33-270w,Arno Planetária Deluxe SX33 270W,Arno,Batedeira,foto-real-confirmada,sim,nao,https://http2.mlstatic.com/D_NQ_NP_952297-MLA111757012499_052026-O.webp,https://www.mercadolivre.com.br/social/edsonreiterconcatto?matt_word=edsonreiterconcatto&matt_tool=37292649&forceInApp=true&ref=BDaTOq1%2FQBr7UfME2n7vW8jN2UWDzwP%2Ftr7RtniR0GdnHtEFjNWqs1isdBNrj06dgDF0lB6b8I2VPOJ9okYatdUulrTGLoKbMZ%2BscywO%2F9eH5tWEby%2F%2Fw%2B%2Bx1kwj4pfnLQDqN9aZG0cr7f3EVw77y0othsKC602fN4Y3hfZ%2FwoDJNqKVhlk7c3GJPNlv%2FsFGZNhonjQ%3D,foto-remota-validada,https://meli.la/1QtpeVJ
mondial-b-44-b-batedeira-pratica-400w,Mondial B-44-B Batedeira Prática 400W,Mondial,Batedeira,foto-real-confirmada,sim,nao,https://http2.mlstatic.com/D_NQ_NP_877834-MLA99469550350_112025-O.webp,https://www.mercadolivre.com.br/social/edsonreiterconcatto?matt_word=edsonreiterconcatto&matt_tool=37292649&forceInApp=true&ref=BPQ7ZvYkitINw9ix%2BuukVV3uBtSYZOHHpy0ReNqRYUBUSwaAV2ZL7kJB5jh7ChSZ%2BscurTbWURzpmaOHrU8XApK8JlqCRTkFgDyuRz2g06xCkPnu0yOrWz2TwWC%2BdFCGZMcJNVeM9Wb7GDb5pFb7oFOuKhSItENQ6EpmwxXAYeV88uT5tf8EvbvbXCq2r17myxHSPaU%3D,foto-remota-validada,https://meli.la/1VkWBvp
mondial-bp-03-b-batedeira-planetaria-700w,Mondial BP-03-B Batedeira Planetária 700W,Mondial,Batedeira,foto-real-confirmada,sim,nao,https://http2.mlstatic.com/D_NQ_NP_876522-MLA99990720373_112025-O.webp,https://www.mercadolivre.com.br/social/edsonreiterconcatto?matt_word=edsonreiterconcatto&matt_tool=37292649&forceInApp=true&ref=BER7B2fToLds%2Bitnln9qCm6ySf03LNV8OTehgn2QJSR3C3NnDtnLNyWGiOIVuaxo%2BQ0b9hh%2FRCJpT3pCycKDGti%2BCTwRsq9SpJ7LdDhUI5r6WczXxclyJAsxLXmrI7aD%2FuTmQvblXAi6slcJ346qJ20ovHBPd6arBI19B69OczYOvi9Wcpo292Xa%2B9PP6CntH3eiQ%2BQ%3D,foto-remota-validada,https://meli.la/2mW264U
oster-batedeira-planetaria-digital-bowl-inox-5l,Oster Batedeira Planetária Digital Bowl Inox 5L,Oster,Batedeira,foto-real-confirmada,sim,nao,https://http2.mlstatic.com/D_NQ_NP_650500-MLA99508215274_112025-O.webp,https://www.mercadolivre.com.br/social/edsonreiterconcatto?matt_word=edsonreiterconcatto&matt_tool=37292649&forceInApp=true&ref=BK05RyOaSMb4XvnXqQSEmUCBy9acDS4H94YizlylGkJKYy9uorteh4DNu37QzGBbKHNBA3OEg4eRrIexroLjYHvK6y7wTDTe4I8PxeysFNNkDhAVQ2cGaeI%2F%2B4ppMUuQjMJhFiE2FH2rRW1ZiSDEIpMgeagHmB22hDBb4aOV%2F7OA%2Bx%2BFNX5DNV97WFo%2BgK0bqaOC%2BmI%3D,foto-remota-validada,https://meli.la/2ztDC7U
oster-planetaria-black-iii-obat640-850w,Oster Planetária Black III OBAT640 850W,Oster,Batedeira,foto-real-confirmada,sim,nao,assets/produtos/oster-obat640.webp,https://www.oster.com.br/batedeira-planetaria-oster-black-iii/p,oficial,https://meli.la/19Co8Ss
arno-nescafe-dolce-gusto-genio-s-plus-dgs2,Arno Nescafé Dolce Gusto Genio S Plus DGS2,Arno,Cafeteira de cápsulas,foto-real-confirmada,sim,nao,assets/produtos/arno-genio-s-plus.webp,https://www.arno.com.br/nescafe-dolce-gusto-arno-genio-s-plus-multibebidas-digital-automatica-preta-dgs2-8010000936/p,oficial,https://meli.la/2mhK4sS
nespresso-citiz-branca,Nespresso CitiZ Branca,Nespresso,Cafeteira de cápsulas,foto-real-confirmada,sim,nao,https://http2.mlstatic.com/D_NQ_NP_653484-MLA108910024360_032026-O.webp,https://www.mercadolivre.com.br/social/edsonreiterconcatto?matt_word=edsonreiterconcatto&matt_tool=37292649&forceInApp=true&ref=BIaCaEw5xcveFULJwFTFLQJmr6wGvuzP8KDCqwO%2BXy%2BlA33BNaBQWS1Ivhd8tnzSe582%2B3NguKFYt2ukrk7gU%2FE15MAV2lVF2niGyyRzJjHwf24CzZS0oeXn00OF7wwIggVuyQnT4C0y3wIfXNlsDOhIwkJHXhYBOEPbAnEUzTXVKQCDGp%2FC3sc4ShTHCFsSmiwKNWw%3D,foto-remota-validada,https://meli.la/1gR9wnQ
tres-passione-cafeteira-de-capsulas-automatica,TRES Passione Cafeteira de Cápsulas Automática,TRES,Cafeteira de cápsulas,foto-real-confirmada,sim,nao,https://http2.mlstatic.com/D_NQ_NP_603558-MLA99977469005_112025-O.webp,https://www.mercadolivre.com.br/social/edsonreiterconcatto?matt_word=edsonreiterconcatto&matt_tool=37292649&forceInApp=true&ref=BArIVy3pnmfr4qVD%2BxSSzPWwnEGppEJHsr9XNgIojQpsdx0nCLnDIRotZF9ASlG4vp%2FcHkWXretcljJKFnSuQE1f3sXi7ASekjjtE%2BcUfrhahsu6X%2Fb9GBx4Es3WCVjArp62a6ilxhWZSDtk3cVAOFKVgr7kwwx2Rd04AvnCceEn7uJfHbF9SnA%2F%2B8ke6h6tOXdj%2B%2Fo%3D,foto-remota-validada,https://meli.la/1gL4exp
electrolux-ecm10-cafeteira-eletrica-600ml,Electrolux ECM10 Cafeteira Elétrica 600ml,Electrolux,Cafeteira de filtro,foto-real-confirmada,sim,nao,https://http2.mlstatic.com/D_NQ_NP_890103-MLA99508244310_112025-O.webp,https://www.mercadolivre.com.br/social/edsonreiterconcatto?matt_word=edsonreiterconcatto&matt_tool=37292649&forceInApp=true&ref=BIHkQIdRuhTTsJPOY8apDoKhlldu12imq3hCSRIno3ykKXoIBDtNMj1FGKi%2FELft%2BB6zhThIqidEUcB8PEXf1NDVBjEjsNmxOdQqVEOpUNG8Lw%2FO88spqqGFVfyvgDvcEWrxS7JqQgOXwoep7NMbHTWyzTx82YBP0yQsKPY0MZNyWRP4%2F6m05RFcZsWCdVVZwxhE2wc%3D,foto-remota-validada,https://meli.la/1NNT2AL
mondial-dolce-arome-c-34ji-15x-cafeteira-de-filtro,Mondial Dolce Arome C-34JI-15X Cafeteira de Filtro,Mondial,Cafeteira de filtro,foto-real-confirmada,sim,nao,https://http2.mlstatic.com/D_NQ_NP_921400-MLA99454991084_112025-O.webp,https://www.mercadolivre.com.br/social/edsonreiterconcatto?matt_word=edsonreiterconcatto&matt_tool=37292649&forceInApp=true&ref=BOuQzz8YmqjEiDIHC3L6%2Fz%2FrBz7W%2BQuog2n0ZUPUGCpb2%2BDozxtz0eMBPONWzl5n3WaviQHv1N76aP%2BDiEDuWg83kjquYOVa%2Bau0ZdpDBE6Ux4d88lGfV%2BWSAqCDtx2QK84Yr%2F74r6j7x1JwIp0wvvN8aswPuYMmmztIDE3sPyyvV5JlZX4zTwaOOw6s1y0pvnI3TxQ%3D,foto-remota-validada,https://meli.la/2DtTpJA
oster-flavor-4401rd-cafeteira-programavel,Oster Flavor 4401RD Cafeteira Programável,Oster,Cafeteira de filtro,foto-real-confirmada,sim,nao,https://http2.mlstatic.com/D_NQ_NP_717312-MLA100018691875_122025-O.webp,https://www.mercadolivre.com.br/social/edsonreiterconcatto?matt_word=edsonreiterconcatto&matt_tool=37292649&forceInApp=true&ref=BLlHFbTIze60BZEODnPmGIUF86u1lBJwrnZHKWFdg%2F18zhKqfXE240sc1xAUv%2BrA9KYnkQNhbjwK5kum4ZvnygrR1KbT1KHZCWtTs9U0OHBuHQKUyRmOY%2FPbVvcgy6IsL5iYPkEUAU%2BfaasQ7sOt4OkNKCI9xxxNpGCy8CGkmLVREobResFk7xALuNTIRcvjAMj1eKHzjuVGvTX49KCi3DGbX8fL2fSwyLes%2FwSKlw%3D%3D,foto-remota-validada,https://meli.la/2jSEYZR
delonghi-la-specialista-arte-evo-ec9255m,De’Longhi La Specialista Arte Evo EC9255M,De’Longhi,Cafeteira espresso,foto-real-confirmada,sim,nao,https://http2.mlstatic.com/D_NQ_NP_623893-MLU77130164588_062024-O.webp,https://www.mercadolivre.com.br/social/edsonreiterconcatto?matt_word=edsonreiterconcatto&matt_tool=37292649&forceInApp=true&ref=BAvgpD5x1O0SIG9Rv9oi%2FpqgW22T2E8rtxfMe7LL5532Ep17%2F5gHaUtv4E9b0Bdqk9DCM7VijocE3t4VIiZFv6Gi%2F85tyQsfgXOBl91gxS%2BgCdlWTxFwmjn27Gt4rkguaxorYU2IbjiQkOWNzJa0hVFFtO3P%2Bd3TA%2FxkSEje74YYGa5yuv7nzS%2FZXs4G1N2OIhRobG4%3D,foto-remota-validada,https://meli.la/2Bxm85T
oster-xpert-perfect-brew-cafeteira-espresso,Oster Xpert Perfect Brew Cafeteira Espresso,Oster,Cafeteira espresso,foto-real-confirmada,sim,nao,assets/produtos/oster-xpert-perfect-brew.webp,https://www.oster.com.br/cafeteira-espresso-oster-xpert-perfect-brew/p,oficial,https://meli.la/1E5yWzx
philips-serie-1200-ep1220-cafeteira-espresso-automatica,Philips Série 1200 EP1220 Cafeteira Espresso Automática,Philips,Cafeteira espresso,foto-real-confirmada,sim,nao,assets/produtos/philips-ep1220.webp,https://www.philips.com.br/c-p/EP1220_12/series-1200-fully-automatic-espresso-machines,oficial,https://meli.la/2NSYTNN
amvox-aca-1000-newx,Amvox ACA 1000 NewX,Amvox,Caixa de som,foto-real-confirmada,sim,nao,assets/produtos/amvox-aca-1000-newx.webp,https://www.amvox.com.br/products/caixa-amplificada-aca-1000-newx,oficial,https://meli.la/1a8NTvq
amvox-aca-150-pop,Amvox ACA 150 POP,Amvox,Caixa de som,foto-real-confirmada,sim,nao,assets/produtos/amvox-aca-150-pop.webp,https://www.amvox.com.br/products/caixa-amplificada-aca-150-pop,oficial,https://meli.la/2P4Kh7C
amvox-aca-2900-newx,Amvox ACA 2900 NewX,Amvox,Caixa de som,foto-real-confirmada,sim,nao,assets/produtos/amvox-aca-2900-newx.webp,https://www.amvox.com.br/products/caixa-amplificada-aca-2900,oficial,https://meli.la/2szjNjU
jbl-boombox-4,JBL Boombox 4,JBL,Caixa de som,foto-real-confirmada,sim,nao,assets/produtos-v16-1/jbl-boombox-4.webp,https://www.jbl.com.br/BOOMBOX-4.html,oficial,https://meli.la/1jRYHTx
jbl-flip-7,JBL Flip 7,JBL,Caixa de som,foto-real-confirmada,sim,nao,assets/produtos-v16-1/jbl-flip-7.webp,https://www.jbl.com.br/FLIP-7.html,oficial,https://meli.la/2BMhQJz
jbl-go-4,JBL Go 4,JBL,Caixa de som,foto-real-confirmada,sim,nao,assets/produtos/jbl-go-4.webp,https://www.jbl.com.br/GO-4.html,oficial,https://meli.la/1fGctx2
jbl-partybox-club-120,JBL PartyBox Club 120,JBL,Caixa de som,foto-real-confirmada,sim,nao,assets/produtos/jbl-partybox-club-120.webp,https://www.jbl.com.br/PARTYBOX-CLUB-120.html,oficial,https://meli.la/2hAUc4J
jbl-partybox-encore-essential-2,JBL PartyBox Encore Essential 2,JBL,Caixa de som,foto-real-confirmada,sim,nao,assets/produtos-v16-1/jbl-partybox-encore-essential-2.webp,https://www.jbl.com.br/PARTYBOX-ENCORE-ESSENTIAL-2.html,oficial,https://meli.la/1EDZpyz
jbl-partybox-stage-320,JBL PartyBox Stage 320,JBL,Caixa de som,foto-real-confirmada,sim,nao,assets/produtos-v16-1/jbl-partybox-stage-320.webp,https://www.jbl.com.br/PARTYBOX-STAGE-320.html,oficial,https://meli.la/15aRZDG
lg-xboom-xg9s,LG XBOOM XG9S,LG,Caixa de som,foto-real-confirmada,sim,nao,assets/produtos/lg-xboom-xg9s.webp,https://www.lg.com/br/small-medium-business/audio/caixas-de-som-portateis-xboom-go/xg9s/,oficial,https://meli.la/2iwGwrQ
lg-xboom-xl5t,LG XBOOM XL5T,LG,Caixa de som,foto-real-confirmada,sim,nao,assets/produtos/lg-xboom-xl5t.webp,https://www.lg.com/br/audio/caixas-de-som-xboom/xl5t/,oficial,https://meli.la/2DzpXKx
lg-xboom-xl9t,LG XBOOM XL9T,LG,Caixa de som,foto-real-confirmada,sim,nao,assets/produtos/lg-xboom-xl9t.webp,https://www.lg.com/br/audio/caixas-de-som-xboom/xl9t/,oficial,https://meli.la/1EpXy89
philco-pbs60,Philco Extreme PBS60,Philco,Caixa de som,foto-real-confirmada,sim,nao,assets/produtos-v16-1/philco-pbs60.webp,https://www.philco.com.br/caixa-de-som-speaker-philco-extreme-180w-pbs60/p,oficial,https://meli.la/2n1J4Wf
philco-pbx01,Philco Extreme PBX01,Philco,Caixa de som,foto-real-confirmada,sim,nao,https://http2.mlstatic.com/D_NQ_NP_628373-MLA99520261698_112025-O.webp,https://www.mercadolivre.com.br/social/edsonreiterconcatto?matt_word=edsonreiterconcatto&matt_tool=37292649&forceInApp=true&ref=BMqlYCFRDp6Yq%2FWg6mmclt%2BY3M6Gx3qVePyoGbvSAU9GX0XsMKjo7vmYIcp18JpC%2Bkdx0yhtoT%2F28vjGyJNZkHfX4CRg0sgcRbt%2FlEZvpdvqYW7m74LdbDZfYJXqAJTRnkjDDQnK1Js8IxkLwtHANvFE9kuSIz8ikk2MIsDVPqyy%2FuYJ%2BIbWLILq5dE0l3q9%2FMj0t3M6Z%2FfSe7F6ZVINS296J9SkLgC5ywfblQ%3D%3D,foto-remota-validada,https://meli.la/1wWDD8q
philco-pcx22000,Philco Extreme PCX22000,Philco,Caixa de som,foto-real-confirmada,sim,nao,https://http2.mlstatic.com/D_NQ_NP_861663-MLA110194440350_052026-O.webp,https://www.mercadolivre.com.br/social/edsonreiterconcatto?matt_word=edsonreiterconcatto&matt_tool=37292649&forceInApp=true&ref=BIpcM3NHmcPTf737zdIPoJfRkM4EfmcMoxEH1mCqMBCKvveMlXxnIdMebZ7w70sy3vMMb5kQN0Oq4CXi5xmTSDOS6bpKfx6Ntxw%2Fn%2BaAlsCJWPiNz6QqB4Zk2xdToaVodBZvPie7bTZrjE3PG4WL4rIucb7ZHBs1QjtSJzNYwEBxC460%2BGEK29IME1I%2FWk8cet708bw%3D,foto-remota-validada,https://meli.la/2516iTh
philco-pcx4800,Philco Extreme PCX4800,Philco,Caixa de som,foto-real-confirmada,sim,nao,https://http2.mlstatic.com/D_NQ_NP_954643-MLA96761509429_102025-O.webp,https://www.mercadolivre.com.br/social/edsonreiterconcatto?matt_word=edsonreiterconcatto&matt_tool=37292649&forceInApp=true&ref=BLnTFRjjWser2T8Tv8JEF%2FstbbTN2LHkRWT3U3XnUpmSxJ8mSmlPKdfwEk3gUyezNvBwplvyw7%2FJ7ehFfP09y5yzg9N3W9%2FogB%2B02nv%2F7Y3SwlNhBoa64nH2fuu5nHHdBs0QlK60DuzToerpnab2837vDEBeBlSr2ZAH0LcgnBQwLI5%2F%2FP6mU3UvgnR7VaUDJY4vxX8%3D,foto-remota-validada,https://meli.la/13xx7WW
philips-tax400b-00,Philips BoomBeat TAX400B/00,Philips,Caixa de som,foto-real-confirmada,sim,nao,assets/produtos/philips-tax400b-00.webp,https://www.philips.com.br/c-p/TAX400B_00/boombox,oficial,https://meli.la/2ghWXqK
philips-tax4000-78,Philips Party Speaker TAX4000/78,Philips,Caixa de som,foto-real-confirmada,sim,nao,assets/produtos/philips-tax4000-78.webp,https://www.philips.com.br/c-p/TAX4000_78/alto-falante-bluetooth-para-festas,oficial,https://meli.la/2tcx5kA
philips-tax4209-78,Philips Party Speaker TAX4209/78,Philips,Caixa de som,foto-real-confirmada,sim,nao,assets/produtos/philips-tax4209-78.webp,https://www.philips.com.br/c-p/TAX4209_78/caixa-de-som-bluetooth-para-festas,oficial,https://meli.la/27GPJ3C
philips-tax5000-78,Philips Party Speaker TAX5000/78,Philips,Caixa de som,foto-real-confirmada,sim,nao,assets/produtos/philips-tax5000-78.webp,https://www.philips.com.br/c-p/TAX5000_78/alto-falante-bluetooth-para-festas,oficial,https://meli.la/1y3EKzM
philips-tax5509-78,Philips Party Speaker TAX5509/78,Philips,Caixa de som,foto-real-confirmada,sim,nao,assets/produtos/philips-tax5509-78.webp,https://www.philips.com.br/c-p/TAX5509_78/alto-falante-bluetooth-para-festas,oficial,https://meli.la/2GtMXXd
philips-tas1505b-00,Philips TAS1505B/00,Philips,Caixa de som,foto-real-confirmada,sim,nao,assets/produtos/philips-tas1505b-00.webp,https://www.usa.philips.com/c-p/TAS1505B_00/wireless-speaker,oficial,https://meli.la/2Dag7b8
anker-prime-carregador-gan-100w-3-portas,Anker Prime Carregador GaN 100W 3 Portas,Anker,Carregador USB-C / GaN,foto-real-confirmada,sim,nao,assets/produtos/anker-prime-carregador-gan-100w-3-portas.webp,https://www.anker.com/products/a2688-anker-prime-charger-100w-3-ports-gan,oficial,https://meli.la/1TTtTm7
baseus-enerfill-fn22-carregador-gan-usb-c-pd-30w,Baseus Enerfill FN22 Carregador GaN USB-C PD 30W,Baseus,Carregador USB-C / GaN,foto-real-confirmada,sim,nao,https://http2.mlstatic.com/D_NQ_NP_931478-MLB113143257429_062026-O.webp,https://www.mercadolivre.com.br/social/edsonreiterconcatto?matt_word=edsonreiterconcatto&matt_tool=37292649&forceInApp=true&ref=BCD5Yy1tnaKAMv7730osZKfPEbbt%2Fnuq2FKKe4VQ1L%2BdaqLebUdE0pIh0M%2FwHr8Q3AWK1MAcADI9qwet4BRYNUKY%2BdssEiAASdGxrsdtTn3fJx17QzCL%2Fd0ltmfczStprzlhbhUtBRyQEoA%2Fj%2B%2BLABmDTKD2rxHFxR9S6frjHL40GZmT4Oot2R2km3iI4iuyY83pf%2Feuiw6%2FOZufXA%3D%3D,foto-remota-validada,https://meli.la/29cK5rL
baseus-gan2-pro-carregador-65w-com-cabo-100w,Baseus GaN2 Pro Carregador 65W com Cabo 100W,Baseus,Carregador USB-C / GaN,foto-real-confirmada,sim,nao,assets/produtos/baseus-gan2-pro-carregador-65w-com-cabo-100w.webp,https://www.baseus.com/products/gan2-3-ports-fast-charger-65w,oficial,https://meli.la/21ybxDg
ugreen-nexode-carregador-100w-4-portas,UGREEN Nexode Carregador 100W 4 Portas,UGREEN,Carregador USB-C / GaN,foto-real-confirmada,sim,nao,https://http2.mlstatic.com/D_NQ_NP_763178-CBT103373337830_012026-O.webp,https://www.mercadolivre.com.br/social/edsonreiterconcatto?matt_word=edsonreiterconcatto&matt_tool=37292649&forceInApp=true&ref=BO2sxYbdGF%2F0gRwmlbo20Xj4FhVmh0ZrWfSHfBOYBv9qaeAuNPxPgnYB8SzivTP1kEM4DPocIds6KQvk0AcnpULxb5Kh5Dm9sWiNf78NmHz59T1h2X6OTlWrMA2FjEvGu7n9dnVdokTvovbspvEK2bfWgggCK0d9NJZO3GV004MqJ9uEZkOSp3b%2FGDCq6aS8rku5TO0ukw%3D%3D,foto-remota-validada,https://meli.la/17U51qm
ugreen-nexode-pro-carregador-gan-65w-3-portas,UGREEN Nexode Pro Carregador GaN 65W 3 Portas,UGREEN,Carregador USB-C / GaN,foto-real-confirmada,sim,nao,https://http2.mlstatic.com/D_NQ_NP_972726-CBT109323656988_042026-O.webp,https://www.mercadolivre.com.br/social/edsonreiterconcatto?matt_word=edsonreiterconcatto&matt_tool=37292649&forceInApp=true&ref=BHJygDgE%2FAETodZAf46OqApf2ciDiio7e5vzl4B1%2BnqLHGvT3kedV1BHNtimvZE6NZNsqpqXQpNutWAKFxnNi7CPRO1SV0Mux%2BeXQMZn8hTfvrMJwCfFln%2BHJgZXVpqlpNIq8Zrl1pI%2FBBHV6U5cQEJ6PRgfsnnHmyU6gEKC7khP%2BvQ8DBwDsWgn%2BhQNgOZJBHyRm4%2B%2Bmw%3D%3D,foto-remota-validada,https://meli.la/1uz8yZi
kit-2-cameras-lampada-yoosee-casenn,Kit 2 Câmeras Lâmpada Wi-Fi Yoosee Casenn,Casenn,Casa inteligente,foto-real-confirmada,sim,nao,assets/produtos/kit-2-cameras-lampada-yoosee-casenn.webp,https://www.magazinevoce.com.br/magazineezu/kit-2-camera-seguranca-ip-wifi-lampada-360-inteligente-prova-d-agua-giratoria-visao-noturna-infravermelho-1080p-hd/p/bck9fj417g/cj/caip/,anuncio,https://meli.la/1Ank8BW
electrolux-ie3lp-cooktop-de-inducao-2-bocas-powerboost,Electrolux IE3LP Cooktop de Indução 2 Bocas PowerBoost,Electrolux,Cooktop de indução,foto-real-confirmada,sim,nao,https://http2.mlstatic.com/D_NQ_NP_981580-MLB95115783827_102025-O.webp,https://www.mercadolivre.com.br/social/edsonreiterconcatto?matt_word=edsonreiterconcatto&matt_tool=37292649&forceInApp=true&ref=BErotqrGpvkYJtgSQmOVRCYlUP52GkdtQWrkZWQNOK3rP31aGnHQ8eeWPt5gUkNRJKqL0vUOof7FUkDbLrW%2FuYHPt5GMbLX8L4w%2FxBX8tx7YaxxfyKB5QXaYlISIldVKLDZU%2BsmJZKuUAchSl16x2gw7FRW3LyL1XP06OAqkccNBNOwxV2NSj7z8NMu3%2Bqyk0ctxZR1UtFhwLVQZNw%3D%3D,foto-remota-validada,https://meli.la/1W9F4jW
electrolux-ie60p-cooktop-de-inducao-4-bocas-unicook,Electrolux IE60P Cooktop de Indução 4 Bocas UniCook,Electrolux,Cooktop de indução,foto-real-confirmada,sim,nao,https://http2.mlstatic.com/D_NQ_NP_789286-MLA99594588370_122025-O.webp,https://www.mercadolivre.com.br/social/edsonreiterconcatto?matt_word=edsonreiterconcatto&matt_tool=37292649&forceInApp=true&ref=BL37imK7ZR6HZ4z9J8zvTkkrxPDNse9Xu7%2F4KPwRYVZ7u8YdWGmCydWtWUtIXQ7B4VIfFzborYTM%2BdCpibbQHPO7tIbp%2FNb7BbcNH90x8HzLqjzxeIJNOXgnGTmG70BzLJ8tJlPzop1EwZU1K5B2P0%2Bd80dctc0qOvmijbX%2B8lz3g8zBWNlGawnIuJl3TPgUw9wofA%3D%3D,foto-remota-validada,https://meli.la/2FG6oDW
electrolux-ie80p-expert-cooktop-de-inducao-4-bocas,Electrolux IE80P Expert Cooktop de Indução 4 Bocas,Electrolux,Cooktop de indução,foto-real-confirmada,sim,nao,https://http2.mlstatic.com/D_NQ_NP_846284-MLA99488888364_112025-O.webp,https://www.mercadolivre.com.br/social/edsonreiterconcatto?matt_word=edsonreiterconcatto&matt_tool=37292649&forceInApp=true&ref=BIzRD1q6dgJQiMEcbkiMtOO9vs9t1ght9zpLN3C9tE3QFTzmIS3mzq3u41N1qfDm28W5b%2F17AqULMEms4WbJ4gImuQA6lKrAFQUjqwsc5HMY8aggVw7epCL1LV9TPyyz%2FGn1BnjpsIMgKNpWrVlEKWUY573G2HGgwdRM4cc9P65avhhZVkfWWzJpwMDP18ORNA4ONf3bH2sVEZTaDH1WjdJdgh48HnO8HnIp0XUhb0o%3D,foto-remota-validada,https://meli.la/22RwwhF
fischer-cooktop-de-inducao-1-boca-portatil-touch,Fischer Cooktop de Indução 1 Boca Portátil Touch,Fischer,Cooktop de indução,foto-real-confirmada,sim,nao,https://http2.mlstatic.com/D_NQ_NP_751180-MLU77312523623_062024-O.webp,https://www.mercadolivre.com.br/social/edsonreiterconcatto?matt_word=edsonreiterconcatto&matt_tool=37292649&forceInApp=true&ref=BKDxuwsEwHZ2%2F6bY%2FN6F4IkX3nDswFfsjGnst3mKuyPBl8UGzpFOWK64XLJTH0JNpScC5q%2FgWqauE0ODZVqDpsgauo3Hi1sDEmgcrziBChYwiHRg3KOTE9nMiBWBqtnyESw1SIQarPsUzf60nWXM1i2%2BoRi70O7HOcfno0oKlYbqORHYsgtLkdlcHoSO8e46sBzfXNk%3D,foto-remota-validada,https://meli.la/29qTMgF
fischer-cooktop-de-inducao-2-bocas-vitroceramica,Fischer Cooktop de Indução 2 Bocas Vitrocerâmica,Fischer,Cooktop de indução,foto-real-confirmada,sim,nao,https://http2.mlstatic.com/D_NQ_NP_812573-MLA99990563999_112025-O.webp,https://www.mercadolivre.com.br/social/edsonreiterconcatto?matt_word=edsonreiterconcatto&matt_tool=37292649&forceInApp=true&ref=BBAygWRAwSG5i6cbIb%2FOiEVilwBcnz1E683qNJ5JakbJdF%2Fhu01So2PioSRwr%2F%2FQv6LvKGywzCE9UB%2Fn4CqYD4uzaOXCZxG71uf0K7K8SQ3f6rdHI%2Fz36tExY5O4NPAoL%2Fm5GLdvUFhXqEoPLNEJuaSVUxQeJkbcU7SCzw3THpo11iP1k2d1znoH91B4yF3i49EdFbE%3D,foto-remota-validada,https://meli.la/1YC8GKs
fischer-cooktop-de-inducao-4-bocas-vitroceramica,Fischer Cooktop de Indução 4 Bocas Vitrocerâmica,Fischer,Cooktop de indução,foto-real-confirmada,sim,nao,https://http2.mlstatic.com/D_NQ_NP_897055-MLA99982934627_112025-O.webp,https://www.mercadolivre.com.br/social/edsonreiterconcatto?matt_word=edsonreiterconcatto&matt_tool=37292649&forceInApp=true&ref=BCcuLVMPVZm009YTGzAWUouCd%2Fph%2FpNdEfXi3tnN5UgysctG0U6TForDxbcRKsa7bDcqC5sOdInO3Bf%2Fl8DhScB3q%2FxMKGqGs9StFJ5iEiO%2BiioJMyplqMe9ajQb5xJPc8cU7Tas8h23FgX8I6ACXxbFzhKigj%2FOKk2HABRRhlI3GfVE63xflCpxVr9FxWKrO1xok9M%3D,foto-remota-validada,https://meli.la/24EmRAY
philco-pct05ifp-cooktop-de-inducao-5-zonas-9300w,Philco PCT05IFP Cooktop de Indução 5 Zonas 9300W,Philco,Cooktop de indução,foto-real-confirmada,sim,nao,https://http2.mlstatic.com/D_NQ_NP_938797-MLB95723980035_102025-O.webp,https://www.mercadolivre.com.br/social/edsonreiterconcatto?matt_word=edsonreiterconcatto&matt_tool=37292649&forceInApp=true&ref=BAh39EtiFPkd4IqVjNnwmlTzJ30vAkYTXeiydtyVn7ly9LVEuWRPfrGviU7I2lhxPrynu3uLNw95HdwIZNtaT%2BQz71awo5IvSGZDi5MZXcn3n1QoD8cmiG%2FvqAvRM5lzVWLJxjA%2FWnFTesqShV9P5C%2F4eM4xQnvyD%2FyYN3Rztk9EU1VTkyzWrGln0Hc8fsRRHxsSmDGWmYHSbAkqgw%3D%3D,foto-remota-validada,https://meli.la/2hQ85LM
philco-pct10a-cooktop-de-inducao-1-boca-portatil,Philco PCT10A Cooktop de Indução 1 Boca Portátil,Philco,Cooktop de indução,foto-real-confirmada,sim,nao,https://http2.mlstatic.com/D_NQ_NP_845092-MLA99504512104_112025-O.webp,https://www.mercadolivre.com.br/social/edsonreiterconcatto?matt_word=edsonreiterconcatto&matt_tool=37292649&forceInApp=true&ref=BOsc1PVcz3CkKcg6TAi0LAEBCPD%2FuffNF1NKO6jM6qS02%2FtQb5uAXKnYYpQm90EVoBUVhq7UOtXi0oc8SqrXadA0jFTrWfGhFYJA06i36iemjueHxySswE3p42KmD3YjlFbmPCEBcoCcadKnT%2BEpUhzQCZb%2BiGgfJjAXEnaI3ZEsoMLXmkKhjGBv2TRVGuk4cMsXd%2Fy0YQl4Hi3D4A%2FUQ7x5zD5wRkgl%2Bn3ZtQ%3D%3D,foto-remota-validada,https://meli.la/2iDVnWB
philco-pct11p-cooktop-de-inducao-turbo-2-zonas-3400w,Philco PCT11P Cooktop de Indução Turbo 2 Zonas 3400W,Philco,Cooktop de indução,foto-real-confirmada,sim,nao,https://http2.mlstatic.com/D_NQ_NP_858952-MLA99461662066_112025-O.webp,https://www.mercadolivre.com.br/social/edsonreiterconcatto?matt_word=edsonreiterconcatto&matt_tool=37292649&forceInApp=true&ref=BCM%2Beic2PtGV%2FazIQ1F5EfMwGAn8bof54KnJmet5VMgTC2aPPsm7otoy1nchAzKiGiyiXxfTvHUcW9s2SV6Q2%2Bq1mtfMm%2B2vxUijm1t9GHKQCdFhFdn1H5Twb2DRzVdhvWpp1subDOpFAlI1lxLHgcy7Vhb159RZ9LbaV7UiUjXeIGGf6E0VVe7XEOfuWiaXRPtaaus%3D,foto-remota-validada,https://meli.la/24MvFyo
cooler-master-hyper-212-spectrum-v3,Cooler Master Hyper 212 Spectrum V3,Cooler Master,Cooler / Water cooler,foto-real-confirmada,sim,nao,https://http2.mlstatic.com/D_NQ_NP_809365-MLA95838661163_102025-O.webp,https://www.mercadolivre.com.br/social/edsonreiterconcatto?matt_word=edsonreiterconcatto&matt_tool=37292649&forceInApp=true&ref=BCpC7K6z35kVrqSLamoek%2BCTQKE4fnuwGLuImj1Asqzlmz4fqMY4qkF2%2FRv%2BCO9UP0%2Bw7bOqRkvhEakd5RgrIVf2VhazZafsphvTRSPKLtD7sXkjIlGbTzECJ24HF0Qm56I8Czz5g1R5Xp3gUfbHxyZbFRI1gtKbAas4KC%2BSiV%2FoSYohfFvMK7sZ%2B2x7yxa9XY6U8rU%3D,foto-remota-validada,https://meli.la/1jwoZeY
cooler-master-masterliquid-240l-core-spectrum,Cooler Master MasterLiquid 240L Core Spectrum,Cooler Master,Cooler / Water cooler,foto-real-confirmada,sim,nao,https://http2.mlstatic.com/D_NQ_NP_777934-MLA100009174597_122025-O.webp,https://www.mercadolivre.com.br/social/edsonreiterconcatto?matt_word=edsonreiterconcatto&matt_tool=37292649&forceInApp=true&ref=BNATn6DhuOtTr3b%2F3jGogZm35YcyE5sPSQ%2BJ3Pgqr9XlpOPhnQsKx0p%2BIJ1ON39H3toRFQr2r5Ghs%2FeJy9SXC9Uc8QZBcglJcnx4wiCEGvLvF3XudEAq9AkEQVQtrEHLKa3Ki41u4YTW4H2yk9T5m2%2Fz%2FAYXmOmtlj5Ji8mgZNoVBz8fa%2FJ3cDQWVGtK3wA%2BoaQg44iUR4lYAwurzNfURx%2BA8wpWq6Jh4kG%2FDw%3D%3D,foto-remota-validada,https://meli.la/2mLyFCe
cooler-master-masterliquid-360-atmos-ii,Cooler Master MasterLiquid 360 Atmos II,Cooler Master,Cooler / Water cooler,foto-real-confirmada,sim,nao,https://http2.mlstatic.com/D_NQ_NP_801572-MLB111076793952_052026-O.webp,https://www.mercadolivre.com.br/social/edsonreiterconcatto?matt_word=edsonreiterconcatto&matt_tool=37292649&forceInApp=true&ref=BNrweO1VNUeJ75iVR1pXm7PzYWCc2TtS%2BQk7qDIkd3kJ1Xl0NeuGjTQS2rRh6XVQjZgj9zYONxLGyIBtrasotwMPr1oGfQruJrsXbcFHSBCz7NB1gBGU8bK4J1jRJI1yDu%2BZZnQNOK0%2F0qvkSfUS%2FR19dxYH%2BdLbIjvVq3zeZC%2B9aDfDp4n%2Bw%2B8HM5yAfAwMPJie28X2YtY9TZ0WAA%3D%3D,foto-remota-validada,https://meli.la/1JCJiHL
corsair-titan-360-rx-lcd-rgb-icue-link,Corsair TITAN 360 RX LCD RGB iCUE LINK,Corsair,Cooler / Water cooler,foto-real-confirmada,sim,nao,https://http2.mlstatic.com/D_NQ_NP_753513-MLB113102118368_072026-O.webp,https://www.mercadolivre.com.br/social/edsonreiterconcatto?matt_word=edsonreiterconcatto&matt_tool=37292649&forceInApp=true&ref=BPKN5Qo%2FPBHnaaQipgnbc141K8da51RJanSUdeMplWQx4PSubR076C87hDu3K0bs4E8STXGTfaJoFhRzA2B15QTgQjTPk3Ia6SDcNlMkC4FO%2FOlr0ht6W33zOOyrB44C73diM%2BqVcwSMTlZ9Ifw1NxB%2Bx8K3DMvKRD85d3RBSGPzETGGVzk3grxTuQib6RKNEEu4qQ%3D%3D,foto-remota-validada,https://meli.la/16m9Mds
corsair-icue-link-titan-240-rx-rgb,Corsair iCUE LINK TITAN 240 RX RGB,Corsair,Cooler / Water cooler,foto-real-confirmada,sim,nao,https://http2.mlstatic.com/D_NQ_NP_804529-MLA82720518894_032025-O.webp,https://www.mercadolivre.com.br/social/edsonreiterconcatto?matt_word=edsonreiterconcatto&matt_tool=37292649&forceInApp=true&ref=BCBlTwkxfby3HgT1Db2Td4wIh48S6b%2B0UrozB7SfQz0rYR3zcDwEzmOxL0tvx9OjK%2FRHONXGWpBNlkTr43vtxoYwTWv1Gp0sbWUMjc%2Bw%2F4uXDZV7XfNWGxmPDaMRyuzajOWBsOa%2FwKQ65BcEvgjCOV4z8ysYea8OIdLh8SLINjPhM71%2FZz9HzCEFelEk8Sjnci7ZAa8%3D,foto-remota-validada,https://meli.la/1hB2WXw
ezviz-h8c-1080p,EZVIZ H8c 1080p Pan/Tilt,EZVIZ,Câmera inteligente,foto-real-confirmada,sim,nao,https://http2.mlstatic.com/D_NQ_NP_963016-MLA101915986433_122025-O.webp,https://www.mercadolivre.com.br/social/edsonreiterconcatto?matt_word=edsonreiterconcatto&matt_tool=37292649&forceInApp=true&ref=BHKZge9XRnglKOjbovVDv8uSyyBT8V5kq00xOE2IRYUcfaaxJ0PPiF1Q5O0THHUnaqY7dLJ2W1348wL0WD0Ti2T91eE3pXSwpji6NYezP%2BvydnxgJJAJwEWqzRXr7pDuLfqgGQnQfg8vHJHxjG4n38QtzvZMUHm%2F7RdFPMwHZZw2xie4C4XgLbkIGkLYfPBc4tN9kjk%3D,foto-remota-validada,https://meli.la/2PbNCtx
ezviz-h8c-pro-2k-3mp,EZVIZ H8c Pro 2K 3MP Pan/Tilt,EZVIZ,Câmera inteligente,foto-real-confirmada,sim,nao,https://http2.mlstatic.com/D_NQ_NP_981694-MLA100018704121_122025-O.webp,https://www.mercadolivre.com.br/social/edsonreiterconcatto?matt_word=edsonreiterconcatto&matt_tool=37292649&forceInApp=true&ref=BO1MjwNKPbFhlB%2BiIO25FjNcqylN4s%2BuCiePmlUIpde%2BNhMs0cxQCVV6bki2MJtysdyBnW0OO9oCpiKDCSB5B9HDn9w%2FN8Cie9k527Xwo2oq1RGff5gpz3C2AdESXh75hu0%2Fpa5QiKF4N1ar%2BZ5rZD5sL%2Fa59pjOdrfVhq%2Bp69E7ZQ53afVudVuloiRSF%2BdTBYVHPHmE6UQ0gBKS24Hido9Cma8evVwZ%2B2DABNlPzIY%3D,foto-remota-validada,https://meli.la/1FYDNVX
intelbras-im5-sc,Intelbras iM5 SC Câmera Wi‑Fi Full HD,Intelbras,Câmera inteligente,foto-real-confirmada,sim,nao,https://http2.mlstatic.com/D_NQ_NP_956317-MLA99482016644_112025-O.webp,https://www.mercadolivre.com.br/social/edsonreiterconcatto?matt_word=edsonreiterconcatto&matt_tool=37292649&forceInApp=true&ref=BEM2z%2BQ1j1Ir6%2BFFxrxmAL32Z7Aoyo%2FomjMPF6KE6T6P0LiLLuO5OZp46DJvGpx%2BO7HOiJ3DuCqJqnd6tq1swZvOgR3waIFDFWx6j0vQrzLLdXpnUg1XSCokBNywRYCIvhXhOlmgCtVvk7UV%2FaBnGSvdoob1qgT12qnxZiu7i52mxYCAAjN0i8Ja7Ew5sJMlRrqeglo%3D,foto-remota-validada,https://meli.la/2sAt7So
tp-link-tapo-c210,TP‑Link Tapo C210 Pan/Tilt 3MP,TP‑Link,Câmera inteligente,foto-real-confirmada,sim,nao,assets/produtos/tp-link-tapo-c210.webp,https://www.tp-link.com/br/home-networking/cloud-camera/tapo-c210/,oficial,https://meli.la/1oazitm
ekaza-switch-2-plus-plug,Ekaza Interruptor Wi‑Fi 2 Teclas Touch + Tomada,Ekaza,Energia inteligente,foto-real-confirmada,sim,nao,https://http2.mlstatic.com/D_NQ_NP_798014-MLA95877747200_102025-O.webp,https://www.mercadolivre.com.br/social/edsonreiterconcatto?matt_word=edsonreiterconcatto&matt_tool=37292649&forceInApp=true&ref=BK54pGwno00toaGieyldKILSNWd5ivGpn4Q%2F9NQBMpam5r1EAO2ztkBvNqN0xiC8Enhv8bsa6vsrZv6a02mXM4HhRgwMkPTLJafrOk413cX%2BiJRIekBl4oL42QMxlX2DqEmGPvRo16ZDsrDjhgXMeTgBUwKDNxWKZOMULdMWJUK73jINk%2BWH%2F1CckWiwTwL1YpPkY%2BLnxtV46a9%2BCttwvu2Hu1bzsXqHeul1nw%3D%3D,foto-remota-validada,https://meli.la/1BfwqMH
ekaza-smart-plug-10a,Ekaza Smart Plug Wi‑Fi 10A com Medidor de Consumo,Ekaza,Energia inteligente,foto-real-confirmada,sim,nao,https://http2.mlstatic.com/D_NQ_NP_892540-MLB89132945875_082025-O.webp,https://www.mercadolivre.com.br/social/edsonreiterconcatto?matt_word=edsonreiterconcatto&matt_tool=37292649&forceInApp=true&ref=BCERSHbtWEsUrM%2BDUV4BkCE4MTQvX%2BcysjINttTbHQ1ltRacCa3WKLBOyqVlTDGnkBfRDisX9RHGL2Y0jYp4d40qHTesua2%2FdSVfy5iXQgtPRiFJJw%2FN4bL2nwmT30tjv4gPu%2FgsAM3as7RGLujX8p1S6GeSC0H1Gso1TDi9RaTPAk2uapKPr9n%2BhuYc%2FWnv35poSkvM85sf5AuLDw%3D%3D,foto-remota-validada,https://meli.la/2NvETUA
smart-switch-2-plus-20a,Interruptor Wi‑Fi 2 Botões + Tomada 20A,Genérico,Energia inteligente,foto-real-confirmada,sim,nao,https://http2.mlstatic.com/D_NQ_NP_718496-MLB91975223236_092025-O.webp,https://www.mercadolivre.com.br/social/edsonreiterconcatto?matt_word=edsonreiterconcatto&matt_tool=37292649&forceInApp=true&ref=BLnLzW%2FQRFgD8FLthvlEIy4%2FMpHca9Lq%2B8wwYXLjl22Iv2qcWOMUMbPRmIdwCa1EsqA8gQedup2K7thi%2BK26ZaYoEUBxCaPySrOH9pFrRi5EFz9an6j9VeLn2sFX1ObuMkgE7jha3Blsf8NKLEeeR%2Bh3w18tv4lqPkyzcVC4aLhVtlhWYUj%2BhUULU6D6cTRp4gAIfg%3D%3D,foto-remota-validada,https://meli.la/2cUAmiv
intelbras-ets-1002,Intelbras ETS 1002 Tomada Dupla Inteligente,Intelbras,Energia inteligente,foto-real-confirmada,sim,nao,https://http2.mlstatic.com/D_NQ_NP_689783-MLA99979837793_112025-O.webp,https://www.mercadolivre.com.br/social/edsonreiterconcatto?matt_word=edsonreiterconcatto&matt_tool=37292649&forceInApp=true&ref=BBw5Li7dPV%2Bcbg%2FEDd38GjrAIkpsg%2B13DvTarGUpWgyRIs9SeQgRIisDQj5WxBw5lBVFrbxf9c6MqDM2TzJ8DgSUU6mPir0gT1Emv0rkvRQRMK5U5np69F6Yw06wvb%2BKblRXfNJZVdQd9L2k8qIT4aBnesJVhnnXLAAKNftcqP0UH6vDWuJQrLI26rQvmEYhly47PdU%3D,foto-remota-validada,https://meli.la/1yQZaZp
intelbras-mis-1002,Intelbras MIS 1002 Interruptor Inteligente Touch Wi‑Fi 2 Teclas,Intelbras,Energia inteligente,foto-real-confirmada,sim,nao,https://http2.mlstatic.com/D_NQ_NP_841891-MLB82446557323_022025-O.webp,https://www.mercadolivre.com.br/social/edsonreiterconcatto?matt_word=edsonreiterconcatto&matt_tool=37292649&forceInApp=true&ref=BCt4abIJ4GM1UJAFyYJ0SEonGx6MAzB9XzFfcL5JXtihAbsp2cZr%2BMkypFcbQhCIb0%2BSpanH6xUbSyA7Zb7BMaNIcNc7%2FkYnE7dy%2BICBoCRsuZp54TcnECWHcb8f2PKR6lLV0XG3RrFdPwd2s8mqf%2Bmv7cSv%2FjDT%2FwBMcR2rHV5ZVS%2B%2F0G%2Bc6FdxmMj5Ij2MEn57FS0V7OxThLilKg%3D%3D,foto-remota-validada,https://meli.la/1F8LkSe
nova-digital-tomada-dupla-wifi-usb-c,Nova Digital Tomada Dupla Wi‑Fi + USB + USB‑C,Nova Digital,Energia inteligente,foto-real-confirmada,sim,nao,https://http2.mlstatic.com/D_NQ_NP_955036-MLB88983722139_072025-O.webp,https://www.mercadolivre.com.br/social/edsonreiterconcatto?matt_word=edsonreiterconcatto&matt_tool=37292649&forceInApp=true&ref=BGrkOEHPg7dtw4oUUG2UPB72Gafn64wEdl6%2FcUjrkwvY9NJXpPyG5c7%2ByUEeUUZ6UWg64bZLME1FOdGh%2B7W1puul2yng9Lenq88R1jugAQHwkZGI9oOLxOeNhMlH3HqwFpNA%2F0JJX9u8p82IUfFEKl2Od%2FSN6sB6IhqA%2BT2Uo4r6Sf%2BuUgeUsCozVaGVtPXtUTpNIHMd8dRPhTym,foto-remota-validada,https://meli.la/1mD8d93
hercules-classique-101p,Hercules Inox Classique Faqueiro 101 Peças com Estojo de Madeira,Hercules,Faqueiro,foto-real-confirmada,sim,nao,https://http2.mlstatic.com/D_NQ_NP_740083-MLA92716246153_092025-O.webp,https://www.mercadolivre.com.br/social/edsonreiterconcatto?matt_word=edsonreiterconcatto&matt_tool=37292649&forceInApp=true&ref=BMk3TyMiafFLHqdEwxhrdTjWLEHTW63plfIc4c6%2BQSQZnY06u9qYOBT8v3%2FGj%2BYHrsAid0fcAcQu7KAfLgzSpesYstshohLrkvg4Cn4kdzO%2FwDG4Y7JS8JrLMliP5ZHZ77sPchZXyUXvC2PwuMdnt7CIA5ZnB3b5VKzP5J1igCT36nLI80k98Pu1tF0ypzjA829bmPegyGfeHh0Zd4BzJSJFfSowVX%2BqY5bXMg%3D%3D,foto-remota-validada,https://meli.la/2nSYrmy
wolff-berna-48p,Wolff Berna Faqueiro 48 Peças em Aço Inox,Wolff,Faqueiro,foto-real-confirmada,sim,nao,https://http2.mlstatic.com/D_NQ_NP_760738-MLA95935766727_102025-O.webp,https://www.mercadolivre.com.br/social/edsonreiterconcatto?matt_word=edsonreiterconcatto&matt_tool=37292649&forceInApp=true&ref=BNxReQHbDheNprwBrlfurYvB%2FXx927M7pRV6G9tx6kfQON%2BJknQol8uKpEy7xjd%2Fc9eyidlK4e8ABmloRhEmCgWdKkAJ4I471Va6x1ztdr8fk3ZAW%2FkKSb4b8Rtj3dx7KEHLgC45nwuLn8TDtraRP5Ue2f6xALB3zo8doel7t4CaVqU9VY2c6jQYo8CgqT2XDMyZXA%3D%3D,foto-remota-validada,https://meli.la/2sojvRc
intelbras-mfr-4000,Intelbras MFR 4000 Fechadura Digital para Porta de Vidro,Intelbras,Fechadura inteligente,foto-real-confirmada,sim,nao,https://http2.mlstatic.com/D_NQ_NP_790113-MLA100024655569_122025-O.webp,https://www.mercadolivre.com.br/social/edsonreiterconcatto?matt_word=edsonreiterconcatto&matt_tool=37292649&forceInApp=true&ref=BBRAEaf5MlwHk7nA8%2FbTHXbmFMKpFUDlncX6P9%2FM62nbL1JPWgueWUAQI8MsprjlD6BzpXzbzSuhT5pBiIIpYaJnjLOJ3i3L3CkZhhpMUy%2FRhP3gUrZ7WYbo3oQtK1z89P%2Fz1BQphZNzqnKKUfNRYzj9SSjnHlIKMIKg9aAHMliqjhkmZSn24VYuk98%2FHuuokyJ9tQ%3D%3D,foto-remota-validada,https://meli.la/1oe5FDh
intelbras-mfr-7000,Intelbras MFR 7000 Fechadura Digital de Embutir com Maçaneta,Intelbras,Fechadura inteligente,foto-real-confirmada,sim,nao,https://http2.mlstatic.com/D_NQ_NP_656906-MLA99942128929_112025-O.webp,https://www.mercadolivre.com.br/social/edsonreiterconcatto?matt_word=edsonreiterconcatto&matt_tool=37292649&forceInApp=true&ref=BOOFTH4RKwxiYdVjs95%2BJ5RiP9dvn5C0dVH6DZqQOiGAOKz0D%2Btaz79AG8JKbPpvizjAKa8lnRCUqBDia4B1%2Fk%2FW%2F2zVguw9k%2BH9skuggUSGShbDpFvchSYKxIWkUui2RYqQfy33dTAYlGHffM7zhQpsXD9CYb6VtwHVvicfDEQn0tOTGh8gJBM0lKGnu3vhTnh%2BaYI%3D,foto-remota-validada,https://meli.la/1TP4JYp
papaiz-sl205,Papaiz SL205 Fechadura Digital Biométrica,Papaiz,Fechadura inteligente,foto-real-confirmada,sim,nao,https://http2.mlstatic.com/D_NQ_NP_808061-MLA99494741344_112025-O.webp,https://www.mercadolivre.com.br/social/edsonreiterconcatto?matt_word=edsonreiterconcatto&matt_tool=37292649&forceInApp=true&ref=BP8sha4apij4MB3HegOka51omD8mWDTIDezT5KrKYHED3l7HMfbQPmECCkepeQyubGDy8N7r7Dkbn4L%2FemfRBLuVgbvaDu273yxO%2FZ%2Fj6pt%2BWEDrtIAi1MBbTxFl8OKdE3Qs2vitcwfRKeUJloFsF%2FwBHZ%2BiBFP76EQS7cIRSCJr4G9WCClw4Jl%2FfolCOE0M9mJ%2BQ%2FA%3D,foto-remota-validada,https://meli.la/1uxArKm
yale-yrd256,Yale Assure YRD256 Fechadura Digital,Yale,Fechadura inteligente,foto-real-confirmada,sim,nao,https://http2.mlstatic.com/D_NQ_NP_706069-MLA99871217771_112025-O.webp,https://www.mercadolivre.com.br/social/edsonreiterconcatto?matt_word=edsonreiterconcatto&matt_tool=37292649&forceInApp=true&ref=BIMCwr3ZleIKfal%2FOojF9BmW0sysqAZfp%2By3g2HATgM5npG0So5WB58QFZiTtOyz9sB4WLdtfQiYZAiKEykiR59lDexFUZr66stxSWKbha6EeZ1aAFUn2t8h6EqwbZZse2eYnmu2mDklg5co0zuEFdsawGYJLStxzqZGS%2F2nyVyO0lxdOC1wKICE9KOgwFP09bYAKVk%3D,foto-remota-validada,https://meli.la/1ANonkT
atlas-agile-up-4-bocas,Atlas Agile Up 4 Bocas com Mesa de Vidro Preto,Atlas,Fogão,foto-real-confirmada,sim,nao,https://http2.mlstatic.com/D_NQ_NP_653003-MLA99998766891_112025-O.webp,https://www.mercadolivre.com.br/social/edsonreiterconcatto?matt_word=edsonreiterconcatto&matt_tool=37292649&forceInApp=true&ref=BEI8ojEzVpBh%2BBKCjMOINUJwl5KFj2kM%2FqF0vlTdDvg0qvQGBuad4f8Dih7SjGTE7%2F5J6ZRyJtzzgGH2oJollwXIxRSvAAldtvjofifmHR6ExZ3pg5fnvBoNAtJy7vE2bBL3cuZGPDbNRH7zEOCYBJfIvyl2NzlYQhzHIsHDTx7wu06WtzPdCI50TWmlYsuf3%2F72yZs%3D,foto-remota-validada,https://meli.la/33apWZa
atlas-atenas-glass-5-bocas,Atlas Atenas Glass 5 Bocas,Atlas,Fogão,foto-real-confirmada,sim,nao,https://http2.mlstatic.com/D_NQ_NP_604920-MLA109320873306_042026-O.webp,https://www.mercadolivre.com.br/social/edsonreiterconcatto?matt_word=edsonreiterconcatto&matt_tool=37292649&forceInApp=true&ref=BLHMdHD9SwRk7JAFTVcOZMtoIVcSbSehu6TA2CX3HmGtyxJdbZNlCNA7tyMk%2BWUjK%2BQV0rkQGoaSwLuIVCzEJlhmcNYsPdJN6vw7t844QdMmeYJxYy1MHyl1lxie2G5wvYTTaY3kUI7ixVLPUnKbej458BcH41ATZB5PZcB33OcOGkuWkCpoZzFQbNRd43TahHPuFJY%3D,foto-remota-validada,https://meli.la/2CHodKA
atlas-monaco-plus-4-bocas,Atlas Mônaco Plus 4 Bocas Branco com Mesa Inox,Atlas,Fogão,foto-real-confirmada,sim,nao,https://http2.mlstatic.com/D_NQ_NP_704619-MLU77306908935_062024-O.webp,https://www.mercadolivre.com.br/social/edsonreiterconcatto?matt_word=edsonreiterconcatto&matt_tool=37292649&forceInApp=true&ref=BA0g8NlkGn2L6tFstLydcQz37ZBuf8F3yVWyB7Ew%2FdXxuTmXP5VVjIdKkbgcT2vluZgv3nxiEVLAigP5IzArGD5XLpAy6hUTASl6Yb3oI9ZcZpPZJrbIO9YibktvHc6U1%2BPaPP3WFUlX1mbP7Zw578pXNdlIbZsBtgXZUkWSmQuwXmNHUax32YILnbEu9bHOEWPYZBE%3D,foto-remota-validada,https://meli.la/1DERSef
brastemp-bfo4nbr,Brastemp BFO4NBR 4 Bocas Inox,Brastemp,Fogão,foto-real-confirmada,sim,nao,assets/produtos/brastemp-bfo4nbr.webp,https://www.brastemp.com.br/fogao-brastemp-4-bocas-inox-com-duas-prateleiras-com-alturas-ajustaveis-bfo4nbr/p,oficial,https://meli.la/1nq1WQj
brastemp-bfs5vce,Brastemp BFS5VCE 5 Bocas Preto com Mesa de Vidro,Brastemp,Fogão,foto-real-confirmada,sim,nao,assets/produtos/brastemp-bfs5vce.webp,https://www.brastemp.com.br/fogao-brastemp-5-bocas-preto-com-mesa-de-vidro-e-turbo-chama/p,oficial,https://meli.la/2NuZvEV
dako-magister-4-bocas-glass,Dako Magister 4 Bocas com Mesa de Vidro,Dako,Fogão,foto-real-confirmada,sim,nao,https://http2.mlstatic.com/D_NQ_NP_709206-MLU77371130505_072024-O.webp,https://www.mercadolivre.com.br/social/edsonreiterconcatto?matt_word=edsonreiterconcatto&matt_tool=37292649&forceInApp=true&ref=BB7Ev7tn36XfWREoq2Ccc3%2B545XNMoW7M0jJr7Qp73VlnquuqJq%2F7yjX8nwmkG1DceC%2BeqCVFixYoAiZ4kq5v63%2FgP%2BbE5tzPoI%2BRqbCEJeP%2F4WDFfP6KO4Np4xhNYqgmxFhhuq0WOln8NDZBrM0bKuLav%2BCX%2FIIduOEwXzJcV7PIhuMGQgtJkjn8kAw%2BbNkTZrYhSAEsZIOSxf6uYeyrZFgAFzKDsoEhYIKO6ModYI%3D,foto-remota-validada,https://meli.la/1FFzykC
dako-supreme-4-bocas-inox,Dako Supreme 4 Bocas com Mesa Inox,Dako,Fogão,foto-real-confirmada,sim,nao,https://http2.mlstatic.com/D_NQ_NP_663052-MLA83607941358_042025-O.webp,https://www.mercadolivre.com.br/social/edsonreiterconcatto?matt_word=edsonreiterconcatto&matt_tool=37292649&forceInApp=true&ref=BEkzCY0C4frtLlN7OA%2Bny82LOzjQaDLw91snPmJKbWVo7JXd3jcy1xNosGLC6UN2DUg5LUpNaoGSF4lxOfUqnMujw0NA6zPTnZOP89QRJ%2ByKrIyXeTa3Dp8wSfCi9ZTpakf1mY2jQ90JogrTvXqDICVFJSy5A%2B3NWIgFx4igVv6nPD57%2F1WeFPjPcC5wtX6pLJthe9mTTtmeDJh5KVqX4DlSrkP%2FmkHTZEeOj8TxikY%3D,foto-remota-validada,https://meli.la/1jeKuZa
dako-supreme-glass-5-bocas,Dako Supreme Glass 5 Bocas Preto,Dako,Fogão,foto-real-confirmada,sim,nao,assets/produtos/dako-supreme-glass-5b.webp,https://www.dako.com.br/fogao-5-bocas-preto-com-mesa-de-vidro-e-tripla-chama-dako-novo-supreme-glass-bivolt/p,oficial,https://meli.la/2h7yeaV
apple-airpods-4-anc,Apple AirPods 4 com ANC,Apple,Fones de ouvido,foto-real-confirmada,sim,nao,assets/produtos/apple-airpods-4-anc.webp,https://www.apple.com/br/airpods-4/,oficial,https://meli.la/1YXijZa
apple-airpods-max-2,Apple AirPods Max 2,Apple,Fones de ouvido,foto-real-confirmada,sim,nao,assets/produtos/apple-airpods-max-2.webp,https://www.apple.com/br/airpods-max/,oficial,https://meli.la/16cNNr9
apple-airpods-pro-3,Apple AirPods Pro 3,Apple,Fones de ouvido,foto-real-confirmada,sim,nao,assets/produtos/apple-airpods-pro-3.webp,https://www.apple.com/br/airpods-pro/,oficial,https://meli.la/342xBpk
jbl-live-beam-3,JBL Live Beam 3,JBL,Fones de ouvido,foto-real-confirmada,sim,nao,assets/produtos-v16-1/jbl-live-beam-3.webp,https://www.jbl.com.br/LIVE-BEAM-3.html,oficial,https://meli.la/1JRGPcS
jbl-tour-pro-3,JBL Tour Pro 3,JBL,Fones de ouvido,foto-real-confirmada,sim,nao,assets/produtos/jbl-tour-pro-3.webp,https://www.jbl.com.br/TOUR-PRO-3.html,oficial,https://meli.la/1vjfbrh
jbl-tune-beam-2,JBL Tune Beam 2,JBL,Fones de ouvido,foto-real-confirmada,sim,nao,assets/produtos-v16-1/jbl-tune-beam-2.webp,https://www.jbl.com.br/TUNE-BEAM-2.html,oficial,https://meli.la/2EbqzD8
qcy-ailybuds-pro-plus-ht10,QCY AilyBuds Pro+ (HT10),QCY,Fones de ouvido,foto-real-confirmada,sim,nao,assets/produtos/qcy-ailybuds-pro-plus-ht10.webp,https://www.qcy.com/products/qcy-ailybuds-pro-plus,oficial,https://meli.la/27FxtuZ
qcy-h3,QCY H3,QCY,Fones de ouvido,foto-real-confirmada,sim,nao,assets/produtos/qcy-h3.webp,https://www.qcy.com/pt/products/qcy-h3-wireless-headphone,oficial,https://meli.la/1xoo8H8
qcy-melobuds-pro-ht08,QCY MeloBuds Pro (HT08),QCY,Fones de ouvido,foto-real-confirmada,sim,nao,assets/produtos/qcy-melobuds-pro-ht08.webp,https://www.qcy.com/pt/products/qcy-melobuds-pro,oficial,https://meli.la/1HVwKe4
samsung-galaxy-buds3-fe,Samsung Galaxy Buds3 FE,Samsung,Fones de ouvido,foto-real-confirmada,sim,nao,assets/produtos/samsung-galaxy-buds3-fe.webp,https://www.samsung.com/br/audio-sound/galaxy-buds/galaxy-buds3-fe-black-sm-r420nzkazto/,oficial,https://meli.la/19gZMPm
samsung-galaxy-buds4,Samsung Galaxy Buds4,Samsung,Fones de ouvido,foto-real-confirmada,sim,nao,assets/produtos/samsung-galaxy-buds4.webp,https://www.samsung.com/br/audio-sound/galaxy-buds/galaxy-buds4-white-sm-r540nzwazto/,oficial,https://meli.la/1hzXopK
samsung-galaxy-buds4-pro,Samsung Galaxy Buds4 Pro,Samsung,Fones de ouvido,foto-real-confirmada,sim,nao,assets/produtos/samsung-galaxy-buds4-pro.webp,https://www.samsung.com/br/audio-sound/galaxy-buds/galaxy-buds4-pro-black-sm-r640nzkazto/,oficial,https://meli.la/2CTf533
redmi-buds-6-pro,REDMI Buds 6 Pro,Xiaomi / Redmi,Fones de ouvido,foto-real-confirmada,sim,nao,assets/produtos/redmi-buds-6-pro.webp,https://www.mi.com/global/product/redmi-buds-6-pro/,oficial,https://meli.la/1B2su4f
redmi-buds-8-lite,REDMI Buds 8 Lite,Xiaomi / Redmi,Fones de ouvido,foto-real-confirmada,sim,nao,assets/produtos/redmi-buds-8-lite.webp,https://www.mi.com/global/product/redmi-buds-8-lite/,oficial,https://meli.la/2itABwh
redmi-buds-8-pro,REDMI Buds 8 Pro,Xiaomi / Redmi,Fones de ouvido,foto-real-confirmada,sim,nao,assets/produtos/redmi-buds-8-pro.webp,https://www.mi.com/global/product/redmi-buds-8-pro/,oficial,https://meli.la/1Q3q5HG
cooler-master-mwe-gold-1250w-full-modular,Cooler Master MWE Gold 1250W Full Modular,Cooler Master,Fonte,foto-real-confirmada,sim,nao,https://http2.mlstatic.com/D_NQ_NP_894157-MLA99990683861_112025-O.webp,https://www.mercadolivre.com.br/social/edsonreiterconcatto?matt_word=edsonreiterconcatto&matt_tool=37292649&forceInApp=true&ref=BN%2BNsUezm2hPaDswg%2BUYKTQwImtiPmdWcFHv2iGq%2F9eH4L5NuIk315iLjc1fsFluEsced0Tx2WqknccQu0xmpKmdS0YLNXLOv3a%2FgvdrBAFuLMTiaNtcjwxVXB0aZYVANlovBoU3d9n7wwTKOgBfdGCabD%2BUAptBbtPFOsGMGcknN5gdplr8x7%2BaQlsv7x%2BiEXm5o%2BA%3D,foto-remota-validada,https://meli.la/1Febc4y
cooler-master-mwe-gold-750-v3-atx-3-1,Cooler Master MWE Gold 750 V3 ATX 3.1,Cooler Master,Fonte,foto-real-confirmada,sim,nao,assets/produtos/cooler-master-mwe-gold-750-v3-atx-3-1.webp,https://www.coolermaster.com/en-global/products/mwe-gold-750-v3-atx-3-1.html,oficial,https://meli.la/1ZhUtMn
cooler-master-mwe-gold-850-v3-850w,Cooler Master MWE Gold 850 V3 850W,Cooler Master,Fonte,foto-real-confirmada,sim,nao,https://http2.mlstatic.com/D_NQ_NP_671123-MLA99992712127_112025-O.webp,https://www.mercadolivre.com.br/social/edsonreiterconcatto?matt_word=edsonreiterconcatto&matt_tool=37292649&forceInApp=true&ref=BCEOMqcfyPxtT%2F6Qy4vGA7liax%2FdO9NvkDkNts96lpyyntqeOgfc8%2B%2BEzM4VmEi8QBtH21a3sf%2Fn9gu3QghVgJU8pGSt%2FNoXZ7tjOk57GsQdQocpbKMGy0J8M%2Fkqh%2BilbOS7iQSSInbMSHBO%2FpV%2F45mpi56Wv7BB7jPnJap4jvQlv5WDP1%2FqLUicXjcBcyrNFxUl4EP5IEwMCXJyVlFdOklRSSsrqZ0Fyu0NZw%3D%3D,foto-remota-validada,https://meli.la/1PvAQjb
corsair-rm750e-750w,Corsair RM750e 750W,Corsair,Fonte,foto-real-confirmada,sim,nao,https://http2.mlstatic.com/D_NQ_NP_897194-MLA99479823722_112025-O.webp,https://www.mercadolivre.com.br/social/edsonreiterconcatto?matt_word=edsonreiterconcatto&matt_tool=37292649&forceInApp=true&ref=BKrD9bVA7Ci%2FpxDJVXOeLHeiUH%2BdMohCqZ2YOwP1Y8e37Vg2eibU4BmGOpavbi%2FojWw%2F8gVKY9tFPpp0Z11HTkl6KxYW5ad7%2BIEi5Xo1W13nKTa66w5V7k0wO3j%2FAFeUINZ19lJpiy%2BpGES00UHH3TsJ90%2B0VjhWlJXZWbf9UBtt1X1AdfkkIFGElTag96x32wV0K9%2FCnGAewElgNybaoGtT1eaSwmK2SxFDPg%3D%3D,foto-remota-validada,https://meli.la/1YrxSdE
corsair-rm750x-750w-atx-3-1,Corsair RM750x 750W ATX 3.1,Corsair,Fonte,foto-real-confirmada,sim,nao,https://http2.mlstatic.com/D_NQ_NP_858771-MLB107762508966_032026-O.webp,https://www.mercadolivre.com.br/social/edsonreiterconcatto?matt_word=edsonreiterconcatto&matt_tool=37292649&forceInApp=true&ref=BA%2BYMasRYihCQGzO%2BCFgo65kbSE6WdhnKVQny1nG4vBJQyeJo2lH54HsKKHhNBEW0fhL%2FM5aQGvNAO5ZSa5WDNtzTpS911SV8iht%2FL7pD69tgCri2VcbjiGTtYwtW3lEEnauYR6fAztVOkaEWmSUEjMLFaf5SDhSw1Yiayo757mWS8IoiF0U0LNJ0wqB8CBwxDRKA%2BRPrPtuD2fxvQ%3D%3D,foto-remota-validada,https://meli.la/2cVkLNZ
corsair-rm850x-850w,Corsair RM850x 850W,Corsair,Fonte,foto-real-confirmada,sim,nao,https://http2.mlstatic.com/D_NQ_NP_856692-MLA100075899133_122025-O.webp,https://www.mercadolivre.com.br/social/edsonreiterconcatto?matt_word=edsonreiterconcatto&matt_tool=37292649&forceInApp=true&ref=BJKh9BJHsv5wx4EZIOSkT9GedkE%2FYNQxHpk0TF%2FRbBz0isy1FLSI9QkimpYz3peYPXpM5YzVzxbqH4spxxy1O5DcDL19sTN%2FaJzShB0luOLeunswU5ihNxPTbSC%2BkEiY17lxDnIieBk0fEiHuMIGrg%2FWiRYjApZApNycOu9SiZ0CqL1KzBMisc4M0e8cHzoK0P03Wg%3D%3D,foto-remota-validada,https://meli.la/2QBUWEi
msi-mag-a750gl-pcie5-750w,MSI MAG A750GL PCIe5 750W,MSI,Fonte,foto-real-confirmada,sim,nao,https://http2.mlstatic.com/D_NQ_NP_844327-MLU78189192887_082024-O.webp,https://www.mercadolivre.com.br/social/edsonreiterconcatto?matt_word=edsonreiterconcatto&matt_tool=37292649&forceInApp=true&ref=BKII8vLYXywkOwkN7n5a8NAh0GoVVHgh7v4PcUKx0YkAgSweLbkA6wGZS9ojvOUCh7VWL2YqOfi21gS9LhgNQdw8hf2UqqxaSmIJfhzcnEVf7BmL9oS34kFLEIWE%2B1EghgmtO0li3qWfxES9xJSaBG%2B1stSKHG7k3yg5zAN0vLu1FLj2gdE2RxTqznxV95gnJr%2FZgiA%3D,foto-remota-validada,https://meli.la/2YnnWxz
msi-mag-a850gl-pcie5-850w,MSI MAG A850GL PCIe5 850W,MSI,Fonte,foto-real-confirmada,sim,nao,https://http2.mlstatic.com/D_NQ_NP_659493-MLA99984696609_112025-O.webp,https://www.mercadolivre.com.br/social/edsonreiterconcatto?matt_word=edsonreiterconcatto&matt_tool=37292649&forceInApp=true&ref=BCvE%2BqNcsLV3WbTGKSH%2F9OzvTDP5FbUDIdZ2zRS50Qt%2FyT399aJP8Cuzd%2FwTxSZL%2B71tKabdTkw%2F1LUdv5S2IKicwNOLUH86jjViMadJs2pcIJQZ69fRThZxHMpIfCT%2FPicb%2FpsIrkDOhnIfmVEC78A1vIUXfhcNNKUB2Ub0iGZM4%2BTuWqmJ2aO7VqfL%2FeZdCLq0eeY%3D,foto-remota-validada,https://meli.la/1F4rn9f
msi-mpg-silent-pcie5-ii-1000w,MSI MPG Silent PCIe5 II 1000W,MSI,Fonte,foto-real-confirmada,sim,nao,https://http2.mlstatic.com/D_NQ_NP_905394-MLB110130853007_042026-O.webp,https://www.mercadolivre.com.br/social/edsonreiterconcatto?matt_word=edsonreiterconcatto&matt_tool=37292649&forceInApp=true&ref=BJr6xPdUt8q68Mn88fEegv6TQtF9424a%2Ba%2BH973%2Bh31rflGpUG3ghJyQisyWBqjr8zSuoEZUj2Wb1K0K6lhCOB2Gly2ph43RU8Afs4wMPlvIs1BMwR0sCplb4fJXs%2FHIIK%2B2e9sy8OS4tuOgC%2FdQos7jl1z60kLhMkoXnu%2BT%2BfR7BgN04Xbyz76kGp4BzV7bIBqootvEOkAM9Y02Bw%3D%3D,foto-remota-validada,https://meli.la/1FY4xKx
fischer-gourmet-grill-forno-eletrico-44l-branco,Fischer Gourmet Grill Forno Elétrico 44L Branco,Fischer,Forno elétrico,foto-real-confirmada,sim,nao,https://http2.mlstatic.com/D_NQ_NP_997341-MLA97470178271_112025-O.webp,https://www.mercadolivre.com.br/social/edsonreiterconcatto?matt_word=edsonreiterconcatto&matt_tool=37292649&forceInApp=true&ref=BBrgZFWIzFvjJn2eDsDGTINZHNHVlRdyC5TmNeAR7PDos1XBR7%2F4%2Ff8CpPy9mNyaFZt%2BJ4fvDN3Jm5s7tyXRMQx1sWg994yUdjYyB25NBMNSeVnVY5HbwUcFEgejq9Nh3HyQu8lNCX5JEoLgSXmcrtCeIggVGKvzN1UlEOQ85Gd37rl7amC%2FdYxggtAg0207XDE916s%3D,foto-remota-validada,https://meli.la/2H2ZFNF
fischer-infinity-forno-de-embutir-50l-com-air-fryer,Fischer Infinity Forno de Embutir 50L com Air Fryer,Fischer,Forno elétrico,foto-real-confirmada,sim,nao,https://http2.mlstatic.com/D_NQ_NP_605494-MLA110516332967_042026-O.webp,https://www.mercadolivre.com.br/social/edsonreiterconcatto?matt_word=edsonreiterconcatto&matt_tool=37292649&forceInApp=true&ref=BHlPJG4ZVsX9j%2Bd7%2FfxNWL5%2BRgYRgNERpU5YA9r7eHkSvGlIZtMNUdkquSmaBnnvNnnjxGQj37aVXimtsPZk2rPeWKJM6FgxGiDS5C7nwmfD1nI2B1NzIQPUXi%2FU6AT%2B7y3bnn37AO8Im3ubY%2FdXZFKv0qaTgRGIKEbAsINp8lKFwmHPOezL92KSm3UidQ%2FgEoo%2BJuQ%3D,foto-remota-validada,https://meli.la/1BSm5Qp
oster-ofor160-forno-e-fryer-10-em-1-15l-1600w,Oster OFOR160 Forno e Fryer 10 em 1 15L 1600W,Oster,Forno elétrico,foto-real-confirmada,sim,nao,https://http2.mlstatic.com/D_NQ_NP_883198-MLA100003618145_112025-O.webp,https://www.mercadolivre.com.br/social/edsonreiterconcatto?matt_word=edsonreiterconcatto&matt_tool=37292649&forceInApp=true&ref=BESymTHhF%2BpFxK981OIUIL93pwbKQpKuUinWPeakf3KfWnZE8e9dyE5CpEH4iVWa6fqWeGXftIwB4dGjlmTJr1Ipi3wjoiybUb0nYBBv6aG7yde2Bz7gfLcz8XH24IaZfq6%2F3TTuOl5C9oxyCGKKBDiScMLS5McSkWOxXm%2BzNBjf8aoxyL2zpCryq713j2TKKYxTzy8%3D,foto-remota-validada,https://meli.la/1n33mVc
oster-ofor455-forno-eletrico-45l-grafite,Oster OFOR455 Forno Elétrico 45L Grafite,Oster,Forno elétrico,foto-real-confirmada,sim,nao,https://http2.mlstatic.com/D_NQ_NP_883218-MLA99937763617_112025-O.webp,https://www.mercadolivre.com.br/social/edsonreiterconcatto?matt_word=edsonreiterconcatto&matt_tool=37292649&forceInApp=true&ref=BG3EiB6Ct9BUGo0CCdJ7%2Buyo%2B%2BDqLVg7j1%2F4KAznqxTJCRAKj1cP9chqXcefN2VA8XiMb5Kc11jjUXex4t4GSXRIaqDay5xSGHnQxkl5AdKG02OcYY1zIKhmcomUPFMcura1s90%2B0lj2nlGSm57prnmY8Qk3u0MvFR6IDVKoHlL3Y5L6CPT9Fdd6jOl%2BaIsUk7s%2B0w%3D%3D,foto-remota-validada,https://meli.la/2JjKgZM
philco-pfe52p-forno-eletrico-50l,Philco PFE52P Forno Elétrico 50L,Philco,Forno elétrico,foto-real-confirmada,sim,nao,https://http2.mlstatic.com/D_NQ_NP_918699-MLA100272216990_122025-O.webp,https://www.mercadolivre.com.br/social/edsonreiterconcatto?matt_word=edsonreiterconcatto&matt_tool=37292649&forceInApp=true&ref=BLFt71FC3uc16lWtHKg0ugHykjSBXbigFJedwry9nHx4C7myFiouLl%2B0axpgXsc9RLbDgn1hDXNJjZFvWOi70Sq2yMK0eNXUFppudMTkIAgMFxM2ZUNawc5v5CaKA5G6lOcSBtw6ymIwI11%2BteazqRIRtmjZZxer%2BwBeX64hW4GY0mnhV82ta319wWW%2Bo6y%2BinKe4f4%3D,foto-remota-validada,https://meli.la/2KU2c19
philco-pfe60i-forno-eletrico-60l-preto-inox,Philco PFE60I Forno Elétrico 60L Preto/Inox,Philco,Forno elétrico,foto-real-confirmada,sim,nao,https://http2.mlstatic.com/D_NQ_NP_781276-MLA100272335098_122025-O.webp,https://www.mercadolivre.com.br/social/edsonreiterconcatto?matt_word=edsonreiterconcatto&matt_tool=37292649&forceInApp=true&ref=BGJI4PHnI8wLG0BsXRihqX0PhHkGU99sh3U0C0LKx%2FLv05eby6J%2BBbJr7b66t4yZQRfs8bbTCCvi8nWVfY7wxMA64Z%2FavkDoVNT%2BzyumLb6VfhDrayv872ACth58ySxSxTSKE22R63FvUbhQ4v9as7CgADEr1Jlj6NuQcALvKK3ixdwGKR8Z1xelHFOMQv070znujBw%3D,foto-remota-validada,https://meli.la/194NYmq
cooler-master-masterbox-600,Cooler Master MasterBox 600,Cooler Master,Gabinete,foto-real-confirmada,sim,nao,https://http2.mlstatic.com/D_NQ_NP_926428-MLA99366565682_112025-O.webp,https://www.mercadolivre.com.br/social/edsonreiterconcatto?matt_word=edsonreiterconcatto&matt_tool=37292649&forceInApp=true&ref=BEepRQ5aqanuPNujIQf38qLrVMUjsOSJYKyeK%2Fs8FfurzahlomVIWQ0tmxflIK%2Fkzv0vXFapV825fCVjkKJ0CSxJ6nFjof3u4M27pI%2BOJBLbeLaVqDOO1msQfN8Edo2cFpqmHaZaJFo4mTtc3eUo2w4uVYL%2FM2c1UORRi%2BE0DMwOtr6ADIPW00ulERK4MYerTd0tcOmadOwQGh1bFffg0OHiWEqIwKn%2FoVEJXA%3D%3D,foto-remota-validada,https://meli.la/1z14PR9
cooler-master-masterframe-360-stage-mirror,Cooler Master MasterFrame 360 Stage Mirror,Cooler Master,Gabinete,foto-real-confirmada,sim,nao,https://http2.mlstatic.com/D_NQ_NP_845927-MLB110227350509_042026-O.webp,https://www.mercadolivre.com.br/social/edsonreiterconcatto?matt_word=edsonreiterconcatto&matt_tool=37292649&forceInApp=true&ref=BNOVyQKSW79z53UJMAACs%2BRHolOE3JmAkucXrY0kyeHNqzgBdcp8Ik5q%2BB2SEcKOsZYso7kYjs7zWgmsF0xPthznB29q8lwqiN7zv45ANFkR6T6rJmmpAzFedqMbG5Jvxorwr4%2BgPrCgeBQhaBk%2ByjP1n7i2bCt3lmX8snwWaQhd40fUKRio2evelNZ1J0lw4Y6iFbojdfSP5pAl%2BA%3D%3D,foto-remota-validada,https://meli.la/1s1kVtq
cooler-master-masterframe-600,Cooler Master MasterFrame 600,Cooler Master,Gabinete,foto-real-confirmada,sim,nao,https://http2.mlstatic.com/D_NQ_NP_744536-MLB110227305689_042026-O.webp,https://www.mercadolivre.com.br/social/edsonreiterconcatto?matt_word=edsonreiterconcatto&matt_tool=37292649&forceInApp=true&ref=BCjkq98%2F%2Fn0nD6Po6PtzffcbkKyvc2mUzlp8qFyRYVfN03abC0GUAJ2W%2Bs96jpuBnaBS8HqWAmxqMNUOhZuQSTcEqbZR1KCEnrW5H9%2F9WUCrv%2Fm7720%2BuiJI%2BsGFKwRPXp%2BnS7SEwxAgwD06DXVjBP96clK1mR3UJcd0OuyK3HT51IGF7WVeYLc%2FZ9mqV0awFVoidCW052l4pb9SEw%3D%3D,foto-remota-validada,https://meli.la/2bggh5a
cooler-master-td500-mesh-v2,Cooler Master TD500 Mesh V2,Cooler Master,Gabinete,foto-real-confirmada,sim,nao,https://http2.mlstatic.com/D_NQ_NP_887849-MLB107105559089_022026-O.webp,https://www.mercadolivre.com.br/social/edsonreiterconcatto?matt_word=edsonreiterconcatto&matt_tool=37292649&forceInApp=true&ref=BMCxD8ho1Ozp2%2Fj4Xp30zBWOHqAIehrhm7JZYTIqzqNgpeLXRB9X%2FOjVqJ%2BIRZZauLc6cJxfA%2F2ylg%2BvvZvluIsBjlyyJISdjCgBF9sSVM6Ydz8zCk0LP8OfFFf8Guj6Qb%2BfhriidzSExuI8ljmSMAMv7uLaa%2FqetVG7%2FVe1mhCywDRSWv76GO1ivXbLqfk2%2FG5r8pKLCyMvdrABBQ%3D%3D,foto-remota-validada,https://meli.la/13h9xj5
corsair-2500x,Corsair 2500X,Corsair,Gabinete,foto-real-confirmada,sim,nao,https://http2.mlstatic.com/D_NQ_NP_962204-MLB114492768153_072026-O.webp,https://www.mercadolivre.com.br/social/edsonreiterconcatto?matt_word=edsonreiterconcatto&matt_tool=37292649&forceInApp=true&ref=BCVk2fsyz55%2FL5%2BPYvRby1zgkqp0JqOGDiVYN4Su5WoGhyXqV0XowtH7k%2FOGwYGliVjAwzeUaJKgmJLOpu8OmYGavqKELWWzy18idLRMBb9iPcUcNDtgGirqPHQsPOTDKmUG3g7LzqVXRGetsDzIysrTW4VmXT1BwGL7kDU4dQD7tiKTCWQog9ksVg3lcM0MjAMsDQ%3D%3D,foto-remota-validada,https://meli.la/1KGvYtJ
corsair-3000d-airflow,Corsair 3000D Airflow,Corsair,Gabinete,foto-real-confirmada,sim,nao,https://http2.mlstatic.com/D_NQ_NP_727847-MLU75645076673_042024-O.webp,https://www.mercadolivre.com.br/social/edsonreiterconcatto?matt_word=edsonreiterconcatto&matt_tool=37292649&forceInApp=true&ref=BNVqI2Pms7F8oYl%2Fh9nF4zv7LjLnUfyh2Lx6ymUriSMzFHcvbqidodCMLTann2sIT5izhIDUKBi%2BpnqX8z7xFs9%2BOG0hQS4G2MbaXL7SGVot02zaO5bb8ZESBLgld1RN59gUUmHvB5%2F9ZOyw4yEy0lqjRMJ8Et4oAm9nfmiebJDofcH6iOlGabXhALTa5cJEAj5b8A%3D%3D,foto-remota-validada,https://meli.la/1F5AorB
corsair-6500x-rgb,Corsair 6500X RGB,Corsair,Gabinete,foto-real-confirmada,sim,nao,https://http2.mlstatic.com/D_NQ_NP_757958-MLA91559881882_092025-O.webp,https://www.mercadolivre.com.br/social/edsonreiterconcatto?matt_word=edsonreiterconcatto&matt_tool=37292649&forceInApp=true&ref=BHywIKrRRxvTpkQkrPo0YtuQ%2BQcVrGpEyXrellPXMbFC0pJWRH9CRcnJ2pcvdhFqdC50W%2B280C46O%2FlAgtDrUs6%2BL4cAfQvUFpUEO5GZIXgw7Tvs2N0BkVbYrWRReGIYzs%2FttcKy8S6Oa5SbxEQxKhs5n9hqZvodB6b8OE3GcdiQNH%2BSVysqfcknwd6sR2Ze%2FKJvIQ%3D%3D,foto-remota-validada,https://meli.la/1AMMM3K
montech-king-95-pro,Montech King 95 Pro,Montech,Gabinete,foto-real-confirmada,sim,nao,https://http2.mlstatic.com/D_NQ_NP_897544-MLB107177001289_022026-O.webp,https://www.mercadolivre.com.br/social/edsonreiterconcatto?matt_word=edsonreiterconcatto&matt_tool=37292649&forceInApp=true&ref=BCRYFuSuEdvqn3lRzDQ1%2BTFQoLq5%2FX1Uzhs2FGX5lw2l%2BmJnxvZ8chrDjC48IMJE8%2BmHF1m%2Bhn1JuTELpG67pejC10O0OgA9h8qJ5AZ7xM%2FJfNaRgDClTMBeTcG5GEKFyefkKz2tjxq%2Buo86HJMeDtxVJNNE3TRmN6O9%2BJkKD%2FGUUSawStXgYxyKpVHC8LySy6MCDg%3D%3D,foto-remota-validada,https://meli.la/1p21ndB
montech-xr,Montech XR,Montech,Gabinete,foto-real-confirmada,sim,nao,https://http2.mlstatic.com/D_NQ_NP_712614-MLB108306407986_032026-O.webp,https://www.mercadolivre.com.br/social/edsonreiterconcatto?matt_word=edsonreiterconcatto&matt_tool=37292649&forceInApp=true&ref=BJzF9NoZWKTXNIqkhzdWamlQv1QY5pHgcT%2B0GqquigPhA3eCdtRUplLg%2BjYAKQCTD2FO1iZyXrDJk81pV8EpalK%2FIg%2Bt4I%2FhHGpwpspwZc%2BGZLNewfJ61AE0uIxar9mwxLBySwUlEoBrBIXi44vzDsXopz%2FlTv8aUrrWlHMPhwmHpXsdmIPVQm0NIkwILG3RwLkAbw%3D%3D,foto-remota-validada,https://meli.la/2PySQ8S
be-quiet-light-base-600-lx,be quiet! Light Base 600 LX,be quiet!,Gabinete,foto-real-confirmada,sim,nao,https://http2.mlstatic.com/D_NQ_NP_774284-MLA99472192656_112025-O.webp,https://www.mercadolivre.com.br/social/edsonreiterconcatto?matt_word=edsonreiterconcatto&matt_tool=37292649&forceInApp=true&ref=BOpDeJFMTcFEtErhjUxlq%2FiD%2FrJ1RmB%2FfGE7owAnsa7E5ij3WJDT9zw5Wen9MvHtQd8%2FmOW1NI1eOugAWyWL6xlI2ZtMcoKV5rCX49IkRha9FV4EY85lluroz1oPV23f9nJ7KHv%2BxjvpaJcnJRZ%2FGRLTQp8DefgNt52SgkceoFy7aX8H5wQlFlkAOjwIoB7R4uI%2FhMp6mjSmwC2zvmi5rfymQgz7sLqJ%2BIi%2BTA%3D%3D,foto-remota-validada,https://meli.la/2TEmK7P
placa-mae-asus-p-amd-am4-b550m-plus-tuf-gaming-4xddr4-matx,Placa-mãe Asus P/amd Am4 B550m-plus Tuf Gaming 4xddr4 Matx,ASUS,Gamer,foto-real-confirmada,sim,nao,assets/produtos/placa-mae-asus-p-amd-am4-b550m-plus-tuf-gaming-4xddr4-matx-anuncio.webp,https://produto.mercadolivre.com.br/MLB-7273724354-_JM,anuncio,https://meli.la/2vxujse
computador-completo-facil-intel-core-i7-16gb-ssd-240gb-16-gb,Computador Completo Fácil Intel Core I7 16gb Ssd 240gb 16 Gb,Intel,Gamer,foto-real-confirmada,sim,nao,assets/produtos/computador-completo-facil-intel-core-i7-16gb-ssd-240gb-16-gb-anuncio.webp,https://produto.mercadolivre.com.br/MLB-4078818285-_JM,anuncio,https://meli.la/1pCst9r
consul-crm44mk-377l-inox,Geladeira Consul CRM44MK Frost Free 377 L,Consul,Geladeiras,foto-real-confirmada,sim,nao,assets/produtos/consul-crm44mk-377l-inox.webp,https://www.madeiramadeira.com.br/geladeira-consul-377-litros-frost-free-duplex-crm44mk-631331914.html,anuncio,https://meli.la/2KwHdm8
electrolux-im7-french-door-480l-branca,Geladeira Electrolux IM7 French Door 480 L,Electrolux,Geladeiras,foto-real-confirmada,sim,nao,assets/produtos/electrolux-im7-french-door-480l-branca.webp,https://www.lojasguaibim.com.br/geladeira-electrolux-frost-free-inverter-3-portas-480l-im7-branca/p,anuncio,https://meli.la/1VigA7K
electrolux-tf70s-autosense-431l,Geladeira Electrolux TF70S AutoSense 431 L,Electrolux,Geladeiras,foto-real-confirmada,sim,nao,assets/produtos/electrolux-tf70s-autosense-431l.webp,https://reidaspromocoes.com.br/geladeira-electrolux-frost-free-431l-efficient-autosense-duplex-inox-look-tf70s-220v-2/,anuncio,https://meli.la/2TzeTVh
lg-gc-b569nll-inverse-451l-220v,Geladeira LG GC-B569NLL Inverse 451 L 220 V,LG,Geladeiras,foto-real-confirmada,sim,nao,assets/produtos/lg-gc-b569nll-inverse-451l-220v.webp,https://www.omagazine.com.br/geladeira-smart-lg-frost-free-inverter-451l-inverse-cor-inox-look-gc-b569nll,anuncio,https://meli.la/2iEdoNz
lg-side-by-side-519l-inox-look,Geladeira LG Side by Side 519 L Inox Look,LG,Geladeiras,foto-real-confirmada,sim,nao,assets/produtos/lg-side-by-side-519l-inox-look.webp,https://www.madeiramadeira.com.br/geladeira-lg-side-by-side-519l-compressor-inverter-gc-b187pqal-110v-875905909.html,anuncio,https://meli.la/28yCJ37
midea-inverse-401l-inverter-inox,Geladeira Midea Inverse 401 L Inverter Inox,Midea,Geladeiras,foto-real-confirmada,sim,nao,assets/produtos/midea-inverse-401l-inverter-inox.webp,https://www.midea.com.br/geladeira-frost-free-inverse-401l-inverter-bivolt-cor-inox-midea-1/p,oficial,https://meli.la/2YEJxCq
midea-inverse-401l-inverter-preta,Geladeira Midea Inverse 401 L Inverter Preta,Midea,Geladeiras,foto-real-confirmada,sim,nao,assets/produtos/midea-inverse-401l-inverter-preta.webp,https://www.midea.com.br/geladeira-frost-free-inverse-401l-inverter-bivolt-preta-midea-1/p,oficial,https://meli.la/31QS5Rh
philco-prf504i-side-by-side-489l,Geladeira Philco PRF504I Side by Side 489 L,Philco,Geladeiras,foto-real-confirmada,sim,nao,assets/produtos/philco-prf504i-side-by-side-489l.webp,https://www.philco.com.br/geladeira-philco-side-by-side-489l-prf504i-inverter-/p,oficial,https://meli.la/2mN92sq
samsung-rt53-smartthings-524l-inox,Geladeira Samsung RT53 SmartThings 524 L,Samsung,Geladeiras,foto-real-confirmada,sim,nao,assets/produtos/samsung-rt53-smartthings-524l-inox.webp,https://allmarket.ge/en/product/360711-matsivari-samsung-rt53dg7b60s9wr_-524l_-a-no-frost_-refrigerator_-grey,anuncio,https://meli.la/2PfaLG6
black-decker-gourmand-sanduicheira-grill,Black+Decker Gourmand Sanduicheira Grill,Black+Decker,Grill / Sanduicheira,foto-real-confirmada,sim,nao,https://http2.mlstatic.com/D_NQ_NP_938964-MLB104144231599_012026-O.webp,https://www.mercadolivre.com.br/social/edsonreiterconcatto?matt_word=edsonreiterconcatto&matt_tool=37292649&forceInApp=true&ref=BKY26ewWT1YqJk98%2BxGilfssKUPuJAPfOoqeEookbPvPffotfJlI061RxZEiGOOQU2BWAiiHWOteO9Fcx7w%2FcTsIApw0Felat3BVjwW1N5mNwaZgfMvydLov0xYcIZNT0VvvDm4Uuz5TRMTH9Be9uhgLAFcV1IZyQWRir3XIo%2FaVSpbN%2BJeqMIgt8E93p1gS9F2Xpw%3D%3D,foto-remota-validada,https://meli.la/1VV8MZz
britania-bgr27i-sanduicheira-grill-850w,Britânia BGR27I Sanduicheira Grill 850W,Britânia,Grill / Sanduicheira,foto-real-confirmada,sim,nao,https://http2.mlstatic.com/D_NQ_NP_638370-MLA108263946533_032026-O.webp,https://www.mercadolivre.com.br/social/edsonreiterconcatto?matt_word=edsonreiterconcatto&matt_tool=37292649&forceInApp=true&ref=BAD7BmHzMQXwTZv6a93BkihwoXNq6sATMnil9k9NdrSnZxgR5dpYPhahsmhBWwJh0%2BPaUJ3b%2BfXd7OTYf8rPKOtB6qvyepoMY4jGXG%2BvApUFRivGdyPNZFf4uaFRE10%2FpkHpe8%2Buvth1Uk%2FtrbsGjNzq5cnkStDM2WHA6JyEQicjwAC9j1ekjvyuyLtC%2BjdDP5JuYdQ%3D,foto-remota-validada,https://meli.la/1PE8P6o
britania-mini-sanduicheira-e-grill-180,Britânia Mini Sanduicheira e Grill 180°,Britânia,Grill / Sanduicheira,foto-real-confirmada,sim,nao,https://http2.mlstatic.com/D_NQ_NP_693874-MLB89280711744_082025-O.webp,https://www.mercadolivre.com.br/social/edsonreiterconcatto?matt_word=edsonreiterconcatto&matt_tool=37292649&forceInApp=true&ref=BN%2BNzWiCBiP6uuHgLGgzrKlf4Umai3MGoaq%2B6DIK3F6qJ%2BtGx8MGklvQP%2FmpgLTT2mdVgMTjqKreq1jHOrS%2FFJuyjwL6H4TiEysmQXC8UvGH4lBEBKyvLiP0GDOfGB3rbiYT%2Fmd5AtCs%2B%2FAg4JBBODDsynOEJgO8lcnIdDke878n8%2FqBT0oEtC%2B5ijO1cqHWvh0LpD4I2qR%2FJN64nA%3D%3D,foto-remota-validada,https://meli.la/2J4h3n5
mondial-press-grill-180-pg-02-2000w,Mondial Press Grill 180 PG-02 2000W,Mondial,Grill / Sanduicheira,foto-real-confirmada,sim,nao,https://http2.mlstatic.com/D_NQ_NP_784036-MLA99501450402_112025-O.webp,https://www.mercadolivre.com.br/social/edsonreiterconcatto?matt_word=edsonreiterconcatto&matt_tool=37292649&forceInApp=true&ref=BD5Wvl%2BHtWWY1Mu%2BRH9vDGhTMilrKm6IyyfgWkpKdzyFHwEowngflAEHGMeCWbhLLQEyO8PHVTIR1S5tQpiWOvav%2FoPO4hUOcFWz%2FGlXFRSNUGmGF2rXcN9kqVEWx9Kr8esD7OIGPv%2FhAL8veRPul2WlYci8Ae6tPN1xjFjz%2FeXFXVxzMfGqrLN3z3X7Gxw%2Bkh7qO80%3D,foto-remota-validada,https://meli.la/2rH6xy3
mondial-press-grill-red-ceramic-pg-01-rc-1000w,Mondial Press Grill Red Ceramic PG-01-RC 1000W,Mondial,Grill / Sanduicheira,foto-real-confirmada,sim,nao,https://http2.mlstatic.com/D_NQ_NP_868616-MLA100012353591_122025-O.webp,https://www.mercadolivre.com.br/social/edsonreiterconcatto?matt_word=edsonreiterconcatto&matt_tool=37292649&forceInApp=true&ref=BMeHaSB8XsPmqm5X8a%2F0EtzeX0aA3or41Bc4X%2FmGpmllZYtmG5FlRUZHXNMm1rn6Aaaa0lf7SipdHOIvq1bj2Ny2zHL2br%2F3zDTfZSXeXKIPd3NPS8%2FlLNZyvxsoU%2Fk1pv3xmO110ULmjtjqOHlM0cVMlVwL%2B5nS9LNKPOUZmp8hFLthAyJL89HIZctYW87h7i2ZW8o%3D,foto-remota-validada,https://meli.la/2S43yjG
oster-ogrl610-grill-eletrico-multiuso-2-em-1,Oster OGRL610 Grill Elétrico Multiuso 2 em 1,Oster,Grill / Sanduicheira,foto-real-confirmada,sim,nao,https://http2.mlstatic.com/D_NQ_NP_998318-MLA99596206410_122025-O.webp,https://www.mercadolivre.com.br/social/edsonreiterconcatto?matt_word=edsonreiterconcatto&matt_tool=37292649&forceInApp=true&ref=BIg0T1ZWjZJczJ6RFmym7qXuzbZlpLGjNeQ%2Bqc4XrsbYzhOvIbZFvCcKdEEMDsoCe7uaseDY9BbFKRwdeBPoJva68z2YM3xyGMKzLUpp3uVondW4AULDiN8K8BMmjE4IY2yuwZsWH1X844XdvNizxmfsYzXzDxTEZFjOqfJ3IfoWGwzi0qjYUa%2F%2FRY8aEtfc1FPshKo%3D,foto-remota-validada,https://meli.la/1GgP9gt
oster-osan500-sanduicheira-inox,Oster OSAN500 Sanduicheira Inox,Oster,Grill / Sanduicheira,foto-real-confirmada,sim,nao,https://http2.mlstatic.com/D_NQ_NP_854021-MLA112550266440_062026-O.webp,https://www.mercadolivre.com.br/social/edsonreiterconcatto?matt_word=edsonreiterconcatto&matt_tool=37292649&forceInApp=true&ref=BDWN83dLnDaUg8L94ajKulFaSs4sjN1Y0am6%2Bfqq28%2Fvp9pT79X%2B3NdtzRvFZ5vtNPo8XWSl0wC6rlA5%2B%2BcHL%2Fm4ZhHAmpLzbiWS846BQzK1XBadSzIXWDuxdWkJdBCdBwQ1g6BJQ3n88HXJ%2B%2FWn8hKZc0kvmKM2V14c4wEE4zDeeUyW0t15AKAkoJ%2FUZjkEF2vsW4uah%2FzXKTb2BFKpZ7jOYoJXqgTy%2Bea5ZQ%3D%3D,foto-remota-validada,https://meli.la/1Rg1Z5p
anker-341-hub-usb-c-7-em-1-100w-4k-hdmi-sd,Anker 341 Hub USB-C 7 em 1 100W 4K HDMI SD,Anker,Hub USB-C,foto-real-confirmada,sim,nao,https://http2.mlstatic.com/D_NQ_NP_901186-CBT110024350067_042026-O.webp,https://www.mercadolivre.com.br/social/edsonreiterconcatto?matt_word=edsonreiterconcatto&matt_tool=37292649&forceInApp=true&ref=BMRV8FPNaC96ypzEqJEnjImoOn0Io08LhezVWdSCGiFwvtDQVYBX3oUQ4c%2B7o7JJeCprAZT7nSHXydemk7bqSZgS7eU7uJyQD%2Fv2dCVuo0N1tWmJYV77Ui%2FhBR6DY7lfDU8F4fvEHMilcKEUNNRfZvAyhQYdHBzHI5KU9W2UZfdObkcjISIkZ48qWsLmaz8L3vu%2FlA9yjQ%3D%3D,foto-remota-validada,https://meli.la/1acDiwM
anker-hub-usb-c-8-em-1-100w-hdmi-4k60-ethernet-sd,Anker Hub USB-C 8 em 1 100W HDMI 4K60 Ethernet SD,Anker,Hub USB-C,foto-real-confirmada,sim,nao,https://http2.mlstatic.com/D_NQ_NP_938539-MLA102587662393_122025-O.webp,https://www.mercadolivre.com.br/social/edsonreiterconcatto?matt_word=edsonreiterconcatto&matt_tool=37292649&forceInApp=true&ref=BPaliPsGQ%2FaGRIIXpAOVcH3Bs7LdHFxw4Lb1y3xnJWU9ueRVkMx7GZ9u%2BxOr8C81PxW0Mw%2F2swqEsNBg0AvtFuDRh0n1f3OEgbqiZbw17r9DGm3sZYjp3PxMhyxXOl%2BknC8Je%2FWUsLwZBltERGycpsZNnTSrN%2BrsyD8P9h6S4OvbJXO2tuQRi1Mgx7wSJjUTPc4NVl8%3D,foto-remota-validada,https://meli.la/29dthsn
anker-powerexpand-hub-usb-c-6-em-1-4k-hdmi-65w-pd,Anker PowerExpand Hub USB-C 6 em 1 4K HDMI 65W PD,Anker,Hub USB-C,foto-real-confirmada,sim,nao,https://http2.mlstatic.com/D_NQ_NP_692972-CBT109554138946_042026-O.webp,https://www.mercadolivre.com.br/social/edsonreiterconcatto?matt_word=edsonreiterconcatto&matt_tool=37292649&forceInApp=true&ref=BFaFj1zv3qaXBLjZDQBHqeaKtB6Q%2FdJAn4HqgM5nh3GiIUXqnro1%2BBr%2B3ztpTMHCf4TLEdrix5tqRk7BEx79EhtM%2FT7%2BUu4CYZfE0RBj9eWPOsuou4O68J%2BMp83e7mWBU9NAVyl8wRW4G04xZ5Y3KPDJWI12KyL8DM9TmGcjzC%2BWH%2FaA8db6l8l780F6lq1MMFM9xgD%2Bmw%3D%3D,foto-remota-validada,https://meli.la/1u4eer6
baseus-dock-usb-c-8-em-1-hdmi-4k,Baseus Dock USB-C 8 em 1 HDMI 4K,Baseus,Hub USB-C,foto-real-confirmada,sim,nao,https://http2.mlstatic.com/D_NQ_NP_775515-CBT73922350406_012024-O.webp,https://www.mercadolivre.com.br/social/edsonreiterconcatto?matt_word=edsonreiterconcatto&matt_tool=37292649&forceInApp=true&ref=BP8ePuJCgzMwq70T90ME1BsjUy52aIRVLJkCeHVbISeZ4a4lCQXk1W2MNm7C4qNZ9HcLIOhRR5Q5x893p9YB7sv5CwFAE5Zv0B18T606Qn1dWkLURlna0r2xvGFWjeFZIfoeK918dkDh4iBVRb4hzD0%2FAugre5m7%2BSuMIjiPcCbICNHkrxzu%2FPt4P8%2Bz6uMtQGFO6UywWg%3D%3D,foto-remota-validada,https://meli.la/1RnXbcD
baseus-hub-usb-c-7-em-1-hdmi-4k60,Baseus Hub USB-C 7 em 1 HDMI 4K60,Baseus,Hub USB-C,foto-real-confirmada,sim,nao,https://http2.mlstatic.com/D_NQ_NP_792648-MLA87793743798_072025-O.webp,https://www.mercadolivre.com.br/social/edsonreiterconcatto?matt_word=edsonreiterconcatto&matt_tool=37292649&forceInApp=true&ref=BN8pmP3LheteehP1csDG%2FvwC2gYqiUZfTOO8to9rKX9KapTzodGQiQ8EjohWXAJsBrTOZ5P09x5vor%2Fe8H2Ux8tPJ5BWoyzM4138Q83vrapiJYIVqqbam5BnQZuVfDnqX7Q4%2F1PA%2F4fXnyKOu8itw4FEi1fzi%2FNLlx2RQgq5Zy67X4GSNXHp30vacp2T6IPf%2Bd1zkqs%3D,foto-remota-validada,https://meli.la/1h2rjMh
ugreen-hub-usb-c-5-em-1-hdmi-4k-pd-100w,UGREEN Hub USB-C 5 em 1 HDMI 4K PD 100W,UGREEN,Hub USB-C,foto-real-confirmada,sim,nao,https://http2.mlstatic.com/D_NQ_NP_971024-MLA100041532373_122025-O.webp,https://www.mercadolivre.com.br/social/edsonreiterconcatto?matt_word=edsonreiterconcatto&matt_tool=37292649&forceInApp=true&ref=BG2ePdQHzH1lZIEJR%2FIofGju42k2vl2zfdnNCyyVpV%2F8nG54YnICprTQJh8TpDjoaPL7SeAOFtn8%2FRxZVGZjsnjyAHKH%2BdWisyophGECM9VcqqEF5yuEZCKonKNQ9ScntxSClARIgf99l4yknfgyhf3H5v3wXwO9Cvmhx89Fqzw6OJKBArrfnM24vDl1f%2BMyE4mxJg%3D%3D,foto-remota-validada,https://meli.la/1d12VdS
ugreen-revodok-1071-hub-usb-c-7-em-1-hdmi-4k-pd-100w,UGREEN Revodok 1071 Hub USB-C 7 em 1 HDMI 4K PD 100W,UGREEN,Hub USB-C,foto-real-confirmada,sim,nao,https://http2.mlstatic.com/D_NQ_NP_871666-CBT89158127557_082025-O.webp,https://www.mercadolivre.com.br/social/edsonreiterconcatto?matt_word=edsonreiterconcatto&matt_tool=37292649&forceInApp=true&ref=BPNl8o5vtHK6whu0VpgqqjW6zg%2FJVzWuqRjD0wy0QCO%2BrkmGq2Lsuk9cNOg3dYQlqad78Rdj%2BwN1JIh%2FVX756qvYNMv3Ty7eMubGl%2BjrIn33qM4iE9RANVIpXaKxp0W1ooLZPAwKAe6SbiZSNX9amJQGEdjsZvDFeLRFuTdXTP3bpJeAZzlHbIE0CTujYmSnfWe3isNw8g%3D%3D,foto-remota-validada,https://meli.la/15wjVWS
ugreen-revodok-pro-hub-usb-c-9-em-1-4k60-gigabit-pd100w,UGREEN Revodok Pro Hub USB-C 9 em 1 4K60 Gigabit PD100W,UGREEN,Hub USB-C,foto-real-confirmada,sim,nao,https://http2.mlstatic.com/D_NQ_NP_774226-CBT109772535396_042026-O.webp,https://www.mercadolivre.com.br/social/edsonreiterconcatto?matt_word=edsonreiterconcatto&matt_tool=37292649&forceInApp=true&ref=BIUxZpia223snjA8gI77BFd0h6cdOdZNgbCEw5rF4%2F6MOFoyuMKqiib9nfc%2B3ZVNTys62t8sNtMFvt%2BHYr%2BstJwJGjCbgzOBgtpP%2FiROB1kzhzjKZENWwL0Rygza8CBKF7RjUuUqdfeVqeclXjBTpJyA4deqdOq3lYu0Dk7LyfLxwNkBHd7zmtJxXrjsVgaOVIADDa5nFQ%3D%3D,foto-remota-validada,https://meli.la/16sNSjv
elgin-smart-lamp-20w,Elgin Lâmpada Smart Color RGB Wi‑Fi 20W,Elgin,Iluminação inteligente,foto-real-confirmada,sim,nao,https://http2.mlstatic.com/D_NQ_NP_730687-MLA99506442690_112025-O.webp,https://www.mercadolivre.com.br/social/edsonreiterconcatto?matt_word=edsonreiterconcatto&matt_tool=37292649&forceInApp=true&ref=BBXnI5J%2BVTvyrr3lmYhhKrFXn7d4OWb%2FeDztps3H9j8QQabBawBC2EZDflArgMMSZh9jPLmb%2BsDpW%2FeEOIgwvhH%2FpdqZTjloDzjgV76XJEpbkQijIR6o%2B5A8BoNsbprHksX7fhmC8Hre6sbwu9Ztusmv6UZFJ2geSi%2BtffDyF24kxtCQyvmk2xdhsB%2Bk4rdbvq9RL7U%3D,foto-remota-validada,https://meli.la/1vA6hBN
elgin-smart-lamp-30w,Elgin Lâmpada Smart LED RGB Wi‑Fi 30W,Elgin,Iluminação inteligente,foto-real-confirmada,sim,nao,https://http2.mlstatic.com/D_NQ_NP_627151-MLB111355027192_052026-O.webp,https://www.mercadolivre.com.br/social/edsonreiterconcatto?matt_word=edsonreiterconcatto&matt_tool=37292649&forceInApp=true&ref=BK57KPKLa%2F%2FykIw1gPs%2Bj8gxT7fx9zkGKc13kN%2F4HTC1ipF%2Bg8S5bKnAE28DizblcCwzS58IABKGYE0NF4eODBNlXSXwdD59ZQzneHxiYf85Yn51JDSsFxqLNTf4wptS5J%2BLnMSptX2luKFKUalOl9bkGpSQ6cspKPuE87O7XMODFIsQ81Cszj%2BsWDh7GjMlyhF3rd3bTCyxxJEbFQ%3D%3D,foto-remota-validada,https://meli.la/1gJ3LKQ
philips-hue-a60-e27-1100,Philips Hue A60 E27 White & Color Ambiance 1100,Philips Hue,Iluminação inteligente,foto-real-confirmada,sim,nao,assets/produtos/philips-hue-a60-e27-1100.webp,https://www.philips-hue.com/en-sg/p/hue-white-and-color-ambiance-a60-e27-smart-bulb-1100/8719514457317,oficial,https://meli.la/2B2mzEo
positivo-smart-lamp-10w,Positivo Casa Inteligente Smart Lâmpada Wi‑Fi RGB 10W,Positivo,Iluminação inteligente,foto-real-confirmada,sim,nao,assets/produtos/positivo-smart-lamp-10w.webp,https://www.positivocasainteligente.com.br/smart-lampada-wi-fi-rgb--mais-11167878/p,oficial,https://meli.la/2bZSn9P
qualitronix-smart-lamp-10w,Qualitronix Smart Lâmpada Wi‑Fi Color E27 10W,Qualitronix,Iluminação inteligente,foto-real-confirmada,sim,nao,https://http2.mlstatic.com/D_NQ_NP_842422-MLA110939799616_052026-O.webp,https://www.mercadolivre.com.br/social/edsonreiterconcatto?matt_word=edsonreiterconcatto&matt_tool=37292649&forceInApp=true&ref=BHLP2dIxanLMyIzsidpO7XJGdO%2By%2BydIzOJLyS92JJgv%2BMt5vZrSEBV%2B6KabxPGUlYWBHv65vrXTVe9c3hsPyqQ1gxZ6YdPsxed1u0fJc9OGNRc1%2BWHX7UHX%2BnSaHipLz4Aw84sWt2BO%2BL7VB1IWzP5H2IAnAGP4nYDd8dxvcsWXGXFaY6jjku60YZ1U6vZVyNAiKEs%3D,foto-remota-validada,https://meli.la/1RnZbL9
kit-3-refletor-100w-led-6500k-branco-frio-avant-externo-ip65-cor-da-carcaca-preto-cor-da-luz,Kit 3 Refletor 100W LED 6500k Branco Frio Avant Externo IP65 Cor da Carcaca Preto Cor da Luz Branco Frio,Avant,Instalações,foto-real-confirmada,sim,nao,https://http2.mlstatic.com/D_NQ_NP_986647-MLA99911753571_112025-O.webp,https://www.mercadolivre.com.br/social/edsonreiterconcatto?matt_word=edsonreiterconcatto&matt_tool=37292649&forceInApp=true&ref=BJfUQ55S3SMcWFrqCAIAaiQ4%2BH%2F6Nwy6Hvxx6g91idpz3Yh0Te4dnHo2VdjzfgYn0%2BgmeZz52E94275lsa29xRO9mQCcpTb0HwNtPbbdumvFvZVdSrH0vcuvjvILvzRwKLakJjlpK78XehMfCIpxbMZM3HtxilMCh0HG87gvHXs6dSKgVkwKNaLU8MiEFZ%2F7%2BTAZjbeHVn7kDDXkYLHkCMYi%2FZ%2F2UtrPtIH9hA%3D%3D,foto-remota-validada,https://meli.la/1SerqYq
cabo-flex-fio-cobre-6mm-preto-750v-rolo-100m-cobrecom,Cabo Flex Fio Cobre 6MM Preto 750V Rolo 100M Cobrecom,Cobrecom,Instalações,foto-real-confirmada,sim,nao,https://http2.mlstatic.com/D_NQ_NP_931524-MLA106100224679_012026-O.webp,https://www.mercadolivre.com.br/social/edsonreiterconcatto?matt_word=edsonreiterconcatto&matt_tool=37292649&forceInApp=true&ref=BNh3bD%2Ba34nONMHdpr8MlUPT3y5XHkVFppwii67kDFtXDufLnqlXYaHje%2FE6iRVOMkQEvb857PMhNxbAGJiMFTJM7Np2GZOj2ySb3OwSGJgx24x%2FTOIJ02QxU549qPBFggE5jOlZRQxWiltYui2IRZtlKNM4bPIcLmFAn9Mo88habH09fsukB1%2BLzRhQR%2BOKeuvSDuH99jbRDqJdPQ%3D%3D,foto-remota-validada,https://meli.la/1j5LPQb
cabo-fio-eletrico-flexivel-25mm-100m-corfio-cor-da-cobertura-preto,Cabo Fio Eletrico Flexivel 25MM 100M Corfio Cor da Cobertura Preto,Corfio,Instalações,foto-real-confirmada,sim,nao,https://http2.mlstatic.com/D_NQ_NP_792957-MLA79868799522_102024-O.webp,https://www.mercadolivre.com.br/social/edsonreiterconcatto?matt_word=edsonreiterconcatto&matt_tool=37292649&forceInApp=true&ref=BO3s7ZN15sKFy8MWD8TMsn%2BjDMf8YgvArV10KwN2pFZtZgHwnbunJ7%2BSADm4kwrRWzDgCA%2ByrpUKaBg6Dsd%2B9bnUvR7Nhb%2BtSVWt%2FGZAAgRNbhgp1FwS5AeVLg4HFEgPQop5RnNyBGStbGWaMvSvqF9%2FgXnS%2Bj2DHDKg9IdcUMpry4p82mshOr4igVyYmGGE%2FUHPnOo%3D,foto-remota-validada,https://meli.la/31K5Wvb
motobomba-centrifuga-inox-1cv-eletroplas-mcs100nx-bivolt,Motobomba Centrifuga INOX 1cv Eletroplas Mcs100nx Bivolt,Eletroplas,Instalações,foto-real-confirmada,sim,nao,https://http2.mlstatic.com/D_NQ_NP_848739-MLB113770884652_072026-O.webp,https://www.mercadolivre.com.br/social/edsonreiterconcatto?matt_word=edsonreiterconcatto&matt_tool=37292649&forceInApp=true&ref=BJeBaAB6KIggT%2BN6ipfiq3fLdK7AIuIwEYlDI1hKzlTG09M0DbdIPLHFDJOZgpra4MlSmslsWlUITAiyzA5JIoAY2oikgRMzphmwjElke3tejWH7RJvPtBjBY%2B3qkrlopWUmhOSuzrPSlgOHJGWP%2Fc7dw4%2F0dY7jB96yDTuRfesBD7zBSUrW92w%2Bx3CwjYDBg0RHYQ%3D%3D,foto-remota-validada,https://meli.la/1sXi316
ducha-chuveiro-eletronico-intense-fame-preto-black-127-220v,Ducha Chuveiro Eletronico Intense Fame Preto Black 127/220V,Fame,Instalações,foto-real-confirmada,sim,nao,https://http2.mlstatic.com/D_NQ_NP_951577-MLB96608692063_102025-O.webp,https://www.mercadolivre.com.br/social/edsonreiterconcatto?matt_word=edsonreiterconcatto&matt_tool=37292649&forceInApp=true&ref=BDT5vcGvnxCuKYAut4LMvPft%2FnlB3A3QWKKq54Kuby0OdCP1DDc7areTQeF1BTB39i3YjsxTaalRiYdgrco3l%2BIl7Ie%2FqPj8BSSj3TAwQ9sXUpBaS26KD00jOP79ZHpo8TgDM9QHjN%2FRfSjeWcAHUCNY%2BFdLEr019ltMm254jZQvN2RXd3Mxs9yj3GKHthjKpqP4Lg%3D%3D,foto-remota-validada,https://meli.la/1LjzbYp
bomba-periferica-foxlux-agua-1cv-750w-bivolt-automatico,Bomba Periferica Foxlux Agua 1cv 750W Bivolt Automatico,Foxlux,Instalações,foto-real-confirmada,sim,nao,https://http2.mlstatic.com/D_NQ_NP_778468-MLA113061429008_072026-O.webp,https://www.mercadolivre.com.br/social/edsonreiterconcatto?matt_word=edsonreiterconcatto&matt_tool=37292649&forceInApp=true&ref=BGWDpfbDdzROu6wq3NpjbLyKPd7%2Btpw5bTRzTG46YclCoCzK7SzefIYkLeYp3oS6zmPr1WMasWQfBceBASzdWqjxMOr5qGb9RwlWetjzNNs0Yo2Rp9on9LmdO%2FZW0aqnX6pV2L3f0YT%2Bvo55S7IikHkjyi5Rj%2FpCfVGX8voKc6MYBg5wctPf0XzKUryUB54ScHud6g%3D%3D,foto-remota-validada,https://meli.la/2hcGeKW
pressurizador-grundfos-scala2-34cv-monofasico-550w,Pressurizador Grundfos Scala2 34cv Monofasico 550W,Grundfos,Instalações,foto-real-confirmada,sim,nao,https://http2.mlstatic.com/D_NQ_NP_785151-MLA96893666152_112025-O.webp,https://www.mercadolivre.com.br/social/edsonreiterconcatto?matt_word=edsonreiterconcatto&matt_tool=37292649&forceInApp=true&ref=BMKhANUSd79yvG%2FkI1vOs3U4lp8DDK2t1ZbG%2FUhvY%2F10B0hStu3c332WXQhio1HXDGCI67WEMvspULpKGenbUBfweQXwPYtyAYH46P0mAciQwOcPzYOwa8XftIhA6cbrGrTFZG3AZxRfft8e4GMdK8%2BpTL3jNAgMEtiV2LoO%2FT%2BQlheIkPy%2B%2BYZTR8m4Nue22N1Auw%3D%3D,foto-remota-validada,https://meli.la/1DbSouB
bomba-pressurizadora-de-agua-komeco-tp80-g4-bronze-248w,Bomba Pressurizadora de Agua Komeco Tp80 G4 Bronze 248W,Komeco,Instalações,foto-real-confirmada,sim,nao,https://http2.mlstatic.com/D_NQ_NP_712680-MLB91049039168_092025-O.webp,https://www.mercadolivre.com.br/social/edsonreiterconcatto?matt_word=edsonreiterconcatto&matt_tool=37292649&forceInApp=true&ref=BATFMDCu11Rb6kUoe%2FfN%2BCknmUuYZeQ3H%2BXTqOYIub1mC1lNyzXoU6KWxfNyBtRFaRLFCkLF2rT%2B7RZUQiELvG2bi0bdYkjZUJcvmVUVLu6fDhQHdnp6XV7i8n7LcPulYIRhsAxHieRtqaBHGPsS3%2BKwwZbs6adEInoRoqHjHKTNBZe3I06JTBPOXMx0FWJBqTaPGg%3D%3D,foto-remota-validada,https://meli.la/1cfFGEW
aquecedor-de-agua-a-gas-lorenzetti-lz-1600-de-branco-15-litros-digital-gas-gn,Aquecedor de Agua A Gas Lorenzetti Lz 1600 de Branco 15 Litros Digital Gas GN,Lorenzetti,Instalações,foto-real-confirmada,sim,nao,assets/produtos/aquecedor-de-agua-a-gas-lorenzetti-lz-1600-de-branco-15-litros-digital-gas-gn.webp,https://www.lorenzetti.com.br/produto/lz-1600de,oficial,https://meli.la/2K32rLW
chuveiro-ducha-acqua-century-eletronico-preto-lorenzetti,Chuveiro Ducha Acqua Century Eletronico Preto Lorenzetti,Lorenzetti,Instalações,foto-real-confirmada,sim,nao,https://http2.mlstatic.com/D_NQ_NP_948841-MLB90082662150_082025-O.webp,https://www.mercadolivre.com.br/social/edsonreiterconcatto?matt_word=edsonreiterconcatto&matt_tool=37292649&forceInApp=true&ref=BIVf%2FQViyRmJ33QamoIXYAJu58AreMMjDANZB%2Bpc09f%2BYMN1jlYOgZsOTNJcVNK9q5MRiXNijtaEshieb%2BM4gs4lWsC6tk6SXS%2FyEmBkeZxmqAiPz4pP06bBQsrJZViW%2F%2F5NFqTh3aNrU48DROwnKGuUH85EjpmHmiw%2BIg9k2v22PE1LzSU0H5bWgjVwwUlsTMR5b9%2F949G20OwUog%3D%3D,foto-remota-validada,https://meli.la/2ezVbDh
chuveiro-eletrico-lorenzetti-acqua-ultra-duo-preto-fosco,Chuveiro Eletrico Lorenzetti Acqua Ultra Duo Preto Fosco,Lorenzetti,Instalações,foto-real-confirmada,sim,nao,assets/produtos/chuveiro-eletrico-lorenzetti-acqua-ultra-duo-preto-fosco.webp,https://www.lorenzetti.com.br/produto/acqua-duo,oficial,https://meli.la/1D4juhp
chuveiro-eletronico-lorenzetti-acqua-duo-ultra-pretocromado-parede-7800w,Chuveiro Eletronico Lorenzetti Acqua Duo Ultra Pretocromado Parede 7800W,Lorenzetti,Instalações,foto-real-confirmada,sim,nao,assets/produtos/chuveiro-eletronico-lorenzetti-acqua-duo-ultra-pretocromado-parede-7800w.webp,https://www.lorenzetti.com.br/produto/acqua-duo,oficial,https://meli.la/2FxNM3X
chuveiro-eletronico-lorenzetti-acqua-storm-ultra-preto-220v-7800w,Chuveiro Eletronico Lorenzetti Acqua Storm Ultra Preto 220V 7800W,Lorenzetti,Instalações,foto-real-confirmada,sim,nao,assets/produtos/chuveiro-eletronico-lorenzetti-acqua-storm-ultra-preto-220v-7800w.webp,https://www.lorenzetti.com.br/produto/acqua-storm,oficial,https://meli.la/347hHYj
ducha-advanced-multitemperaturas-7500w-220v-lorenzetti,Ducha Advanced Multitemperaturas 7500W 220V Lorenzetti,Lorenzetti,Instalações,foto-real-confirmada,sim,nao,assets/produtos/ducha-advanced-multitemperaturas-7500w-220v-lorenzetti.webp,https://www.lorenzetti.com.br/produto/advanced-multitemperaturas,oficial,https://meli.la/1irzseJ
ducha-advanced-multitemperaturas-lorenzetti-acabamento-brilhante-cor-127v-5500w,Ducha Advanced Multitemperaturas Lorenzetti Acabamento Brilhante Cor 127V 5500W,Lorenzetti,Instalações,foto-real-confirmada,sim,nao,assets/produtos/ducha-advanced-multitemperaturas-lorenzetti-acabamento-brilhante-cor-127v-5500w.webp,https://www.lorenzetti.com.br/produto/advanced-multitemperaturas,oficial,https://meli.la/2duhaQU
ducha-chuveiro-duo-shower-lorenzetti-multitemperatura,Ducha Chuveiro Duo Shower Lorenzetti Multitemperatura,Lorenzetti,Instalações,foto-real-confirmada,sim,nao,assets/produtos/ducha-chuveiro-duo-shower-lorenzetti-multitemperatura.webp,https://www.lorenzetti.com.br/produto/duo-shower-quadra-multitemperaturas,oficial,https://meli.la/1ogwdXr
pressurizador-de-agua-lorenzetti-pl12-para-casas-e-apartamentos,Pressurizador de Agua Lorenzetti Pl12 para Casas e Apartamentos,Lorenzetti,Instalações,foto-real-confirmada,sim,nao,assets/produtos/pressurizador-de-agua-lorenzetti-pl12-para-casas-e-apartamentos.webp,https://www.lorenzetti.com.br/produto/pl-12,oficial,https://meli.la/2NeS8Ge
pressurizador-de-agua-pl20-lorenzetti-220v-350w,Pressurizador de Agua Pl20 Lorenzetti 220V 350W,Lorenzetti,Instalações,foto-real-confirmada,sim,nao,assets/produtos/pressurizador-de-agua-pl20-lorenzetti-220v-350w.webp,https://www.lorenzetti.com.br/produto/pl-20,oficial,https://meli.la/1S5u5AS
torneira-eletrica-de-bancada-5500w-loren-easy-lorenzetti-220v-mesa,Torneira Eletrica de Bancada 5500W Loren Easy Lorenzetti 220V Mesa,Lorenzetti,Instalações,foto-real-confirmada,sim,nao,assets/produtos/torneira-eletrica-de-bancada-5500w-loren-easy-lorenzetti-220v-mesa.webp,https://www.lorenzetti.com.br/produto/loren-easy-mesa,oficial,https://meli.la/2nygCtL
6x-arandela-solar-4-focos-parede-slim-12-fachos-led-externa-estrutura-amarelo-3000k,6x Arandela Solar 4 Focos Parede Slim 12 Fachos LED Externa Estrutura Amarelo 3000k,Marca não informada,Instalações,foto-real-confirmada,sim,nao,https://http2.mlstatic.com/D_NQ_NP_794580-MLA96139090629_102025-O.webp,https://www.mercadolivre.com.br/social/edsonreiterconcatto?matt_word=edsonreiterconcatto&matt_tool=37292649&forceInApp=true&ref=BObXBD%2BlTkCNepYTQc8hhOce6GPLOTrrVlrOj%2FtiyRLK6f7MJPwlEhT22MWsbDB7FvJHbtZuSIVvadjsBvfvTYNQS4zdq4PnAIsPSOOgCHHLjPR3GLSbRN0HHPAUQfWmrmVFmCuAdMIrTtOQI%2Fe%2BLdH3YcX7j5HnmH36DRrVt5lqgR6wBp4S9tTEYDC50Mf01HPHds1vTpKunzwG3wWRMIDRpzr34sMHRNSAsg%3D%3D,foto-remota-validada,https://meli.la/182vpoj
arandela-led-12w-enigma-design-moderno-parede-decorativa,Arandela LED 12W Enigma Design Moderno Parede Decorativa,Marca não informada,Instalações,foto-real-confirmada,sim,nao,https://http2.mlstatic.com/D_NQ_NP_644468-MLB108123624481_032026-O.webp,https://www.mercadolivre.com.br/social/edsonreiterconcatto?matt_word=edsonreiterconcatto&matt_tool=37292649&forceInApp=true&ref=BIBBeUaajqMgJ3uQmiW4S9ghxAF%2BTnsCkrfuRAVQMeO2GkVEqqurpGNz%2B6KLjzOxlOhdZ89sMZpzkEB3XBLEk9lLQO0KmI4u%2BNXtdKSXCxCQqje%2FbPIjaf3ZmeC%2BNlWPDfl51KFn%2BiU8B6t6APe%2FVofbRmrgU%2FxJ78n%2F7L7VNbsiDA0epOuY19fa5SMkXSSgM7R9Zw%3D%3D,foto-remota-validada,https://meli.la/21M2dRM
ducha-autolimpante-p-aquecimento-a-gassolar,Ducha Autolimpante P Aquecimento A Gassolar,Marca não informada,Instalações,foto-real-confirmada,sim,nao,https://http2.mlstatic.com/D_NQ_NP_980127-MLB113201716695_062026-O.webp,https://www.mercadolivre.com.br/social/edsonreiterconcatto?matt_word=edsonreiterconcatto&matt_tool=37292649&forceInApp=true&ref=BPQhG8tHD3AS61RU75dW20Ish%2FCPHJ9C%2FxdbDMkkzjs7YwBQZetK%2FrzjFLVDqhsXILouhDflr89FlnQr5t0MEN9Vfj68A1dhZT9PsG6%2Fcm8LXO%2Fq%2ByMcRfUPABBzO8uY0y4fec6jwY%2BFTYe2m8NW74yUuzAznlHvOTUDuXd8Mrc%2FVglIsm9Ut9xXoOJnSoLl9mg9NA%3D%3D,foto-remota-validada,https://meli.la/345YpMb
ducha-slim-quadrada-25x25cm-dourado-brilhante,Ducha Slim Quadrada 25x25cm Dourado Brilhante,Marca não informada,Instalações,foto-real-confirmada,sim,nao,https://http2.mlstatic.com/D_NQ_NP_739378-MLA112390309835_052026-O.webp,https://www.mercadolivre.com.br/social/edsonreiterconcatto?matt_word=edsonreiterconcatto&matt_tool=37292649&forceInApp=true&ref=BIvQY3ycgwrtFEDQS4AvT7bASPU5rpHljfM%2BtrI1qGBiSgwR3Kkor0kYXZG1qsqjWCYDDwkWUTurmvlRn%2FdtN3oQbjpekbh3ApY8P4R8ttIEIkl6nWXIR0o9Imen5Rs5tSDij1gfZMPurt6gKqn9ulQyvbavlI0udJUtivTtWUrfFF0kf9qb%2BaM%2FptG6X0bDZj7iRS8%3D,foto-remota-validada,https://meli.la/1hkittY
hl-luminaria-de-parede-led-para-espelho-de-banheiro,Hl Luminaria de Parede LED para Espelho de Banheiro,Marca não informada,Instalações,foto-real-confirmada,sim,nao,https://http2.mlstatic.com/D_NQ_NP_791790-CBT108776656632_032026-O.webp,https://www.mercadolivre.com.br/social/edsonreiterconcatto?matt_word=edsonreiterconcatto&matt_tool=37292649&forceInApp=true&ref=BFGLHG%2Fpn9MRPiGzAxWJipn24ETthEGPmaCWGMG%2B2Js4BCXSJjix8dZClUkl0Av9fnjgAkRmKglCDTVjJE9Qiz6gl8LCQUqSXdhtDQQ9mvDt2l1SJ6w93C4ge98xyIGGq%2FJaXMU1tZjlP39x%2BmW8ImwMY869%2FvctB3jzxc4IsISKj89k0f1nrYLV%2F0vFz7IotiCP6g%3D%3D,foto-remota-validada,https://meli.la/1awhjS1
kit-10-spot-luminaria-7w-qd-rd-frio-6500k-quente-3000k-estrutura-redondo-branco-frio,Kit 10 Spot Luminaria 7W Qd Rd Frio 6500k Quente 3000k Estrutura Redondo Branco Frio,Marca não informada,Instalações,foto-real-confirmada,sim,nao,https://http2.mlstatic.com/D_NQ_NP_602454-MLA106667725829_022026-O.webp,https://www.mercadolivre.com.br/social/edsonreiterconcatto?matt_word=edsonreiterconcatto&matt_tool=37292649&forceInApp=true&ref=BJuNQ5D7mSzSR54%2BcFdfV04h31bcWwAgHXuk9uXoIdyLk0umL002z29z9Yoz1xlF%2Ba%2BGS%2FpBfSAZymOI8kGLz5r1YP00lzIXuekGg%2B5mXcymUHIVCUDcxeMtKocibIx9NFbVVH0T0iPOLxw8R6v0lczOqFbVsdjap1RRNHFuo5eJKo%2Bscp9Qfx0dDdShPiPzJs0uEw%3D%3D,foto-remota-validada,https://meli.la/2enmVhz
kit-2-painel-plafon-sobrepor-led-25w-quadrado-luz-branca-fria-6500k-bivolt-110-220v,Kit 2 Painel Plafon Sobrepor LED 25W Quadrado Luz Branca Fria 6500k Bivolt 110/220V,Marca não informada,Instalações,foto-real-confirmada,sim,nao,https://http2.mlstatic.com/D_NQ_NP_680472-MLA99578011328_122025-O.webp,https://www.mercadolivre.com.br/social/edsonreiterconcatto?matt_word=edsonreiterconcatto&matt_tool=37292649&forceInApp=true&ref=BPoEdl7KxpfI%2Fe6kXjgf78njpzGGMWOvZhw0%2FBh7ZlIIepwxXIQjlL7qxchRnF4vByzt01Jl790scT0ZkbZeEJKntyhVRO8XRBVcTZYmNMDo%2FYzFRoU6pqdFiAL4MXqu4nroRJT4lm7g5QCy9SgezR25YvKFF7pyw2LybPxbiwqx5CJs%2By1%2F9fsEGTX%2B5zOJNlG3Sw%3D%3D,foto-remota-validada,https://meli.la/2RYwjHq
kit-3-arandela-luminaria-externa-interna-bivolt-parede-muro,Kit 3 Arandela Luminaria Externa Interna Bivolt Parede Muro,Marca não informada,Instalações,foto-real-confirmada,sim,nao,https://http2.mlstatic.com/D_NQ_NP_774622-MLB114326151197_072026-O.webp,https://www.mercadolivre.com.br/social/edsonreiterconcatto?matt_word=edsonreiterconcatto&matt_tool=37292649&forceInApp=true&ref=BHotbP3gH2HLH%2Fs%2BT158hM5U2vA8%2FH5XSlm8LTplMpRM7jZGbsf7S8Uyvsv3f5YN7WRq%2F5fW%2BoQXrxGtehtSGDyqZbxTZonQ4jVq%2BQH3xlOmwfd3Fnric53Msps13AtOjNoqjeFxM2bWc3OZXACm3tU3KWEb4AUnEVvdXvdg5QbleJrR2QJ%2FphGVMBCD9Iz2NLhwTIrM8wdhiSgOKg%3D%3D,foto-remota-validada,https://meli.la/1nHMyqz
kit-5-painel-plafon-led-24w-25w-redondo-sobrepor-branco-frio,Kit 5 Painel Plafon LED 24W 25W Redondo Sobrepor Branco Frio,Marca não informada,Instalações,foto-real-confirmada,sim,nao,https://http2.mlstatic.com/D_NQ_NP_816766-MLA99489583074_112025-O.webp,https://www.mercadolivre.com.br/social/edsonreiterconcatto?matt_word=edsonreiterconcatto&matt_tool=37292649&forceInApp=true&ref=BEbwlrKuNZMeGA%2BMC%2B674r85LX%2BZiiTztb%2FtrnsWtM3w57mWvwNi%2FZi8s1i8xZJr5i1res8cWkPgVJRi%2FIjBMS3Mv5%2BegtEa8IZJp1Ij3BZFJnDBslH6RnIGr3xvQeguShGjrifL0zDxfsutV1aQgTVK9ZvkJAiQhtXy4%2FVktdQ0WfNA4kxc6xSd4khuA8HBGSuVT7c%3D,foto-remota-validada,https://meli.la/1JeUbay
kit-8-plafon-sobrepor-preto-quadrado-led-25w-painel-21x21,Kit 8 Plafon Sobrepor Preto Quadrado LED 25W Painel 21x21,Marca não informada,Instalações,foto-real-confirmada,sim,nao,https://http2.mlstatic.com/D_NQ_NP_880961-MLB71658127147_092023-O.webp,https://www.mercadolivre.com.br/social/edsonreiterconcatto?matt_word=edsonreiterconcatto&matt_tool=37292649&forceInApp=true&ref=BKlGtJWTO9xw9FNJdP4ApOTMDYUFoR2GYKuMU%2FQGr7l%2B1%2Bb9SF3fgS87VYwayKmEe55yV87m%2FYbmaorro6c%2BvukbW%2BAJ1m2dv%2FtbdTeYApazOlihXRwN4CWaszLuxtdlD4VZznmqOKng8ia2AWIozMRlaoOLVvY3AbCiMvwVw5vMlYQG5biefeH9uZLgo1Ji4rlXcA%3D%3D,foto-remota-validada,https://meli.la/2QzqMEY
kit-com-4-plafon-painel-led-embutir-30x30-quadrado-6000k6500k-branco-frio-completo-24w25w,Kit com 4 Plafon Painel LED Embutir 30x30 Quadrado 6000k6500k Branco Frio Completo 24w25w,Marca não informada,Instalações,foto-real-confirmada,sim,nao,https://http2.mlstatic.com/D_NQ_NP_640409-MLA115361597355_072026-O.webp,https://www.mercadolivre.com.br/social/edsonreiterconcatto?matt_word=edsonreiterconcatto&matt_tool=37292649&forceInApp=true&ref=BK0R6jW%2F5pESJmulgVl2B0KBh5o4N5Xup1oAzJUxt58n34douUT6Frkcjacyi5LaxEA%2F68ve%2FWoWUIE1NuU1N%2BWsPneiC%2Fyw8rcdoeVT%2BtnJFYD0GhqOtKbzGH3HhwUr1hZo0InDnzoSo3%2BxNJhb1Y4d5wU0qr5DDrBd5AAuK9IEMuxztFnEgUkp64Tr%2FWoKeN8KOL8%3D,foto-remota-validada,https://meli.la/2q8uGd6
luminaria-arandela-led-moderno-recarregavel-sensor-movimento,Luminaria Arandela LED Moderno Recarregavel Sensor Movimento,Marca não informada,Instalações,foto-real-confirmada,sim,nao,https://http2.mlstatic.com/D_NQ_NP_904661-MLB113748510995_062026-O.webp,https://www.mercadolivre.com.br/social/edsonreiterconcatto?matt_word=edsonreiterconcatto&matt_tool=37292649&forceInApp=true&ref=BCndsZN5VFOJuYXH520%2F8G6RwHePltPcPFO92SOsmSoo%2BXSjvZKinKzq1%2BP56vwCFZASs%2BXBW55MFYOfseQoyhoYpo9iimFjPTG6a0iV8qT01%2BuBedSY8uIQ4%2B%2FohjdRQuU0kUX9wzR2uXnb8t0wIkUWmmoUr2GkI%2BX%2B5lMHVINQHnmL7Dda6XYpwCYZRoLJ69hsAg%3D%3D,foto-remota-validada,https://meli.la/1hucBGk
luminaria-arandela-parede-moderna-giratoria-led-quarto-3-cor,Luminaria Arandela Parede Moderna Giratoria LED Quarto 3 Cor,Marca não informada,Instalações,foto-real-confirmada,sim,nao,https://http2.mlstatic.com/D_NQ_NP_624589-MLB112574535184_062026-O.webp,https://www.mercadolivre.com.br/social/edsonreiterconcatto?matt_word=edsonreiterconcatto&matt_tool=37292649&forceInApp=true&ref=BPQq9J2a267%2BD9kWR8NqR76zUaLEoDbLOK0O%2Ba3bwUyge8DjP%2Fp5iZUajNNZj5nXI%2F8FsdcHroCt7cKMb6A4Wu7GBha1HeosmSeXmC8IhqukEtG1B4eUfDe54GLxlH3ODSyZCfb2mDLbYbfsIopEv%2FqsO5%2FVjGu3Xt%2B8H0CIImb4ZQZcrRNxSbnzcdMvVsOp0GU8eA%3D%3D,foto-remota-validada,https://meli.la/2pZ3joY
luminaria-hexagonal-led-teto-6-celulas-de-comeia-iluminacao,Luminaria Hexagonal LED Teto 6 Celulas de Comeia Iluminacao,Marca não informada,Instalações,foto-real-confirmada,sim,nao,https://http2.mlstatic.com/D_NQ_NP_629474-MLB114954320957_072026-O.webp,https://www.mercadolivre.com.br/social/edsonreiterconcatto?matt_word=edsonreiterconcatto&matt_tool=37292649&forceInApp=true&ref=BCIiECnjMTNeVB3FPCxXjeL7OkVwAU3YLVM2qJ9eTzEKXfg%2FNMh50%2Fx0gB9HgOx4N8U97CsdO3ZGHso4n%2BjWzvci8HQdpRVBeQBpXF86J%2FHGuaHxwd42HoJYdEGGZBZP54h6unYdegxHR06GVvUyomTKOZX%2Fo3MvHjc5Xk9lUqJWx%2FnqjJZuClAaXUDzKbLtDmXtbg%3D%3D,foto-remota-validada,https://meli.la/1mMSoVR
luminaria-mesa-abajur-led-dimerizavel-moderna-quarto-31,Luminaria Mesa Abajur LED Dimerizavel Moderna Quarto 31,Marca não informada,Instalações,foto-real-confirmada,sim,nao,https://http2.mlstatic.com/D_NQ_NP_621830-MLB113385809887_062026-O.webp,https://www.mercadolivre.com.br/social/edsonreiterconcatto?matt_word=edsonreiterconcatto&matt_tool=37292649&forceInApp=true&ref=BKgzsPsdJ30u6LheTPw6XaOLU8iMybanXHnnvZqEs8y9%2F7CqsIfTPmT6DxfU27pRNMizwoRPdN7qKWKnsyim9ks0o98v4HQVkTM1jgfYjbvaewbb3aZIcUuC51e42zghEntVnin6g%2B1OsVLC8KQ969IB27RTiSJAvljTzjXBvXbfEPvIG9HN6jP7c%2F52A28K9qxsZw%3D%3D,foto-remota-validada,https://meli.la/2WaCYNw
luminaria-moderna-de-mesa-s-fio-led-para-quarto-restaurante,Luminaria Moderna de Mesa S Fio LED para Quarto Restaurante,Marca não informada,Instalações,foto-real-confirmada,sim,nao,https://http2.mlstatic.com/D_NQ_NP_876186-MLB89434362721_082025-O.webp,https://www.mercadolivre.com.br/social/edsonreiterconcatto?matt_word=edsonreiterconcatto&matt_tool=37292649&forceInApp=true&ref=BM8eJdC0FdeJXizcDGcsbi6eONO1Jk8g%2FO6SwhXdKdKYBG2cXlUwytefKLVe1uj5tN8ryfEW%2FU11urJq3GBdU1r%2FRxNgRr%2BGvGPvGuXCA2Wf0D%2BNkvPpWHBDG7Z8%2BjTXjsSYkaRpf%2Bnk1ZE64Kkn4u6dVOwmXKdg8waf0jd7Ul6faKBvhB5SSk9FfbJMGSEgiuX7%2Bw%3D%3D,foto-remota-validada,https://meli.la/2GM5UKx
plafon-led-40w-starbright-sobrepor-teto-40x40-branco-neutro-preto,Plafon LED 40W Starbright Sobrepor Teto 40x40 Branco Neutro Preto,Marca não informada,Instalações,foto-real-confirmada,sim,nao,https://http2.mlstatic.com/D_NQ_NP_675248-MLA99992142987_112025-O.webp,https://www.mercadolivre.com.br/social/edsonreiterconcatto?matt_word=edsonreiterconcatto&matt_tool=37292649&forceInApp=true&ref=BGOB9lmoLmzS4vPpdt7Xyxc%2BiGw%2BR0gv5FAGxKTdNFnbm%2BmNYc45uMlFUw%2FWFuIKSz%2BRmgTWjmDDZelxEwlxh9Ha7znGQwqH8oWy%2BIg6FKdvsXBhCG18o8z%2F4E9gYPvOFLmjTedveSJ6DKd%2BqC4dSLU4rFH36aXzKnYFnJuJkbjznvQ3MJrPtMI%2F9WqyScVIo4EHEg%3D%3D,foto-remota-validada,https://meli.la/1UZ2C69
promocao-10m-fita-3528-rgb-cf5a-controle-e-amplificador,Promocao 10m Fita 3528 RGB Cf5a Controle e Amplificador,Marca não informada,Instalações,foto-real-confirmada,sim,nao,https://http2.mlstatic.com/D_NQ_NP_752401-MLB98520248433_112025-O.webp,https://www.mercadolivre.com.br/social/edsonreiterconcatto?matt_word=edsonreiterconcatto&matt_tool=37292649&forceInApp=true&ref=BP6yRLtkPngvGX9yAgAV9BM3a2xciTZc4zTrwJr7fnF5rsfXPZzHrqj8lXOLLJNKpllFQ0WMCa0m89v08E%2BnHh7ac9U4pV6QmOjwiBUQGoZPtUL9uUxdu2NZyfyeAy8EFPGjotXPsGLd0SLZEtHa72%2Bi7Docf5i5Z%2FWiRhqihdumph2F5X0FSFZXRovLr%2BXpv0vgTKWS1SX4wj6tBQ%3D%3D,foto-remota-validada,https://meli.la/2rgXZmi
torneira-eletrica-6500w-220v-preta,Torneira Eletrica 6500W 220V Preta,Marca não informada,Instalações,foto-real-confirmada,sim,nao,https://http2.mlstatic.com/D_NQ_NP_910053-MLB81526367198_012025-O.webp,https://www.mercadolivre.com.br/social/edsonreiterconcatto?matt_word=edsonreiterconcatto&matt_tool=37292649&forceInApp=true&ref=BCIQsYWv0mUELKv5Jp52yV3W4m0GGSbZNH%2BWyY7nuiCwEKSxi7j%2B47r1cG%2FzOL7fEjRfp2jna6vfv1ccUo1iqYUL%2FzSN0Jzkg9Gb%2FNl%2FKl1mXU99EztXvTsm6kS5rux4%2B0GO5s8Wcp%2BODka8wklGvVrYCQlbDe24oG6SyT%2Ftn5%2B4X7ijFYBmw6SdWmcuToTSUGBeoMFIaHJzEYyWrA%3D%3D,foto-remota-validada,https://meli.la/1bYFKuy
torneira-eletrica-versatil-5500w-220v-cromada,Torneira Eletrica Versatil 5500W 220V Cromada,Marca não informada,Instalações,foto-real-confirmada,sim,nao,https://http2.mlstatic.com/D_NQ_NP_847340-MLB114903451383_072026-O.webp,https://www.mercadolivre.com.br/social/edsonreiterconcatto?matt_word=edsonreiterconcatto&matt_tool=37292649&forceInApp=true&ref=BKwZP9nL%2Bb%2FM8bzkQJr61mFGiu4f79u3246LKhAniTwpTrjb2%2FRA06Ksx8cWSPdLaXnGbllhH1Ff4ePUXW%2BmfgJ%2FY%2Fpz%2BqoeeG4jPQMUkDkwahHoFywEfgkieAM17xy0qAmzP0juSxuQ2nydtJcA%2FXjbp%2FVr7pYoAkw0s9mqcrL3wcP8VbqZrtMezhKaJpVHMHh%2B5ZRpmMV774dggQ%3D%3D,foto-remota-validada,https://meli.la/1Br3yzV
kit-quadro-de-distribuicao-pvc-12-polos-embutir-barramento,Kit Quadro de Distribuicao PVC 12 Polos Embutir Barramento,Outras marcas,Instalações,foto-real-confirmada,sim,nao,https://http2.mlstatic.com/D_NQ_NP_702425-MLB108500708137_032026-O.webp,https://www.mercadolivre.com.br/social/edsonreiterconcatto?matt_word=edsonreiterconcatto&matt_tool=37292649&forceInApp=true&ref=BI6bGf0jIYJxsFqc9oV5lLGEm7k2Mbu%2BXQZ5CEdzX6rhL2kxo5QJhoWRo1%2B94Af79YKu3Gn2hO708YDGRVlNuF24Yaxctt3zNr9EDC%2F9fawrZAs2qT%2FQ3j2SpBq8OjuSAO2in2TOCUANBpZJn9ZtYCfCMh%2F9SG0stVsXyh4AZ15KTuJo1MHv2NNtVbjsb3JeFvlivY%2FVy3Pg4eL%2BWw%3D%3D,foto-remota-validada,https://meli.la/2YpWcvG
quadro-distribuicao-de-embutir-24-disjuntores-2-barramentos,Quadro Distribuicao de Embutir 24 Disjuntores 2 Barramentos,Outras marcas,Instalações,foto-real-confirmada,sim,nao,https://http2.mlstatic.com/D_NQ_NP_829686-MLB99399525195_112025-O.webp,https://www.mercadolivre.com.br/social/edsonreiterconcatto?matt_word=edsonreiterconcatto&matt_tool=37292649&forceInApp=true&ref=BDu7CjU26cmHhWHsUxpmWWiTxPakKUKzI0ENqav%2B22oP4l74rlpwMx4G5M4lP06Bi3aMUWex7du6u0aN%2Bp1C6oSMtaPxD3ehRJntPDMMUchow6Jys3cpsHwiUyW8XO6pjGJuqeDLuXvPrpvz7my3%2FBnMG09kvadIu3DcBvkGlIhMtaPIOcBitWJXQP7TLJTmP%2F6bXQ%3D%3D,foto-remota-validada,https://meli.la/1B8qgwV
luminaria-industrial-highbay-led-150w-120-277v-6500k-philips,Luminaria Industrial Highbay LED 150W 120 277V 6500k Philips,Philips,Instalações,foto-real-confirmada,sim,nao,https://http2.mlstatic.com/D_NQ_NP_968578-MLA99503572914_112025-O.webp,https://www.mercadolivre.com.br/social/edsonreiterconcatto?matt_word=edsonreiterconcatto&matt_tool=37292649&forceInApp=true&ref=BEgFlpAs%2BJhVQ3lavod11k7rgufl%2BlI2xH%2BsACE9MCeiyZ2eLtkNS6SbFxXJAl0xNfpDICN8hGcDNQnKwJ7lyY8Dc5ocEtnJuSda4ARiYuvlabJMYhgpsqRW0AQwq9T5gNJXcKvCZV8I4CGbFRqx4eACv89LoVtPVs%2F1bquFCxMqIwXOvJn3y%2BxQ7lvuLmwXWgf%2FK%2B4%3D,foto-remota-validada,https://meli.la/2pB7eN5
refletor-led-50w-6500k-4750lm-ip65-bvp152-g2-philips,Refletor LED 50W 6500k 4750lm IP65 Bvp152 G2 Philips,Philips,Instalações,foto-real-confirmada,sim,nao,https://http2.mlstatic.com/D_NQ_NP_602604-MLA99491867720_112025-O.webp,https://www.mercadolivre.com.br/social/edsonreiterconcatto?matt_word=edsonreiterconcatto&matt_tool=37292649&forceInApp=true&ref=BMyYeajGmWDr3gUjuMD7CPM97O95gyQB5R7PKe1aarVUIPHYLJBrPj8q8WEowm9Y3iDtNMoLB%2B%2FYJ7MdbZw9x5XCejvj0ZAP9zNynJXhHbI4YBg8R8cnEdNNpJxoo725xHrH3kYIItAOQn5MRefiYqARpr1D0nuGEDUa72%2Bcp2O0r6Vh%2F60HqRZ2cT0PVt5upt1OuKk%3D,foto-remota-validada,https://meli.la/2tuQSbk
smart-fita-led-rgb-wi-fi-2gen-14w-positivo-casa-inteligente-rgb-12v,Smart Fita LED RGB Wi Fi 2gen 14W Positivo Casa Inteligente RGB 12V,Positivo,Instalações,foto-real-confirmada,sim,nao,https://http2.mlstatic.com/D_NQ_NP_661869-MLA95974857684_102025-O.webp,https://www.mercadolivre.com.br/social/edsonreiterconcatto?matt_word=edsonreiterconcatto&matt_tool=37292649&forceInApp=true&ref=BL1k%2Bx7Gzd2GKs0bk97GzackHqMdPTWi5CpyynO%2FG5pJERDfiBM2ZAngkp74o1YBOX5Kgpz0KtOdp2yBfnWR5%2BQxQRwFAtLvhHk63t4r9arUFwc6s3ZDV%2BVjZCBsvgAvz5%2FRXd6yNe3dyKjSplylj0DYcok%2F6NS77Vbl5DGYTBNG%2FjyszOpftz1DobDyVF5eDmYXWZ8%3D,foto-remota-validada,https://meli.la/2ipwbJ9
aquecedor-de-agua-a-gas-rinnai-e21-digital-21-lmin-branco-glp,Aquecedor de Agua A Gas Rinnai E21 Digital 21 Lmin Branco GLP,Rinnai,Instalações,foto-real-confirmada,sim,nao,assets/produtos/aquecedor-de-agua-a-gas-rinnai-e21-digital-21-lmin-branco-glp.webp,https://www.rinnai.com.br/aquecedores-a-gas/linha-digital/e21-1,oficial,https://meli.la/2BJTBAE
bomba-periferica-schneider-pg-10-de-1-cv-monofasica-para-48m-de-altura,Bomba Periferica Schneider Pg 10 de 1 Cv Monofasica para 48m de Altura,Schneider,Instalações,foto-real-confirmada,sim,nao,https://http2.mlstatic.com/D_NQ_NP_988656-MLA95502112844_102025-O.webp,https://www.mercadolivre.com.br/social/edsonreiterconcatto?matt_word=edsonreiterconcatto&matt_tool=37292649&forceInApp=true&ref=BNB1xb2LycUFrQoSLofn6kzKok1B%2BdsKyhc7bI3shmMCA4%2B3vuGi52jQp4zB4J%2BGqkHuoMySGT3lic%2FIEMo7EQOODdY7giKPhe0Exqp05d6h78X9ZqnG%2FQXm4gjX2lRelhY0boOUNqXzfnEmPV80zQydCQUxyRhXo67d%2FlO6iiNNZN7eUkshUcEfBUbEwlpV9GGAnGBWLpoLleIVGJ8OFOQIQ1yM%2BgMQGqik3g%3D%3D,foto-remota-validada,https://meli.la/1R344sw
bomba-schneider-centrifuga-bc-98-12cv-fase-eletrica-monofasica-frequencia-60-hz,Bomba Schneider Centrifuga Bc 98 12cv Fase Eletrica Monofasica Frequencia 60 Hz,Schneider,Instalações,foto-real-confirmada,sim,nao,https://http2.mlstatic.com/D_NQ_NP_891096-MLA99531229534_122025-O.webp,https://www.mercadolivre.com.br/social/edsonreiterconcatto?matt_word=edsonreiterconcatto&matt_tool=37292649&forceInApp=true&ref=BEO9DuVlGSc6tc4DRxJrEOCGDXCJ6BO5elpiYF69JomMPDpP6VI23kUOTq6KExC0dqwYDsdcjL0BsK5pFlEKNguJFhf8qBj%2BZCVHfsaAAWQjBUgRsvOvpBg%2BBzGnRtWAQ9NWTJi%2Fh2UzN3oXmKWA442mSkMjk5dClgValCGwFygY8FeckZvkhnaN0jatovzqNeC8LgL3tq4tTTB7Tm7kE5J9tb%2FOTNOfK6iYmg%3D%3D,foto-remota-validada,https://meli.la/2vu24VY
disjuntor-bipolar-40a-220380v-3ka-curva-c-sdd62c40-steck,Disjuntor Bipolar 40A 220380V 3KA Curva C SDD62C40 Steck,Steck,Instalações,foto-real-confirmada,sim,nao,https://http2.mlstatic.com/D_NQ_NP_828984-MLA103996036628_012026-O.webp,https://www.mercadolivre.com.br/social/edsonreiterconcatto?matt_word=edsonreiterconcatto&matt_tool=37292649&forceInApp=true&ref=BE8yGgl30Net8aQua%2BSTxp4%2FuQUyLC0A2odIdZCInSp1txSO8dtQochqwx3KZwE47ycQ7ndA5nNLtrJHICCgyFMy%2FUXeP2OaPLoRDsc4aFrIQuX9iIOAnwkER7lwmkn0d3YS4Q%2BHjJPWQ%2BA2HygmKiJNki0efX6iqHzZ3UMJM%2BJAVA%2BHhJDMNtwNXBw9QTHzWykW4A%3D%3D,foto-remota-validada,https://meli.la/32gNmRo
disjuntor-bipolar-steck-serie-6ka-curva-c-63a-sdzd62c63,Disjuntor Bipolar Steck Serie 6KA Curva C 63A SDZD62C63,Steck,Instalações,foto-real-confirmada,sim,nao,https://http2.mlstatic.com/D_NQ_NP_756183-MLA95844287513_102025-O.webp,https://www.mercadolivre.com.br/social/edsonreiterconcatto?matt_word=edsonreiterconcatto&matt_tool=37292649&forceInApp=true&ref=BGHP%2FJqSr9fkibLY2V7vCe%2F%2FDfQWRFwtHHqjEGzzXgwchDCdx9ijmyuhVBp%2FsJ%2BzSmAfB6nDzG2QWsXvouvEFONulw%2FeZvutv7vzS%2F%2BQ%2BNJk%2BbikYh5RsGSn4hzdFHCXtxPtFU7gTenR5Kxptisvqub%2Bhf51cOdkMQ1TiJP7c7%2FkoWf4uaNlbetI0T6FksZ0TtKIJQ%3D%3D,foto-remota-validada,https://meli.la/1bCMWGd
steck-sdr-25-a-30-ma-dr-bipolar,Steck SDR 25 A 30 mA — DR bipolar,Steck,Instalações,foto-real-confirmada,sim,nao,https://http2.mlstatic.com/D_NQ_NP_801770-MLA99963240397_112025-O.webp,https://www.mercadolivre.com.br/social/edsonreiterconcatto?matt_word=edsonreiterconcatto&matt_tool=37292649&forceInApp=true&ref=BLKHET%2BYx6G0aspd65BTk7fvaeYIm%2FYGEs3m8UYgn7IHFfBc4BDB88BIbN1zr0iNnr%2Fhn8M2HCWKWST9cwZDy9eoXgogY4ZDk5Y%2FtFecVcRM5VU3P8qmMNDubDWIVFNU1R%2BMct14ue9zMV4ExWA4DkCwYHeQLcbRR6xnaIn8YdeRrbnpG6vitwxdQPUfbiQhtyqaXjo%3D,foto-remota-validada,https://meli.la/1q3yY5X
steck-sdr46330-dr-tetrapolar-63-a,Steck SDR46330 — DR tetrapolar 63 A,Steck,Instalações,foto-real-confirmada,sim,nao,https://http2.mlstatic.com/D_NQ_NP_757933-MLA115897099409_082026-O.webp,https://www.mercadolivre.com.br/social/edsonreiterconcatto?matt_word=edsonreiterconcatto&matt_tool=37292649&forceInApp=true&ref=BF69AE%2BO9zVKYHs%2Ffl8zNRxjiYXLw8%2Bh2WwMdSgvcmo%2FkJefAUY3dqfizHr3YMF1sRHlLBOjzxP%2F%2FY%2F3VemuDcqvsgDSDGsTXkq2lfm15CxKp64ouaRBw%2BK%2F23ZP7w%2FKa%2FuhLu82okfu1zS2QfTQxCgOKpkDUjsDgv89bqYINC35lrqXI%2BALEyAnKVd9nUtt%2BBxyKFDosz%2BaRWMkPe8%2FE%2BgmkBrm%2F6bviBtKrg%3D%3D,foto-remota-validada,https://meli.la/13UqRZm
disjuntor-bipolar-32-amperes-weg-curva-c-mdwp-c322-5ka,Disjuntor Bipolar 32 Amperes WEG Curva C Mdwp C322 5KA,WEG,Instalações,foto-real-confirmada,sim,nao,https://http2.mlstatic.com/D_NQ_NP_957405-MLB97520306760_112025-O.webp,https://www.mercadolivre.com.br/social/edsonreiterconcatto?matt_word=edsonreiterconcatto&matt_tool=37292649&forceInApp=true&ref=BMSNYuWCNU1k5UDOljegTIOhX2ZXjt5Ml7MO0JYX2yVy%2BZI0jCc896Qj0fCBY3zTFfV0sZKRay5B3WLwcaU7yN3pRrXPBrE4y3VaaoF3vUhoGlaA2uzbvUc8bSwb3A%2BzAUfCxwatMrNzClVbMUYu5yxMFie4x3iODDnkj5z3DCCTklEn9qkBUFR%2FgVM6itiZzcTGZem30d9%2FQ5oTGA%3D%3D,foto-remota-validada,https://meli.la/1ahRHK8
disjuntor-bipolar-bifasico-10a-16a-20-25a-32-40a-50a-63a-weg,Disjuntor Bipolar Bifasico 10A 16A 20 25A 32 40A 50A 63A WEG,WEG,Instalações,foto-real-confirmada,sim,nao,https://http2.mlstatic.com/D_NQ_NP_885439-MLA101803474139_122025-O.webp,https://www.mercadolivre.com.br/social/edsonreiterconcatto?matt_word=edsonreiterconcatto&matt_tool=37292649&forceInApp=true&ref=BJ2T%2F0FOVrONOWeUu8otoHZ0rmTUpe8Q2QQd2MOuFRx4KGv%2FRJp4NNohZDDCMxc1A4QLs0TSeGm5QoHv73SRHdjrHWgBtr6Brj00L0R8zp3Sh8nl7FKTu1NoegrCUVCiGhf0x9Od7nNW3eJbThhB0YmW3g2E3uDJsbMYKA4%2Fy6s18Liu9vw%2BOrw%2FnYxBikBCBBQ%2Fww%3D%3D,foto-remota-validada,https://meli.la/1xxqCcZ
disjuntor-tripolar-10-16-20-25-32-40-50-63-curva-c-weg,Disjuntor Tripolar 10 16 20 25 32 40 50 63 Curva C WEG,WEG,Instalações,foto-real-confirmada,sim,nao,https://http2.mlstatic.com/D_NQ_NP_630087-MLB90361321719_082025-O.webp,https://www.mercadolivre.com.br/social/edsonreiterconcatto?matt_word=edsonreiterconcatto&matt_tool=37292649&forceInApp=true&ref=BA0%2FQ1uTo277lHLS0uVmawhiqtXyBj8N2r3KnIupuLjchaw4Ok3%2B8QGN%2BjyRHs%2BlGqbx0XJU1o8Kg%2FZ%2FxsbRfYQMel9NzWApPH8n5lX8XjMVhhEqYzPW43PP0fvryf8yDzzB0ZRvUwQzS1HVfBf6MI5Eh0U0NUQWuAtiKFKpdsCDJrMCUdLWfOK0cQ0Fg7pOgLS2nw%3D%3D,foto-remota-validada,https://meli.la/2EQTQuZ
disjuntor-unipolar-10-16-20-25-32-40-50-63a-curva-c-weg,Disjuntor Unipolar 10 16 20 25 32 40 50 63A Curva C WEG,WEG,Instalações,foto-real-confirmada,sim,nao,https://http2.mlstatic.com/D_NQ_NP_778247-MLB111546155005_052026-O.webp,https://www.mercadolivre.com.br/social/edsonreiterconcatto?matt_word=edsonreiterconcatto&matt_tool=37292649&forceInApp=true&ref=BBb04EJM3zrbHo11NkfSXefQQyj9Tt96l8JpU%2BDTmqJZX9CLyKf9AWo8uKx%2Bbg9%2FVn4y1qbW2lD%2F%2FTUDVDHNSR%2BpPuKZJNKN%2B6%2BvAFiqg4yfyuyYgXujABdts3cRZKoKtKiO2aI3lUBwHS6sIYHokhmmBWuRf1OhtZm1VAGgv9BY79Am71RjFs%2F0tFOz9rLKslxd9w%3D%3D,foto-remota-validada,https://meli.la/1JQ5AQD
quadro-de-distribuicao-sobrepor-qdw02-36-bs-weg,Quadro de Distribuicao Sobrepor QDW02 36 Bs WEG,WEG,Instalações,foto-real-confirmada,sim,nao,https://http2.mlstatic.com/D_NQ_NP_833947-MLA99982334493_112025-O.webp,https://www.mercadolivre.com.br/social/edsonreiterconcatto?matt_word=edsonreiterconcatto&matt_tool=37292649&forceInApp=true&ref=BFWEloYj%2B3nJMdzp%2FMD%2FkTwp%2Ff%2BOuaXc9Le9cTs9Uc4OA6ZqAavl7sMtereumYYF4%2Feyotgb%2B8Dpq1vRDyfrOANxZ2SQL9AB0GOlGvVWa5%2Be6yfyK7Z7XcdIysp9NklGxkS6l%2FLOdFG7wAIqpxn0JAZOD4UG0k%2FWEaAJBPF0vKKl5YezSHmjxuq%2BqKadMKtfiSBxOoE%3D,foto-remota-validada,https://meli.la/163QL56
ducha-higienica-dourada-banheiro-yesop-acabamento-brilhante-cor-dourado,Ducha Higienica Dourada Banheiro Yesop Acabamento Brilhante Cor Dourado,Yesop,Instalações,foto-real-confirmada,sim,nao,https://http2.mlstatic.com/D_NQ_NP_656461-MLA96071522273_102025-O.webp,https://www.mercadolivre.com.br/social/edsonreiterconcatto?matt_word=edsonreiterconcatto&matt_tool=37292649&forceInApp=true&ref=BJk%2FGJL4zXkvJZ7rC1M8GpVGjKUvsPSsOWf2RXL82k%2Fi3FG8Wc%2B5FE7BVHZDIbGr8JErOKZ5XQ%2BJdpt3KkghtK%2FTfRJELIm9JRssoA3lL2hknuWoEBbNRkGQK3pYA6%2Fz4Jdkzpg%2FZwj%2Bq%2FmudMdz4jvBHHDjsdo1mxFG7uggHfVwlk8smocHvdwMgPWyV9ODNF%2BUQw%3D%3D,foto-remota-validada,https://meli.la/17sPEDW
torneira-eletrica-cozinha-4t-luna-zagonel-5500w-127-ou-220v,Torneira Eletrica Cozinha 4t Luna Zagonel 5500W 127 Ou 220V,Zagonel,Instalações,foto-real-confirmada,sim,nao,https://http2.mlstatic.com/D_NQ_NP_785846-MLB89469163569_082025-O.webp,https://www.mercadolivre.com.br/social/edsonreiterconcatto?matt_word=edsonreiterconcatto&matt_tool=37292649&forceInApp=true&ref=BG3yFFLM7qX3yvg1V5vYvSdw79Zi6ODKlYNYZJhWIP6z1c0qM6twBUQc185Vn1buugUjg1uq6lxXEjv1mMa3yrJHNSw4bkYBox%2BFyvV9hxmiXMyZiXUwKRpgOjZKEv1sb58RJPvEnHy8Yzzta7dLZ3%2Bv92rDm7EVNgBx4A2aUrD9sXDfkejnpOkVWKnXsL%2BuJuVT9Q%3D%3D,foto-remota-validada,https://meli.la/2K6z8AT
torneira-eletrica-zagonel-luna-preta-5500w-220v-parede-4-temperaturas-bica-alta-giratoria-36,Torneira Eletrica Zagonel Luna Preta 5500W 220V Parede 4 Temperaturas Bica Alta Giratoria 360 Cozinha Arejador Antirrespingo,Zagonel,Instalações,foto-real-confirmada,sim,nao,https://http2.mlstatic.com/D_NQ_NP_954992-MLA99990331671_112025-O.webp,https://www.mercadolivre.com.br/social/edsonreiterconcatto?matt_word=edsonreiterconcatto&matt_tool=37292649&forceInApp=true&ref=BLAxvt61ouj398CbW6QQ02Dv8QAYQmsTyuKGDPMZdjXZmCJr6Kua81UABr7aqhwTbrBvuF4arQShJ3fNgmrCXPZxIXsNfSKlG94O9mkBWM%2FmMCa0WCGSdh2qfCGp1aVooAFVA6dKfLhP9dhuRxForHJ9YK%2F6MVQTlDgX%2FCvIXUqLhTosbOlfB%2Fk2c4tbyIic8%2BeWHQ%3D%3D,foto-remota-validada,https://meli.la/31qp83a
torneira-eletronica-zagonel-touch-prima-5500w-cor-preto-220v,Torneira Eletronica Zagonel Touch Prima 5500W Cor Preto 220V,Zagonel,Instalações,foto-real-confirmada,sim,nao,https://http2.mlstatic.com/D_NQ_NP_606080-MLA93373831607_092025-O.webp,https://www.mercadolivre.com.br/social/edsonreiterconcatto?matt_word=edsonreiterconcatto&matt_tool=37292649&forceInApp=true&ref=BH6m%2B%2Fj5nL4IesdT5cp%2BKsFTwhsv6szZvCfkF23dguhnpktDiiDJNXaOI%2F9GJiAe%2Fi0r8kGAbGJGlCN34Xljq0GOS9jwLShttD9brvHd98PsJsRnul4DmuRfT8vMR2LnBN5XiHTpjLpLsmoHwYWt9xnfCgkYgPvdnX58azpIkMqicIMorY%2BiYoJH%2FmEwPkSep6Nw2yowl2v89xTjTFpPUO4p%2BieKmZux8Gp79g%3D%3D,foto-remota-validada,https://meli.la/25n49qc
starlink-mini,Starlink Mini,Starlink,Internet via satélite,foto-real-confirmada,sim,nao,https://http2.mlstatic.com/D_NQ_NP_641245-MLB107958507541_032026-O.webp,https://www.mercadolivre.com.br/social/edsonreiterconcatto?matt_word=edsonreiterconcatto&matt_tool=37292649&forceInApp=true&ref=BEoXckC3omTCiwYKvDGG%2Bgd7cHzkfzNUa7%2FB74mkCPC0Zf%2FBXu251p7Y6dzmQYWIBGYf2aGrkC4rWun7uR%2BDKQuIgsk7tHOJ1%2FcmTmnpHnrWqIqJhuJKk%2F85er2R0KFfSQ4WyhLFk7dG8JJLkJOOs8kENbdH9pv0fOl217dwbS86jFeXizY2kO4LR%2BWtkH4nIyTUvw%3D%3D,foto-remota-validada,https://meli.la/1nMCWwL
starlink-standard-v4,Starlink Standard V4,Starlink,Internet via satélite,foto-real-confirmada,sim,nao,https://http2.mlstatic.com/D_NQ_NP_602115-MLA96137985317_102025-O.webp,https://www.mercadolivre.com.br/social/edsonreiterconcatto?matt_word=edsonreiterconcatto&matt_tool=37292649&forceInApp=true&ref=BBCeJZb0u62CMIpBKo8lcEzMeHi5ebp0uH39jqbvlfU2IY0j7G5%2Bj4tnR8i0fFoDFitGJQ7ka%2FCC08d5j%2FkLRnvKuwNtiPmBAQHHy8Lrkho4i0vw%2F6pV%2BP934oMjMcNL3EGVNzAictQUBZI7a%2F7c48JH4SFn1oqp%2FFZxG2OpOyYoJ0QPN0p8ltECh9V1%2FL%2BvT2vjNwc%3D,foto-remota-validada,https://meli.la/1ghx7Ce
brinox-ceramic-life-easy-8p,Brinox Ceramic Life Easy Jogo de Panelas 8 Peças,Brinox,Jogo de panelas,foto-real-confirmada,sim,nao,https://http2.mlstatic.com/D_NQ_NP_804690-MLA105016415394_012026-O.webp,https://www.mercadolivre.com.br/social/edsonreiterconcatto?matt_word=edsonreiterconcatto&matt_tool=37292649&forceInApp=true&ref=BLUafPQCmY0EPkcszHPx1OwV5VHr1BU2uoUJE6aOIDg07PkA53LeOyenEvGVlTA7lefH7TklMnqu0wYOlSulrgRsmSebAh%2BKeJBpjlk4pacbXuWSRVUegdgTWA5yDhB7RJGsvKm7FPCKEduuKAKSWoyyzavcaMqSs6DGoxxqXV%2Fn1FpNDJsybKYDDdyD7I4qcfiAZQ%3D%3D,foto-remota-validada,https://meli.la/141TwkH
brinox-ceramic-life-smart-plus-vanilla-8p,Brinox Ceramic Life Smart Plus Vanilla 8 Peças,Brinox,Jogo de panelas,foto-real-confirmada,sim,nao,https://http2.mlstatic.com/D_NQ_NP_926181-MLA106965198532_022026-O.webp,https://www.mercadolivre.com.br/social/edsonreiterconcatto?matt_word=edsonreiterconcatto&matt_tool=37292649&forceInApp=true&ref=BJRaRh6VzPrhx6XbefIfNZzLb9Llvj3yJTAtiXav0kDkTHXvZXLVVHuI6sshdiVpl7bl%2FCgbA8ZvMkFYJJ%2B8%2F%2BqV%2BvwN38ixShid%2FOZ97XXJVNWP3dwHt9VzSpUMDuRp35jFRKRjHF9tJ8rJnFtSbZ3%2BhWh34sXH7gPxQFNwe4QP8cRBQkgIurCLzstNW3AfAj6LJDU%3D,foto-remota-validada,https://meli.la/2eb8AxE
greenpan-rio-advanced-12p,GreenPan Rio Advanced Jogo de Panelas 12 Peças,GreenPan,Jogo de panelas,foto-real-confirmada,sim,nao,https://http2.mlstatic.com/D_NQ_NP_862512-CBT113840801524_072026-O.webp,https://www.mercadolivre.com.br/social/edsonreiterconcatto?matt_word=edsonreiterconcatto&matt_tool=37292649&forceInApp=true&ref=BOsZkvgE5spICh9SeABsxfVM32ndb7vD6Rk1q2zUO%2BquAiEFDMXu9y9LZuaXkOS7%2BICE9GaFglEnRapmd6Ewx3dglzTGgxW4KruUpcrlBmL1dpTh3i%2FptaN4aw6qOTmj7ToNqGrXmZXgaQqQtk7wuFtYI4OhcrDpE2D%2Ffr1X5K5TaOHbiODcN0DjfPBFzWd%2B%2BAB4nznCGw%3D%3D,foto-remota-validada,https://meli.la/1BTxonJ
rochedo-ceramic-rose-gold-5p,Rochedo Ceramic Rose Gold Jogo de Panelas 5 Peças,Rochedo,Jogo de panelas,foto-real-confirmada,sim,nao,https://http2.mlstatic.com/D_NQ_NP_937716-MLA101084940661_122025-O.webp,https://www.mercadolivre.com.br/social/edsonreiterconcatto?matt_word=edsonreiterconcatto&matt_tool=37292649&forceInApp=true&ref=BEHDopVWoDkRDptmqdjHwW9HLx6hhvOIBkrL69qEIdWB1gwGFbyN8eumJcfdbRPgd28KueuU3p9flT5ns69pAohwXDSAu2kHb8JOuFXKJ0JSp5awnwNK3NQg7%2FrXAh87NbS1K8ZNelYs8CSr4pPltAyKKeEMuLFYZqXxWB3%2B4MztXt7mkn82EpeHQPx%2BNPy2miYRpb6evEDr61vcx5YteVacLK31eT99gFyfiw%3D%3D,foto-remota-validada,https://meli.la/2BgBZkB
rochedo-stone-pro-5p,Rochedo Stone Pro Jogo de Panelas 5 Peças,Rochedo,Jogo de panelas,foto-real-confirmada,sim,nao,https://http2.mlstatic.com/D_NQ_NP_676665-MLA100571373948_122025-O.webp,https://www.mercadolivre.com.br/social/edsonreiterconcatto?matt_word=edsonreiterconcatto&matt_tool=37292649&forceInApp=true&ref=BIg2H9L1G1Plpru9mSPc6Billz%2FJn7lcBzX4IxX%2B9EJS9cYVrxn7OjaRHp6QPNuj8F0dJSJPSwvHeDOzZW2jdRMFlBxKdHbY9uFhGrTPSR%2BU1rNqZwISvj7VhLLSClS%2FFjKk6qTH2cB87EPzVtsDPGfOESd7jgEyVLYeMty3n4k9w2XYm5VvCCGj3CiyTmBeSfQESzY%3D,foto-remota-validada,https://meli.la/2vetmrT
tramontina-paris-chumbo-7p,Tramontina Paris Chumbo Jogo de Panelas 7 Peças,Tramontina,Jogo de panelas,foto-real-confirmada,sim,nao,assets/produtos/tramontina-paris-chumbo-7p.webp,https://www.tramontina.com.br/jogo-de-panelas-tramontina-paris-em-aluminio-com-revestimento-interno-e-externo-em-antiaderente-starflon-max-chumbo-07-pecas/28599617.html,oficial,https://meli.la/1SDRXLL
tramontina-solar-6p,Tramontina Solar Jogo de Panelas 6 Peças Fundo Triplo,Tramontina,Jogo de panelas,foto-real-confirmada,sim,nao,https://http2.mlstatic.com/D_NQ_NP_885756-MLA96139099845_102025-O.webp,https://www.mercadolivre.com.br/social/edsonreiterconcatto?matt_word=edsonreiterconcatto&matt_tool=37292649&forceInApp=true&ref=BL%2BeqWpWEdfvzZObaTTXnZlnYMZPPP9USGg2J1YoX5uTGIuNnH9z7j7j0J9Q9fGQEkDjTwyGH4G0U%2FJy72wzWz48luZfqDh1Is%2BLFrhhpXo6L7s4gUjFgpIeGF8h39VWY5%2F6oYdxaaV52U5BUsmjz5iCBui5Tdu%2BvSL8xakAy2zXCLPzUZEyAEX%2B6bI6%2B%2BdVGQ3Da0AMcIIFMwYWLw753y%2FY%2B8puMQffBx7Y6BwUN58%3D,foto-remota-validada,https://meli.la/2BBZLSv
tramontina-turim-7p,Tramontina Turim Jogo de Panelas 7 Peças,Tramontina,Jogo de panelas,foto-real-confirmada,sim,nao,assets/produtos/tramontina-turim-7p.webp,https://www.tramontina.com.br/jogo-de-panelas-tramontina-turim-em-aluminio-com-revestimento-interno-e-externo-em-antiaderente-starflon-max-vermelho-7-pecas/20298764.html,oficial,https://meli.la/2MBr2tx
positivo-kit-casa-inteligente,Kit Positivo Casa Inteligente — Lâmpada + Smart Plug + Controle,Positivo,Kit casa inteligente,foto-real-confirmada,sim,nao,https://http2.mlstatic.com/D_NQ_NP_635489-MLB74553459066_022024-O.webp,https://www.mercadolivre.com.br/social/edsonreiterconcatto?matt_word=edsonreiterconcatto&matt_tool=37292649&forceInApp=true&ref=BMq2OOQ%2FAxQ80G6DNmirYkNEZt3MLTNI1CC2Yk%2BiscetUl9LEqp2qiVUiX6KfKnYK%2Bu1g%2F%2FZ%2BVqoQVKR47lgAb5UORwmnUbBpggIJxfCYDFtdXnFSXXuAujF%2BDQRniD%2F17DDX6D8TeIx%2BrTnEzuecISjyoRrmt5qekc%2BBXNnygQGNXq2tchWKC1p%2BCwF%2B6VKXM77pg%3D%3D,foto-remota-validada,https://meli.la/2fV3Yxx
brastemp-blf08bs-lava-loucas-8-servicos,Lava-louças Brastemp BLF08BS 8 Serviços Inox,Brastemp,Lava-louças,foto-real-confirmada,sim,nao,assets/produtos/brastemp-blf08bs-lava-loucas-8-servicos.webp,https://www.madeiramadeira.com.br/lava-loucas-brastemp-8-servicos-inox-blf08bs-127v-434483969.html,anuncio,https://meli.la/1j2zVKa
midea-dwa14-lava-loucas-14-servicos-preta,Lava-louças Midea DWA14 14 Serviços Preta,Midea,Lava-louças,foto-real-confirmada,sim,nao,assets/produtos/midea-dwa14-lava-loucas-14-servicos-preta.webp,https://www.carrefour.com.br/lavaloucas-14-servicos-midea-cor-preta-dwa14p1-127v-mp932931638/p,anuncio,https://meli.la/2rpQtds
midea-smart-home-lava-loucas-16-servicos,Lava-louças Midea Smart Home 16 Serviços Black Inox,Midea,Lava-louças,foto-real-confirmada,sim,nao,assets/produtos/midea-smart-home-lava-loucas-16-servicos.webp,https://www.burgobraseletros.com.br/lava-loucas-16-servicos-black-smart-home-midea-mdwef1633gbs1-110v,anuncio,https://meli.la/2UwgKPD
midea-touch-plus-lava-loucas-8-servicos,Lava-louças Midea Touch Plus 8 Serviços Cinza,Midea,Lava-louças,foto-real-confirmada,sim,nao,assets/produtos/midea-touch-plus-lava-loucas-8-servicos.webp,https://www.carrefour.com.br/lava-loucas-8-servicos-cinza-touch-plus-midea-mdwtf08s1-110v-mp955698799/p,anuncio,https://meli.la/1mEGQzb
praxis-llpp-lava-loucas-portatil,Lava-louças Portátil Praxis LLPP Semiautomática,Praxis,Lava-louças,foto-real-confirmada,sim,nao,assets/produtos/praxis-llpp-lava-loucas-portatil.webp,https://shopee.com.br/Lava-Lou%C3%A7as-Praxis-Port%C3%A1til-LLPP-Semi-Autom%C3%A1tica-127V-Branca-i.683223635.23198113306,anuncio,https://meli.la/1uVXJtC
service-machine-sm500s-lava-loucas-industrial,Lavadora de Louças Industrial Service Machine SM500S,Service Machine,Lava-louças,foto-real-confirmada,sim,nao,assets/produtos/service-machine-sm500s-lava-loucas-industrial.webp,https://produto.mercadolivre.com.br/MLB-5948143382-_JM,anuncio,https://meli.la/2oew6cQ
brastemp-13kg-ciclo-tira-manchas,Máquina de Lavar Brastemp 13 kg com Ciclo Tira Manchas,Brastemp,Lavanderia,foto-real-confirmada,sim,nao,assets/produtos/brastemp-13kg-ciclo-tira-manchas.webp,https://www.leleomoveis.com.br/eletrodomesticos/lavadoras-de-roupa-tanquinho/lavadora-brastemp-bwk13abbna-13kg-tira-manchas-advanced,anuncio,https://meli.la/2KLxoDr
brastemp-bwd16a9-16kg-double-wash,Máquina de Lavar Brastemp BWD16A9 Double Wash 16 kg,Brastemp,Lavanderia,foto-real-confirmada,sim,nao,assets/produtos/brastemp-bwd16a9-16kg-double-wash.webp,https://lojasnossolar.com.br/lavadora-brastemp-bwd16a9-16kg-com-ciclo-tira-manchas-advanced-titanio220v/p/199895,anuncio,https://meli.la/1m7ERFt
brastemp-bwy16a9-16kg-flex-wash,Máquina de Lavar Brastemp BWY16A9 Flex Wash 16 kg,Brastemp,Lavanderia,foto-real-confirmada,sim,nao,assets/produtos/brastemp-bwy16a9-16kg-flex-wash.webp,https://www.magazineluiza.com.br/maquina-de-lavar-brastemp-16kg-bwy16a9-cinza-flex-wash-e-ciclo-tira-manchas-advanced/p/jdk6k505jk/ed/lava/,anuncio,https://meli.la/2312cpq
colormaq-ecomax-lcs20-20kg-prata,Lavadora Semiautomática Colormaq EcoMax LCS20 20 kg,Colormaq,Lavanderia,foto-real-confirmada,sim,nao,assets/produtos/colormaq-ecomax-lcs20-20kg-prata.webp,https://www.solarmoveiseeletros.com.br/lavadora-semi-aut-colormaq-20kg-lcs20-4012-p13168,anuncio,https://meli.la/28MmCbm
colormaq-lcs10-10kg-branca,Lavadora Semiautomática Colormaq LCS10 10 kg,Colormaq,Lavanderia,foto-real-confirmada,sim,nao,assets/produtos/colormaq-lcs10-10kg-branca.webp,https://www.lojasnossolar.com.br/tanquinho-colormaq-lcs10-10kg-branco110v/p/154088,anuncio,https://meli.la/1prQY9z
electrolux-led15-15kg-essential-care,Máquina de Lavar Electrolux LED15 Essential Care 15 kg,Electrolux,Lavanderia,foto-real-confirmada,sim,nao,assets/produtos/electrolux-led15-15kg-essential-care.webp,https://loja.electrolux.com.br/maquina-de-lavar-15kg-electrolux-essential-care-com-cesto-inox-jet-clean-e-ultra-filter--led15-/p,oficial,https://meli.la/2TDnQk9
lava-e-seca-compacta-motorhome-studio-3kg,Lava e Seca Compacta para Motorhome e Studio 3 kg,Mundo Camper,Lavanderia,foto-real-confirmada,sim,nao,assets/produtos/lava-e-seca-compacta-motorhome-studio-3kg.webp,https://www.mundocamper.com.br/produtos/maquina-de-lavar-e-secar-3kg-220v/,anuncio,https://meli.la/1iQLc4t
mondial-turbo-glass-l-1400-gi-liquidificador-1400w,Mondial Turbo Glass L-1400 GI Liquidificador 1400W,Mondial,Liquidificador,foto-real-confirmada,sim,nao,https://http2.mlstatic.com/D_NQ_NP_650295-MLA99500242956_112025-O.webp,https://www.mercadolivre.com.br/social/edsonreiterconcatto?matt_word=edsonreiterconcatto&matt_tool=37292649&forceInApp=true&ref=BAaRG8G0B9aFOssKptDb6DKnsmIG4PMD%2FH5uprpLtRFvAlTFqgnB9HMdB5naWBOXKSEE14o3eRAIFUjUcTKP9x4NnwT3I3ij6hJIzHx3Nyv1Goswi3VulFLZXEc7ne9jZ16gNUBOttO8SzEMSz%2F2IE5aLFUwdnSkonP2fxi60ekneOhRhyfFNLwIOOQBXs%2BNm8Zf84o%3D,foto-remota-validada,https://meli.la/18SV3vm
mondial-turbo-l-1200-bi-liquidificador-1200w,Mondial Turbo L-1200 BI Liquidificador 1200W,Mondial,Liquidificador,foto-real-confirmada,sim,nao,https://http2.mlstatic.com/D_NQ_NP_834041-MLA99989684693_112025-O.webp,https://www.mercadolivre.com.br/social/edsonreiterconcatto?matt_word=edsonreiterconcatto&matt_tool=37292649&forceInApp=true&ref=BFQCDP3TvLccolvVQAjuM9sgQQsUuoQKTI%2FDK3d1A914HJpHsxElBIwTp8usMQPtGvMjNvxCwoMkknB%2BpCZUgUJsG5P2P7WKYRVu7slUtK1fKgU6KgsqcfyHQyB87Q0%2BVN5a6qdCCEIDQ5om8frbURHlPoaN55tA13rM8Raki7R7nWvVxDJOs%2FmGzfDSWV9HwhjhANM%3D,foto-remota-validada,https://meli.la/2LaXx3Y
mondial-turbo-power-l-99-fb-liquidificador-2-2l-550w,"Mondial Turbo Power L-99 FB Liquidificador 2,2L 550W",Mondial,Liquidificador,foto-real-confirmada,sim,nao,https://http2.mlstatic.com/D_NQ_NP_982363-MLB79227238629_092024-O.webp,https://www.mercadolivre.com.br/social/edsonreiterconcatto?matt_word=edsonreiterconcatto&matt_tool=37292649&forceInApp=true&ref=BElDaRcud%2BeY1B5VuaIoyz%2BXM1A9xmyXFLLaU9%2BEC8Ak0kxzqgMCoKhgUG0%2BL1%2B4hR4g2K8Zye66AvtH4FeVw1CwLY9ag5FGB0HPNIizYCLjILbMRoamDnEy7fwvDGzwVaaQgRZLPfelAJUCa7QsYpve0bb%2FdR4jHHDtbYE9ihLlDGzs%2BsuHD3LqKcJ2QeABi8jRNQaCNbbD9oc0kA%3D%3D,foto-remota-validada,https://meli.la/1ZWdbnt
oster-full-oliq610-liquidificador-15-velocidades-1400w,Oster Full OLIQ610 Liquidificador 15 Velocidades 1400W,Oster,Liquidificador,foto-real-confirmada,sim,nao,https://http2.mlstatic.com/D_NQ_NP_702461-MLA100061718683_122025-O.webp,https://www.mercadolivre.com.br/social/edsonreiterconcatto?matt_word=edsonreiterconcatto&matt_tool=37292649&forceInApp=true&ref=BD7yVcF6EFdJt4oDlsXWcrRQJvkyzl5lJ6OUrhiQECfEmlqFDYPSq1idwBw7eeqtXVtSapHDzXX1xtW%2FuimzB7tBVheu5TvTC5ZZMY8iIaLSGhsgobP0U6uGpmQPm08pu4wmojlwyNPHZdT%2B5q%2ByOMlsA8WORQ9L6m7bxzTg1%2Fcq%2FtcV7FQK%2Bxcd6gBejNDcMSxkFho%3D,foto-remota-validada,https://meli.la/1Bxh7eA
oster-xtreme-mix-liquidificador-profissional-2l-tritan,Oster Xtreme Mix Liquidificador Profissional 2L Tritan,Oster,Liquidificador,foto-real-confirmada,sim,nao,https://http2.mlstatic.com/D_NQ_NP_999757-MLB98316296470_112025-O.webp,https://www.mercadolivre.com.br/social/edsonreiterconcatto?matt_word=edsonreiterconcatto&matt_tool=37292649&forceInApp=true&ref=BLtAUC1hTCmQxjEJLccyU%2B7BhX14M22hlAqGfkcO2qvdTXZ%2FkZHYVPZuB3rnqeSYIlJ28ptGFDZ1E040uiX4GoEf59YlLs2XbQCsca%2F%2BueYQHtv925r8aGCHXYGFvvO8A%2BUPMPw49j%2F8glxEjbvmlcAisAFL5QdIh%2F4TG9MaEidn2mOk04tDsyHs4BcpfOTuLj3JUxxaZPA505r92Q%3D%3D,foto-remota-validada,https://meli.la/1gWfKY6
philips-walita-daily-ri2110-liquidificador-2l-550w,Philips Walita Daily RI2110 Liquidificador 2L 550W,Philips Walita,Liquidificador,foto-real-confirmada,sim,nao,https://http2.mlstatic.com/D_NQ_NP_860737-MLA113670885186_072026-O.webp,https://www.mercadolivre.com.br/social/edsonreiterconcatto?matt_word=edsonreiterconcatto&matt_tool=37292649&forceInApp=true&ref=BNa2Atxf5%2BMFfORZYcgHPdCkN%2FM3xQbnyY3CdComxjXHFr4k21WcDtlk3R%2FRw70WzN9mqfsYQVQLVZHD1FjsuVz6%2F20rDpfZN7LumlJIAFIWOg1aZCZRhDLAmQRtEN%2BiSt2DPMmHwa56D2oVbyey05PPy8T%2FWhvpReSot8CKsJ4unW6AzylY3nBkuT4M9pCvgx4wy%2Fw%3D,foto-remota-validada,https://meli.la/1JmijjH
philips-walita-serie-3000-hr2271-liquidificador-1200w,Philips Walita Série 3000 HR2271 Liquidificador 1200W,Philips Walita,Liquidificador,foto-real-confirmada,sim,nao,https://http2.mlstatic.com/D_NQ_NP_888044-MLA95655854732_102025-O.webp,https://www.mercadolivre.com.br/social/edsonreiterconcatto?matt_word=edsonreiterconcatto&matt_tool=37292649&forceInApp=true&ref=BMbrXJZWpPrOEw4VwgJ1EUZy2%2Ft3NnQLgeW%2B2REwokuzC3r9WiMCSSrtCfAs40eWJDeLQ%2Bxbt6jIhGt3IRSWKIS6WH9OTGffOSBYwK826Xxcuj4jG5SQe9%2Bso%2F3dE80OUt%2FyhMjGMthDWnCRKQyfOcmbJokqRfe9uslMu5AxGgixeQIVGv8a%2ByYh0PJJ%2FiHOzdvDS1MEtT8C7V7ilHLVVfI9KbP5OYvydfFwHQ%3D%3D,foto-remota-validada,https://meli.la/2iQ6Ynp
philips-walita-serie-5000-ri2244-liquidificador-1400w,Philips Walita Série 5000 RI2244 Liquidificador 1400W,Philips Walita,Liquidificador,foto-real-confirmada,sim,nao,assets/produtos/philips-ri2244.webp,https://www.philips.com.br/c-p/RI2244_90/liquidificadores-serie-5000,oficial,https://meli.la/2zBayPj
corsair-vengeance-16gb-ddr5-6000,Corsair Vengeance 16GB DDR5-6000,Corsair,Memória RAM,foto-real-confirmada,sim,nao,https://http2.mlstatic.com/D_NQ_NP_891183-MLA101172916935_122025-O.webp,https://www.mercadolivre.com.br/social/edsonreiterconcatto?matt_word=edsonreiterconcatto&matt_tool=37292649&forceInApp=true&ref=BLs%2FbFeYBIFkmIJxpZxLLzaR%2FOtkmJeDcxa9LxOXvq0QueCDQ0Ox%2FThoZmbEIjNhFuKKqku0sbBB%2BKutewQit1jHowq0XCwEUqbNZaeFXjYRlHZrOw2sW9l%2Blp33HRouDw4SGxogdKBc6lTQpRdQ45uLbJaRWFq%2FY1BVLcf1Vq879tRHpX3fCh7OWuOH7WiEEUheCQ%3D%3D,foto-remota-validada,https://meli.la/1icBhXi
corsair-vengeance-rgb-16gb-28,Corsair Vengeance RGB 16GB (2×8),Corsair,Memória RAM,foto-real-confirmada,sim,nao,https://http2.mlstatic.com/D_NQ_NP_861459-MLA84521928929_052025-O.webp,https://www.mercadolivre.com.br/social/edsonreiterconcatto?matt_word=edsonreiterconcatto&matt_tool=37292649&forceInApp=true&ref=BAseQbtFx74BZVrr9TJjGEdd9fHJ%2FIjwYlHfqck1vpeliFa6PS4d2x4RKqR7sjG0sKq27yKyfa3ciZ%2F%2BDsXzGiel%2FkKjCUDz%2FtHr50%2BtKG7v4ZDUVzOeDYQGrhWBZk2A%2BoQ7dbPyTApnizFVhTocUWRXd6P6hsasVbfz0teIHCLB2fwaesA26Z0w9JdVra0ltKT%2Bz6XLbg%3D%3D,foto-remota-validada,https://meli.la/1MvoSgk
corsair-vengeance-rgb-32gb-216-ddr5-6000,Corsair Vengeance RGB 32GB (2×16) DDR5-6000,Corsair,Memória RAM,foto-real-confirmada,sim,nao,https://http2.mlstatic.com/D_NQ_NP_983776-MLA99968190643_112025-O.webp,https://www.mercadolivre.com.br/social/edsonreiterconcatto?matt_word=edsonreiterconcatto&matt_tool=37292649&forceInApp=true&ref=BIUsI7llCwBYSXzp0zyuWALx6sXW0n%2F4QzmO%2FpkaoutvSxcl%2FepcKD9RRN1tBQhry%2BsuTbe84Q5IUhI%2FGj2dyeccb8OAzcRwoMj5oW6GpmTVFQ66JYtHNZZqJ31B6UiNMI1b445QYSE7M1mbWBRjmgxGmJUvvPcdSS5y4eKRlt%2BCimO9x9zX8cwNN2IjZR29y65kcmE54Fm%2B%2B4pxtZMrK5zjJBJFRjazHjsrQg%3D%3D,foto-remota-validada,https://meli.la/2ZBngvM
kingston-fury-beast-rgb-16gb-ddr5-6000,Kingston Fury Beast RGB 16GB DDR5-6000,Kingston,Memória RAM,foto-real-confirmada,sim,nao,https://http2.mlstatic.com/D_NQ_NP_972304-MLA99496644110_112025-O.webp,https://www.mercadolivre.com.br/social/edsonreiterconcatto?matt_word=edsonreiterconcatto&matt_tool=37292649&forceInApp=true&ref=BGEvRcdLpLms33XK%2FLWXga%2BrjRMT3EYN%2Bw0xvBRNwJKsmKd1uI4hguVf0JmRZNvMDQiIQvsVBlMLUUuqMCzaOdnCijSjHrV04UjAZpQqp90GeZu0LOtDyHelCbC2jNyCL%2BUzxY0sDKx39L66ao77UCSIXu1pp9A4GhZmpmmx18FwnoGEstS%2FKAfTmucQoiZD3LOMuZWaziVicjGrkYY%2BYosH5xDe8vC6g8HWow%3D%3D,foto-remota-validada,https://meli.la/2pPGJq1
kingston-fury-beast-rgb-32gb-216-ddr5-6000-expo,Kingston Fury Beast RGB 32GB (2×16) DDR5-6000 EXPO,Kingston,Memória RAM,foto-real-confirmada,sim,nao,https://http2.mlstatic.com/D_NQ_NP_775110-MLA113965022521_062026-O.webp,https://www.mercadolivre.com.br/social/edsonreiterconcatto?matt_word=edsonreiterconcatto&matt_tool=37292649&forceInApp=true&ref=BJCqfv%2FzQ98XA7b56sKueKrt%2B37JEob7eyPNzXtbwEs4RDLqzH%2BvxAY8JCIVp7oU%2FHFFqYNO2R4YvCziGWdJu4aU%2FCMfK0Ku63aVvkw95qOXDHcriWuu2g0wvS8z%2FOY0UqicBzukSrKm%2FDevKPKYjlPA2lo1KONPk1e6%2F0NMXwfn%2FdoSMm8wpYzCbCAo0zXZ%2FtlenkA%3D,foto-remota-validada,https://meli.la/1DsZ1xJ
kingston-fury-beast-rgb-8gb-ddr5-6000,Kingston Fury Beast RGB 8GB DDR5-6000,Kingston,Memória RAM,foto-real-confirmada,sim,nao,https://http2.mlstatic.com/D_NQ_NP_643602-MLA99924579227_112025-O.webp,https://www.mercadolivre.com.br/social/edsonreiterconcatto?matt_word=edsonreiterconcatto&matt_tool=37292649&forceInApp=true&ref=BBwnp7rgtZ2oZJ0S4dptd5HnA5ZNz26zomI7FK%2FEs%2FitAqfa2KM9bOfhwUjUpmKrIoXqaSpVsluANorybKhoLMvlIE57%2B7kW2DyFV2nwGE3At7%2FwWq7a4zzDaOZedLtCb1i3%2BbMZfUszBfw9PpXfeGcmAJxnbbp89mTfz9E1czwsVIRGNpfclB7oDiSfpqoZXXeTJjMe7UQifcoVJSQdsiF20SLNEm80yhLRVQ%3D%3D,foto-remota-validada,https://meli.la/1sMajvk
corsair-vengeance-cmsx16gx4m1a3200c22-ddr4-16gb-3200mhz,Corsair Vengeance CMSX16GX4M1A3200C22 DDR4 16GB 3200MHz,Corsair,Memória RAM para notebook,foto-real-confirmada,sim,nao,https://http2.mlstatic.com/D_NQ_NP_934272-MLA96507287613_102025-O.webp,https://www.mercadolivre.com.br/social/edsonreiterconcatto?matt_word=edsonreiterconcatto&matt_tool=37292649&forceInApp=true&ref=BIJljpn8bfiwlkXDrLurVjR1RiPFfsBYeGC1xrREgsBNw%2F%2BNPlMEdpXxTKc8Aet1GdVyc6aF4kN8BS17SUbPBiZbZ1zkHqwBQRl2sZclur%2FWGN117%2BHU6XM3PIk4SAMHnXGnQe3dPc3yLXoB8ckC%2FgQ2GlsRn3DRb3fCvL1nrNXiEgp48MuFUd%2FCm4rhM5R16nOU4rs%3D,foto-remota-validada,https://meli.la/2XYV6xA
corsair-vengeance-cmsx32gx5m1a4800c40-ddr5-32gb-4800mhz,Corsair Vengeance CMSX32GX5M1A4800C40 DDR5 32GB 4800MHz,Corsair,Memória RAM para notebook,foto-real-confirmada,sim,nao,https://http2.mlstatic.com/D_NQ_NP_661679-MLA99928433157_112025-O.webp,https://www.mercadolivre.com.br/social/edsonreiterconcatto?matt_word=edsonreiterconcatto&matt_tool=37292649&forceInApp=true&ref=BFBDN4%2FRi8Gc8Dc%2BelID4o2FTfurmIYRLtdp8u7tBWIBlegyttAQyI52TPQhwLrP9Wt4bc3E1pxIn8FrCSHM7iqGalOXFD1inWmBUiTegoANMZxAYA3szpaG5neXdNN27ODwM7FDt73dOp01ht33wv4oZB%2BIqW6H%2BCvVfcSnrIkx%2FQQvx31Ikvedhgza%2FS6b2pVgg6U%3D,foto-remota-validada,https://meli.la/1ujG7hx
corsair-vengeance-cmsx8gx4m1a3200c22-ddr4-8gb-3200mhz,Corsair Vengeance CMSX8GX4M1A3200C22 DDR4 8GB 3200MHz,Corsair,Memória RAM para notebook,foto-real-confirmada,sim,nao,https://http2.mlstatic.com/D_NQ_NP_666795-MLA99948249581_112025-O.webp,https://www.mercadolivre.com.br/social/edsonreiterconcatto?matt_word=edsonreiterconcatto&matt_tool=37292649&forceInApp=true&ref=BAeM1wvQO2e9KovjIhsUS7GErqisvxxCOJGxmudPw53u31a8GJLY%2F65zAlV8fqw0wnFk5n27%2BP0Gy28u042hq0bpvNGXOMLnjaY5rQB6NBNG6Pu%2FV34mm%2Feg9sI%2BC51Ux7NAQakYt4eR1t3GAbDl2L10mRtIe7cw1HDaLv54fMsxKWg%2FmITMObX0oiFysC05ot0mGaE%3D,foto-remota-validada,https://meli.la/2XUU5hD
crucial-ct8g4sfra32a-ddr4-8gb-3200mhz-so-dimm,Crucial CT8G4SFRA32A DDR4 8GB 3200MHz SO-DIMM,Crucial,Memória RAM para notebook,foto-real-confirmada,sim,nao,https://http2.mlstatic.com/D_NQ_NP_759966-MLA99451388346_112025-O.webp,https://www.mercadolivre.com.br/social/edsonreiterconcatto?matt_word=edsonreiterconcatto&matt_tool=37292649&forceInApp=true&ref=BCGQPpTJjFD90FcWZXsx0DRsaDosFV6t75e6Qx%2BP5F4UdRuxm2%2FLKfGZFGay2aqpDzk4eRg3leL4gbCJFGasKgbuOHOzX7%2FJ%2B3XULreATgtWVW9YGf6i7TlxSZJegiEg%2BBaVoJDWM5qar2nVrN6btMgX0bOoIKGD25VwjHj8OoQ16OQYH3C9wYisO%2BHE52qfsDDLmgl2WDdsKS8rYqYTupeFEtOw9JZE5PCZAw%3D%3D,foto-remota-validada,https://meli.la/1o3E2de
kingston-kvr32s22s8-8-ram-notebook-ddr4-8gb-3200mhz,Kingston KVR32S22S8/8 RAM Notebook DDR4 8GB 3200MHz,Kingston,Memória RAM para notebook,foto-real-confirmada,sim,nao,https://http2.mlstatic.com/D_NQ_NP_956390-MLA99453703320_112025-O.webp,https://www.mercadolivre.com.br/social/edsonreiterconcatto?matt_word=edsonreiterconcatto&matt_tool=37292649&forceInApp=true&ref=BPRCkIUKTo%2BPVOeL6tPdJh1PQdcYOwh4Kq71R9SHnHevD9s3zeXdfO4fApAZAFON4eMrQLGV3qoNturTm46kJAuHeGsRMmZlQ4aicaJvMs%2B5Hkta0DkcJNUJKl8IhrxkmsWWw7K3VD%2F8%2FpPvW3XFCVMfE5UCgsTXvpe7DtYQM%2FIswYXVtXsT%2Ffkvspt4PXHesmakK6A%3D,foto-remota-validada,https://meli.la/28EXfiY
kingston-fury-impact-kf432s20ib-16-ddr4-16gb-3200mhz,Kingston Fury Impact KF432S20IB/16 DDR4 16GB 3200MHz,Kingston Fury,Memória RAM para notebook,foto-real-confirmada,sim,nao,https://http2.mlstatic.com/D_NQ_NP_905898-MLA111018027270_052026-O.webp,https://www.mercadolivre.com.br/social/edsonreiterconcatto?matt_word=edsonreiterconcatto&matt_tool=37292649&forceInApp=true&ref=BFskiVzyH8jrWE%2B3ktcoCYToZl9J7HgDRAarGZr2gCFlq9xix1fGMNz81DZsRWRlVf0XUG2%2BbJkmx671KUhFfJTXQwGm%2BQjBTwQ13H1tW%2BblE3WoSNJOENe1KW8X%2B%2BeH8ifVw2%2FsCuS1jeCuVZGPf87rUllsv16IN1NikBpz%2B3uxnRl9T8o2yCzM0SFgm%2Fn6VW2OA2w%3D,foto-remota-validada,https://meli.la/2krkaKH
electrolux-meo44-micro-ondas-34l-branco,Electrolux MEO44 Micro-ondas 34L Branco,Electrolux,Micro-ondas,foto-real-confirmada,sim,nao,https://http2.mlstatic.com/D_NQ_NP_658366-MLA99464225292_112025-O.webp,https://www.mercadolivre.com.br/social/edsonreiterconcatto?matt_word=edsonreiterconcatto&matt_tool=37292649&forceInApp=true&ref=BMWoUnb%2BZRzwavU60OCl1XXd5VMWswKmUfCs9n2T64%2FJXrTcDj3zJke5AlRI8T3pccgIAJ5viCN1OlMuVShQy843BEM0qmc8frl2uxPqsnM9DH0clcIrkyxN4j87rChQ2QLr%2BUPBkpR7u0XGhGCivrwzUw%2F%2FXlizcqBZapOe5x0I4CkRG32%2F7SZGVmj%2BEd59mMGNpEKXzYBrXXIqj67%2Bzx2UpifoL4dQd9Qj,foto-remota-validada,https://meli.la/167QEs6
electrolux-mto30-micro-ondas-20l-branco,Electrolux MTO30 Micro-ondas 20L Branco,Electrolux,Micro-ondas,foto-real-confirmada,sim,nao,https://http2.mlstatic.com/D_NQ_NP_787358-MLA100187065347_122025-O.webp,https://www.mercadolivre.com.br/social/edsonreiterconcatto?matt_word=edsonreiterconcatto&matt_tool=37292649&forceInApp=true&ref=BOtWeBwC5knsNhS9u3lyfQN6uJnvFyrqBih378s3LhMKatck%2BFMBAp0v9nsyw3m74As4eMpTC51%2Fs%2BQWOUsaEoxeGc960h467MjqCtNnxj6dW2lp1jGU%2FWIUMIQGLod5%2FCRb1hI1KlhV6VJnUqihihidqsJ3z8bbMDm%2FBf0lUrjq4kzMgEiBur7qx38sWUlO2HxDmJgaygp%2BQZd6o8hDWBtoNtA0ZsfJ3G5x,foto-remota-validada,https://meli.la/2FNsDcY
electrolux-pro-series-mv43t-micro-ondas-de-embutir-34l,Electrolux Pro Series MV43T Micro-ondas de Embutir 34L,Electrolux,Micro-ondas,foto-real-confirmada,sim,nao,https://http2.mlstatic.com/D_NQ_NP_701960-MLB91038963804_092025-O.webp,https://www.mercadolivre.com.br/social/edsonreiterconcatto?matt_word=edsonreiterconcatto&matt_tool=37292649&forceInApp=true&ref=BMMn74rEiaWFYMuHuFRBOYbiL%2BZQCJKcKjpw8jM3GLxD9JBQDbQ%2Fim5P1Rqa3RbJTnMmwni7bwDj6JeqHiwQfKQ4EiS9MabKavGtkG9E7%2BbwgZ9G6cRoSS6UP%2BhyZKvYjnxJpH6IekF3LDvBzYeAW%2FDFak3Ub4wez59wFssGowErEu%2FlrQCT26KaEUKJP00YQywRtw%3D%3D,foto-remota-validada,https://meli.la/2KWxPXd
midea-mras22-micro-ondas-20l-branco,Midea MRAS22 Micro-ondas 20L Branco,Midea,Micro-ondas,foto-real-confirmada,sim,nao,https://http2.mlstatic.com/D_NQ_NP_852939-MLA100001150021_112025-O.webp,https://www.mercadolivre.com.br/social/edsonreiterconcatto?matt_word=edsonreiterconcatto&matt_tool=37292649&forceInApp=true&ref=BHqPoY0HoJ64Yd%2BlQtce3MFReiEWOW5JFnqQ0daNnI2lcZnzjMsE409T6LdiYu3RwboVgnHprggmt1uvdt2qso6D33G%2Fd4bR%2BBbwAGW%2FSz6zGTA63j%2BjlordRSNCKK%2FIlsnvpiqadqQHX%2FSqwKxTD2txWwFAqqNSGX3IV4Te9To%2BVCgcXr2DDmtOHGuwqQVnWwk4lEoVjEadgoWC7h3%2FlotvmWZtC%2Fh2X%2FyRxSizGEM%3D,foto-remota-validada,https://meli.la/2TwzPGe
midea-mastercook-mhp35s1-micro-ondas-35l-prata,Midea MasterCook MHP35S1 Micro-ondas 35L Prata,Midea,Micro-ondas,foto-real-confirmada,sim,nao,https://http2.mlstatic.com/D_NQ_NP_602130-MLA91312512753_082025-O.webp,https://www.mercadolivre.com.br/social/edsonreiterconcatto?matt_word=edsonreiterconcatto&matt_tool=37292649&forceInApp=true&ref=BBD1PDvauwRAcs0%2FfZMIj4%2FQkSVFIMoXF9Cuh63DtMCm83M0U0rQ04DybqGOD3ev9cZU7SITtIqdPFlRCm81mrg0fJBBmG34bE6gGbkIQIqLQ%2F79S4ZrJP7QLXcgcMuezVfnYiSdGdItdK4R5xEqAdCJQzKFMcKsuSTwwHbckkKHDQMx1mkLB83DbUnyO6rhz6SpAW4%3D,foto-remota-validada,https://meli.la/2QhRSH5
midea-mastercook-micro-ondas-35l-branco,Midea MasterCook Micro-ondas 35L Branco,Midea,Micro-ondas,foto-real-confirmada,sim,nao,https://http2.mlstatic.com/D_NQ_NP_697603-MLA99950760883_112025-O.webp,https://www.mercadolivre.com.br/social/edsonreiterconcatto?matt_word=edsonreiterconcatto&matt_tool=37292649&forceInApp=true&ref=BOm5eChQIKzmFlzX5FBjbr%2BxaoP4rrB9XxU44s6aCK7dvdasn%2BLw5SNh%2B24RuSXovB77VioI3XpzIySySUZaCD3tlZ0oIWxN6NuOqVB%2FmvXQKj7hbgCzNDWnIOBAkuO3j8nfuBl2wgqntjKIS7ZiSymG6VAaZTopPyNWuYUB54TdKEbl8HCPeTqGTc8mUodWqPCB%2Fjoe4ucJ8aLOGK%2Bvz%2FstC1IfUXR90taN%2BA%3D%3D,foto-remota-validada,https://meli.la/2s6fiBM
midea-micro-ondas-de-embutir-35l-touch-preto,Midea Micro-ondas de Embutir 35L Touch Preto,Midea,Micro-ondas,foto-real-confirmada,sim,nao,https://http2.mlstatic.com/D_NQ_NP_947476-MLA111792133205_052026-O.webp,https://www.mercadolivre.com.br/social/edsonreiterconcatto?matt_word=edsonreiterconcatto&matt_tool=37292649&forceInApp=true&ref=BLlT2RU0zSW0CFKRCDOt425NtAHArnN4JLpCgrX8HoHVVXx5KBchX%2BGmGvMOQvLUOnvH0GDOL27EA5L%2BccklNPAnf%2Bsxj7fmUub%2BbgXZpozDjTsz%2Bgy1hifzyQuF2czWRHp%2FmuIt1ahGj9fRFAg1WssBesh5%2FARj%2Bdv5XwMuQXf6R7Mqu%2Bino5su8GwqKGGhKgmf9A%3D%3D,foto-remota-validada,https://meli.la/33D9ntY
panasonic-nn-cd89nbru-micro-ondas-4-em-1-airfryer-30l,Panasonic NN-CD89NBRU Micro-ondas 4 em 1 Airfryer 30L,Panasonic,Micro-ondas,foto-real-confirmada,sim,nao,https://http2.mlstatic.com/D_NQ_NP_797613-MLA99993056105_112025-O.webp,https://www.mercadolivre.com.br/social/edsonreiterconcatto?matt_word=edsonreiterconcatto&matt_tool=37292649&forceInApp=true&ref=BG49qMdPW%2FMj9TdgFl6oPgDHZ3BExurOV33ey0Dg6qeelsAum%2FWKNSJ0%2FSeAXClulQ3wDkurHYJBOJO52pvaS00JmWwEXcwPy7oSNze0r5qoR0oUM1SMc4WXyImOWp9Cpv1echTjox%2BHqQ5HOHgAVr%2FY11%2FXlzRzTyrR2YVksTH0%2Bw1Ujvrkhq%2FR6NR%2FQZiOl3hvNp4%3D,foto-remota-validada,https://meli.la/26aNxfH
panasonic-nn-st25lwru-micro-ondas-antibacteria-21l-branco,Panasonic NN-ST25LWRU Micro-ondas Antibacteria 21L Branco,Panasonic,Micro-ondas,foto-real-confirmada,sim,nao,https://http2.mlstatic.com/D_NQ_NP_869773-MLB89954839049_082025-O.webp,https://www.mercadolivre.com.br/social/edsonreiterconcatto?matt_word=edsonreiterconcatto&matt_tool=37292649&forceInApp=true&ref=BO%2FGlMeja3o2VXXNYj9QN%2F0fOC9Fx9XzWhbW%2FC1PI1Vc6PGY7mDSav%2F1fQkHupFEeypEPHGRUNXBBms1JtCyhrq83219jvorQ5NO8lmpC1kVfuB98te7HixbM11O1cgF5tJU4Cdl9zCAZ1bs00wgn9h7GrBjQGyDJXYjO7Hq8qlRmN0EipxHzdXUa5tsZuE%2Br1wJOw%3D%3D,foto-remota-validada,https://meli.la/1nSBmMD
panasonic-nn-st67lsru-micro-ondas-34l-inox,Panasonic NN-ST67LSRU Micro-ondas 34L Inox,Panasonic,Micro-ondas,foto-real-confirmada,sim,nao,https://http2.mlstatic.com/D_NQ_NP_799235-MLA99433693810_112025-O.webp,https://www.mercadolivre.com.br/social/edsonreiterconcatto?matt_word=edsonreiterconcatto&matt_tool=37292649&forceInApp=true&ref=BGCh3WoB02gMxXMtvvQmpIyr3KoLm3H08KhOGcnjm41yUdhrG2XYCXLr7otO5C82PQTPHXq2YGL2QUSCTfi6qG%2FgA81ydJdYu4UzBr6k5gTbAgJqtYwyZg84kxWxEyJd7bHn85EZfdXrF%2B1A9tg1LXCZxjMWI7F8dngIifj2mQ%2BNQq%2BFtb4vPtC2u9%2Fcqjy1qslxJH4%3D,foto-remota-validada,https://meli.la/2b3yKJt
blackdecker-mk600,Black+Decker Mixer Portátil MK600 Mini Processador,Black+Decker,Mixer,foto-real-confirmada,sim,nao,https://http2.mlstatic.com/D_NQ_NP_696619-MLA99365210938_112025-O.webp,https://www.mercadolivre.com.br/social/edsonreiterconcatto?matt_word=edsonreiterconcatto&matt_tool=37292649&forceInApp=true&ref=BCHK3Ff2W69HXtYrJlVyddWzEo%2Fpbqjvg1%2BZZjwY2X2UCOPEl%2F%2Bvu0KiE7UM9fO5eTGPhZCjFWcvmtvcacfKd9soqFrUGxoJAO3ueWjWduwg4Rf0KqQ7yGiskY38%2BLweDBsHFWBz3JgBu4TYBrFNAP3ncLPNbRruxDXEf79TStFZn7%2FG5MlrAdgOOfZyVa6ARcEshgo%3D,foto-remota-validada,https://meli.la/2XxnR66
blackdecker-m300,Black+Decker Mixer Vertical M300,Black+Decker,Mixer,foto-real-confirmada,sim,nao,https://http2.mlstatic.com/D_NQ_NP_833841-MLA99400915122_112025-O.webp,https://www.mercadolivre.com.br/social/edsonreiterconcatto?matt_word=edsonreiterconcatto&matt_tool=37292649&forceInApp=true&ref=BHxMUTh8we9DOJF%2BmtM2N9u7XNYTgT0RvFxeTK0iryGLtTPD4v%2BOrXi7%2Fi9dKTPySpsDrvLZMxg8DO6kAON15EKjFjqhmmU59kQfS%2BZhe1kKtULlAX2%2FXbi8B6TPNE81eG%2F%2FvrHbc7h55PV0Hy66QE92kVoeT6n9O365Ij7hUcJ2YheDQK9SnrQSu3OxlIoT2gNxZt8%3D,foto-remota-validada,https://meli.la/1vP7y9h
mondial-m15b,Mondial Mixer Pratic M-15-B 350W,Mondial,Mixer,foto-real-confirmada,sim,nao,assets/produtos/mondial-mixer-m15b.webp,https://www.mondial.com.br/mixer-pratic-mondial-preto-350w-m-15-b/p,oficial,https://meli.la/2mQU3dv
mondial-m14,Mondial Mixer Turbo 3 em 1 M-14,Mondial,Mixer,foto-real-confirmada,sim,nao,https://http2.mlstatic.com/D_NQ_NP_798457-MLA99466121774_112025-O.webp,https://www.mercadolivre.com.br/social/edsonreiterconcatto?matt_word=edsonreiterconcatto&matt_tool=37292649&forceInApp=true&ref=BIxCbsjyqq17i6e9K4K8UyBVfUoxKeNtQI%2BUl7g3NcMAz20mN79y4%2FK4VgHkaYbHIZ75biSZIx77vqut%2Fg%2FcZy5Pr5S9Ss6wM9s6ckzQjw1YSeEhC0XdEi0Awn%2Fio6%2FSqL03u6i1Cz6GzywlAlhkNsMc8EbCkgKgD%2F7sPs0REgh0ZeX4mt8h%2BrFR1b2lbJqnISoCQA%3D%3D,foto-remota-validada,https://meli.la/2JzUDuF
mondial-m07,Mondial Power Mixer Premium M-07 500W,Mondial,Mixer,foto-real-confirmada,sim,nao,https://http2.mlstatic.com/D_NQ_NP_882173-MLA113774153261_062026-O.webp,https://www.mercadolivre.com.br/social/edsonreiterconcatto?matt_word=edsonreiterconcatto&matt_tool=37292649&forceInApp=true&ref=BHLZdMUEE7GHiGdTk90A90HSl6y1a04ObnUrf0WlznZEZh4IxsborqJpl1ISUqhaa3AkLcw1gHNo1OSGYBwdwC12QiHrSuycW7x2M2rxjtgfgEmc%2FyRx%2Ff3B34YiS%2B2kCKqevgAvTA8VFye9unW8q8DT3dQInX6K94VfOjiqye6Evlrkdbpi6%2FGO%2BiTygMTdeoE31H0%3D,foto-remota-validada,https://meli.la/1Sh6iHq
philips-ri2622-70,Philips Walita Daily Collection RI2622/70,Philips Walita,Mixer,foto-real-confirmada,sim,nao,https://http2.mlstatic.com/D_NQ_NP_986717-MLA99508093810_112025-O.webp,https://www.mercadolivre.com.br/social/edsonreiterconcatto?matt_word=edsonreiterconcatto&matt_tool=37292649&forceInApp=true&ref=BGuR2DRLfqWEUAv7MTuvHdmHnRNqhqJ%2FgquYbJsPWNrrOw%2Bcg0%2Fhv6DnvYftITaTdki7YbvjLowdMk7hHLPC2LXazHQ2%2FjVpvSXn5AP%2FA%2Fghi%2F6acnyagcjDBlVzQiluqBm9bkH0rRHx%2FtBdXoNy4WvYWrmwiQuYjIFkppIUNEqpJMxj3T%2FXRf1AFLxkhYJHJGaDXlY%3D,foto-remota-validada,https://meli.la/1u8pXn1
philips-ri2622-42,Philips Walita Viva Collection ProMix RI2622/42,Philips Walita,Mixer,foto-real-confirmada,sim,nao,assets/produtos/philips-ri2622-42.webp,https://www.philips.com.br/c-p/RI2622_42/viva-collection-promix-handblender,oficial,https://meli.la/11URTFL
aoc-24b35hm2,AOC 24B35HM2 24”,AOC,Monitor,foto-real-confirmada,sim,nao,https://http2.mlstatic.com/D_NQ_NP_858642-MLA99436181956_112025-O.webp,https://www.mercadolivre.com.br/social/edsonreiterconcatto?matt_word=edsonreiterconcatto&matt_tool=37292649&forceInApp=true&ref=BPNaCnqZbMu%2BLjyoleD5Z5kiHIkoEOtXU32Snp7n2ekfadnE5Zb114ghDkdqM1xKASkSMeAE29rb3b05n7lHcz7Xgn1TMGFlF%2FxrUA%2FZEK1mVCgq3Z0KYYjemiO7LUFsXdr1oGdDh17rr1t7oB0LBEDzJ50eVTPKFW%2FRe8R5TeSLBWy2F0cF1LLu6Fx87kF9NUsQwic%3D,foto-remota-validada,https://meli.la/1qry4eV
aoc-ag276qzd2,AOC AGON PRO AG276QZD2 27” QD-OLED,AOC,Monitor,foto-real-confirmada,sim,nao,assets/produtos/aoc-ag276qzd2.webp,https://www.aoc.com/il/gaming/monitors/ag276qzd2,oficial,https://meli.la/1rag91T
aoc-q27g4f,AOC AGON Q27G4F 27”,AOC,Monitor,foto-real-confirmada,sim,nao,https://http2.mlstatic.com/D_NQ_NP_739170-MLA98410816390_112025-O.webp,https://www.mercadolivre.com.br/social/edsonreiterconcatto?matt_word=edsonreiterconcatto&matt_tool=37292649&forceInApp=true&ref=BCFSD6eFV7wCo5V9jT6nMCPodD3PIYXkQFUG4kJ94aH3O7yfhxTfJWa27KxhnMGjn%2FcUc9VAnH8mMI2xp4pII3sGO5L5fXSLMsuhi%2F55ExzwhpXAxYZ85JvmQBTz5j6Pr0mjAll9ESFfRlVHIGJS%2FS%2Fyhx%2Buw6J5faOu8GnTtvzlcSlUtbumWA19mrfOOUCSXiUwYtM%3D,foto-remota-validada,https://meli.la/2qbipGZ
lg-24ms500b,LG 24MS500-B 24”,LG,Monitor,foto-real-confirmada,sim,nao,https://http2.mlstatic.com/D_NQ_NP_871469-MLB93485352059_092025-O.webp,https://www.mercadolivre.com.br/social/edsonreiterconcatto?matt_word=edsonreiterconcatto&matt_tool=37292649&forceInApp=true&ref=BFD8Iwv9Ft7NDwc6agYkYF7jZRUtB63U3XnBIMehmg6ToGtHwq8CW%2Fe6mx44S7aYXGlN7XczSHlwJ8JR5IEgA0I%2FIs5cVJBwbrpbPexCqPNP0q1qSgrvu4IXjqAjK6mw1cASI0NScYtD4QaYkMVLfIuQ0%2FuE%2BKFaB6LYnjuqUywVsrCSPeKYXgeQ4hHlPwbl0iqFEvochdhVx0gtrg%3D%3D,foto-remota-validada,https://meli.la/2wwqJsw
lg-27gx704ab,LG OLED UltraGear 27GX704A-B,LG,Monitor,foto-real-confirmada,sim,nao,assets/produtos/lg-27gx704ab.webp,https://www.lg.com/br/monitores/monitores-ultragear/27gx704a-b/,oficial,https://meli.la/24dNWHd
lg-27gs60fb,LG UltraGear 27GS60F-B 27”,LG,Monitor,foto-real-confirmada,sim,nao,assets/produtos/lg-27gs60fb.webp,https://www.lg.com/br/monitores/monitores-ultragear/27gs60f-b/,oficial,https://meli.la/2JPXXh6
samsung-odyssey-g3-24,Samsung Odyssey G3 24” 180Hz,Samsung,Monitor,foto-real-confirmada,sim,nao,https://http2.mlstatic.com/D_NQ_NP_948786-CBT109714029988_042026-O.webp,https://www.mercadolivre.com.br/social/edsonreiterconcatto?matt_word=edsonreiterconcatto&matt_tool=37292649&forceInApp=true&ref=BDbgs7l4lmLJCoEPLFETNZZ5E1s5KRhCC%2Fd8zDE4vl%2FpS8aV4jiSJ7SVwunFHwGnZJHGS39jnIB2%2B2DmDZ0lPIsbURzv4Pg9bzZJEMVNDWufpiu0IzVwZqQSLzepZpG%2FPI%2FfBF0a5rl%2BhMWHOZ5A2EtW4mFwH4xNna9mH%2FoHOsMopme0gy9PfDKG9%2BkXuKzFRDI4le%2FZ1A%3D%3D,foto-remota-validada,https://meli.la/2r9YeQG
samsung-odyssey-oled-g5-27,Samsung Odyssey OLED G5 27”,Samsung,Monitor,foto-real-confirmada,sim,nao,https://http2.mlstatic.com/D_NQ_NP_894989-MLB111278427709_052026-O.webp,https://www.mercadolivre.com.br/social/edsonreiterconcatto?matt_word=edsonreiterconcatto&matt_tool=37292649&forceInApp=true&ref=BDBKpMUJ83RDeK02CcIy0ImrJ5Izd3q%2B1ZTh2rDiWNQsHtZEJJGUecqD4az34pl%2B%2FOvvFYiHG%2Bf78xNzuKST8CQkoxnWHPABUrKTy7SexxSz4ERZMRYi9qE9%2B6ytgWndWUCyeRcjL6k84zL6gjyP3%2FZOcJ6n8YMF8G%2FoDvbz%2BoQtXItDw7xFrsHstfjusDhimRRGt%2FJ9UfHRVd9rNA%3D%3D,foto-remota-validada,https://meli.la/2AyvcDR
samsung-odyssey-oled-g8-32,Samsung Odyssey OLED G8 32” 4K,Samsung,Monitor,foto-real-confirmada,sim,nao,https://http2.mlstatic.com/D_NQ_NP_865563-MLA99455344800_112025-O.webp,https://www.mercadolivre.com.br/social/edsonreiterconcatto?matt_word=edsonreiterconcatto&matt_tool=37292649&forceInApp=true&ref=BKkFzkYbpAKkpS6%2FTpr98O70Q7HiAL3A4eU3wetJTOfpre717wu62d2kiBCJZzh0a66twNYc8v9BnR7n090HyB%2BnwYPFZmh5aMevaBy3%2FtCUi8hRa6RoeFCBLqJFlNh%2FT9qNyX1ts5LyCJ39JTwadHsJQ0RCPQmmC9tQBlw7mokyaJt7E1%2BHSyf%2B2ktwvemgBwHnpww%3D,foto-remota-validada,https://meli.la/1uWpMdH
monitor-lg-ultragear-24g411a-b-24-fhd-144hz-1ms-mbr-nvidia-g-sync-amd-freesync-hdr10,"Monitor LG UltraGear™ 24G411A-B 24"",FHD, 144Hz, 1ms (MBR), NVIDIA G-SYNC, AMD FreeSync, HDR10",LG,Monitores,foto-real-confirmada,sim,nao,assets/produtos/monitor-lg-ultragear-24g411a-b-24-fhd-144hz-1ms-mbr-nvidia-g-sync-amd-freesync-hdr10-anuncio.webp,https://produto.mercadolivre.com.br/MLB-4452425949-_JM,anuncio,https://meli.la/1R4rpHH
hyperx-pulsefire-haste-2,HyperX Pulsefire Haste 2,HyperX,Mouse,foto-real-confirmada,sim,nao,https://http2.mlstatic.com/D_NQ_NP_817460-MLA84546880628_052025-O.webp,https://www.mercadolivre.com.br/social/edsonreiterconcatto?matt_word=edsonreiterconcatto&matt_tool=37292649&forceInApp=true&ref=BKUlrUabmiPbCpMaH3%2FzFIQGlIgapBLN%2FnvuX6YrT%2FOR7KATuKTHZcFyw4QmfTHKEEmjBiGuoYa7ZP1MMkylUmdrx6U0aNpOP%2BWQPlFyoPl0Ov2cd01jjovvxjEM25Pt5BWE3Q9X275q8bzsI92vc1yl4mjoC2CAmJJs9aT6LGPRC%2F%2BdvaFgI8QT99Jxa0ST4lULOmA%3D,foto-remota-validada,https://meli.la/25AVfu6
hyperx-pulsefire-haste-2-pro,HyperX Pulsefire Haste 2 Pro,HyperX,Mouse,foto-real-confirmada,sim,nao,assets/produtos/hyperx-pulsefire-haste-2-pro.webp,https://row.hyperx.com/pt-br/products/hyperx-pulsefire-haste-2-pro-4k-wireless-gaming-mouse,oficial,https://meli.la/2tExkAF
hyperx-pulsefire-saga,HyperX Pulsefire Saga,HyperX,Mouse,foto-real-confirmada,sim,nao,https://http2.mlstatic.com/D_NQ_NP_704345-CBT115595645577_082026-O.webp,https://www.mercadolivre.com.br/social/edsonreiterconcatto?matt_word=edsonreiterconcatto&matt_tool=37292649&forceInApp=true&ref=BONXBVIXQYVKkqwNcrR3U0TCVBweUVF48Z6NzWluJRqUrvdmwqPdidnD2wfnuDQt9TiX35X5mqH%2FZrpO9R4bP1asFkjYC1rn7JGXFKxbEQP%2BRnBmJvAuFIOl24z7kzmlTReNxFEQ%2BwL76Utax79w3EdJG7ckql2lrThc53mVgeMiXxOPbs97hYXlukwBshPv6oWbwPOCnA%3D%3D,foto-remota-validada,https://meli.la/1HayDXW
logitech-g-pro-x-superlight-2c,Logitech G Pro X Superlight 2c,Logitech G,Mouse,foto-real-confirmada,sim,nao,https://http2.mlstatic.com/D_NQ_NP_925778-MLA97367336426_112025-O.webp,https://www.mercadolivre.com.br/social/edsonreiterconcatto?matt_word=edsonreiterconcatto&matt_tool=37292649&forceInApp=true&ref=BOAiaMWOUdZaqUZnKWEjqxFkZ%2FCzrdZq4SsejJN9OLUBFByv3Zh0CdNpZBhzwGV%2BHS8hoHKV%2Bd0sv95BZJxzmIwmjHjpAeTDHHJQffpKxWfbG7lm9R3Wf0QT5Hoa5VgaU9dPjX9D%2Fy2nXSUPanPdjHlVJmwZuVjrHKa9HijBTX9SXSP6toH24NhZjDNHZdIslyD%2Bxdg%3D,foto-remota-validada,https://meli.la/1YdCLr3
redragon-cobra-m711-rgb-white,Redragon Cobra M711 RGB White,Redragon,Mouse,foto-real-confirmada,sim,nao,https://http2.mlstatic.com/D_NQ_NP_940152-MLA95703465240_102025-O.webp,https://www.mercadolivre.com.br/social/edsonreiterconcatto?matt_word=edsonreiterconcatto&matt_tool=37292649&forceInApp=true&ref=BP5hgOEOiIrB5X1O1Ytf7mdRbF8FfAFYSR02P%2BcWOAs%2Fg%2FKrlzuNgzfGLAE5rDDsxGyEpW2x0ddKYZVW3hz9NQhTflcRwE2FiengjOY3qtwtxiNkIDAZs%2B9sy6DJlMR37FxJNJZpJUosnnE5ia5mfmDs2cLec4qsdQ%2F4tsIXKa%2Bx%2FyjM7QhZJJ6AXEocu7Gg03yAF7g%3D,foto-remota-validada,https://meli.la/2t1i9nz
redragon-king-pro-4k,Redragon King Pro 4K,Redragon,Mouse,foto-real-confirmada,sim,nao,https://http2.mlstatic.com/D_NQ_NP_709542-MLA99397928184_112025-O.webp,https://www.mercadolivre.com.br/social/edsonreiterconcatto?matt_word=edsonreiterconcatto&matt_tool=37292649&forceInApp=true&ref=BBukWxyRWhLazsMPmuOgd8iUrtFMG5wgsiKh5dKNMLnT7u914M27JxJYaYc2cqi%2BvjtNCeMStZJs%2BOO0FAHk5nELZDU%2FFZdi6VF8gTAvtUCKCFyhCD2vuvHUS725Gn0jighFu%2FxjeA71dEG%2BrFF5vCf2zQ%2FuyuKCu3I0xenEx6xQsW0AVlThuucnKUKy1HO8bESi4lw%3D,foto-remota-validada,https://meli.la/2Hi4Vcg
acer-aspire5-a51545-r5at,Acer Aspire 5 A515-45-R5AT,Acer,Notebook,foto-real-confirmada,sim,nao,assets/produtos/acer-aspire5-a51545-r5at.webp,https://www.acer.com/br-pt/laptops/aspire/aspire-5-intel/pdp/NX.AYDAL.00H,oficial,https://meli.la/1h1T34w
acer-nitro-v15-rtx4050,Acer Nitro V15 RTX 4050,Acer,Notebook,foto-real-confirmada,sim,nao,assets/produtos/acer-nitro-v15-rtx4050.webp,https://www.acer.com/br-pt/laptops/nitro/nitro-v-15,oficial,https://meli.la/1SX7v3g
acer-predator-helios-neo16-rtx4070,Acer Predator Helios Neo 16 RTX 4070,Acer,Notebook,foto-real-confirmada,sim,nao,assets/produtos/acer-predator-helios-neo16-rtx4070.webp,https://www.acer.com/br-pt/predator/laptops/helios/helios-neo-16,oficial,https://meli.la/1FLWeoi
alienware-16-aurora,Alienware 16 Aurora,Alienware,Notebook,foto-real-confirmada,sim,nao,assets/produtos/alienware-16-aurora.webp,https://www.dell.com/pt-br/shop/notebooks-gamer/notebook-gamer-alienware-16-aurora/spd/alienware-aurora-ac16250-gaming-laptop,oficial,https://meli.la/155sWBo
alienware-m16-r2,Alienware m16 R2,Alienware,Notebook,foto-real-confirmada,sim,nao,assets/produtos/alienware-m16-r2.webp,https://www.dell.com/pt-br/shop/notebooks-gamer/notebook-gamer-alienware-m16-r2/spd/alienware-m16-r2-laptop,oficial,https://meli.la/1nFk4sC
avell-storm-305,Avell Storm 305 i5 + RTX 3050,Avell,Notebook,foto-real-confirmada,sim,nao,assets/produtos/avell-storm-305.webp,https://avell.com.br/storm-305-i5-13420h-rtx3050,oficial,https://meli.la/15ynt8X
dell-xps13-intel-ultra7,Dell XPS 13 Intel Core Ultra 7,Dell,Notebook,foto-real-confirmada,sim,nao,assets/produtos/dell-xps13-intel-ultra7.webp,https://www.dell.com/pt-br/shop/notebooks-dell/sf/xps-laptops,oficial,https://meli.la/2X2f9Xa
dell-xps13-snapdragon-x-elite,Dell XPS 13 Snapdragon X Elite,Dell,Notebook,foto-real-confirmada,sim,nao,assets/produtos/dell-xps13-snapdragon-x-elite.webp,https://www.dell.com/pt-br/shop/notebooks-dell/sf/xps-laptops,oficial,https://meli.la/2AjNDej
lenovo-ideapad-slim3-15irh10,Lenovo IdeaPad Slim 3 15IRH10,Lenovo,Notebook,foto-real-confirmada,sim,nao,https://http2.mlstatic.com/D_NQ_NP_932252-MLA100025720637_122025-O.webp,https://www.mercadolivre.com.br/social/edsonreiterconcatto?matt_word=edsonreiterconcatto&matt_tool=37292649&forceInApp=true&ref=BGmxcayi5HvZ5kZiU05dpa0NQ6A4kqf9TeXmliaPiZ0UlCEAcNpKl7ElPt%2B0auopW00WAhk9eWkkvw%2B3PJKK3WokOkll2GB%2FkjgqSR3xZ%2BoA3lxPhOXzSgfmhOStXXW%2Br%2BoxUFmmLcadDHH1lLVboapzgOwMcl3osY65xC1AC95DnyQEy1x004IsOHxi0zkKivQksjk%3D,foto-remota-validada,https://meli.la/2uuPhuK
lenovo-loq-r5-rtx4050,Lenovo LOQ 15ARP9 Ryzen 5 + RTX 4050,Lenovo,Notebook,foto-real-confirmada,sim,nao,assets/produtos/lenovo-loq-r5-rtx4050.webp,https://www.lenovo.com/us/en/p/laptops/loq-laptops/loq-15-series/lenovo-loq-15arp9/len101q0009,oficial,https://meli.la/1xVbnwb
lenovo-yoga-slim7i-ultra7,Lenovo Yoga Slim 7i Core Ultra 7,Lenovo,Notebook,foto-real-confirmada,sim,nao,https://http2.mlstatic.com/D_NQ_NP_954460-MLA101696041079_122025-O.webp,https://www.mercadolivre.com.br/social/edsonreiterconcatto?matt_word=edsonreiterconcatto&matt_tool=37292649&forceInApp=true&ref=BIhnM6hECSGhaEaN%2FtIEl%2FDL5I6aXjrT0LLReysXW%2F75tGMbcXHDgsFBZ7ecUrmIP6JVDvK8Dx%2FQidnlubg8w2jw%2BtzFiBDyL5oBAynvQbLR6PGtuq%2Foo3rj%2FH5v9%2FCyp60V2rOjft7oMPBu80F3nNBuGfXtAkz9RmJOsTIYF2S%2FuUXe9%2FN4lP9oniBiUvoAkVCG1xQ%3D,foto-remota-validada,https://meli.la/1UbtuXB
notebook-dell-inspiron-i15-i1300-a30p-15-6-i5-8gb-512gb-w11-preto,Notebook Dell Inspiron I15-i1300-a30p 15.6 I5 8gb 512gb W11 Preto,Dell,Notebooks,foto-real-confirmada,sim,nao,assets/produtos/notebook-dell-inspiron-i15-i1300-a30p-15-6-i5-8gb-512gb-w11-preto-anuncio.webp,https://produto.mercadolivre.com.br/MLB-4196392517-_JM,anuncio,https://meli.la/2GVTQHY
notebook-gamer-lenovo-loq-15irx9-intel-core-i7-13645hx-16gb-512gb-ssd-rtx-4050-linux-15-6-83,Notebook Gamer Lenovo Loq 15irx9 Intel Core i7-13645hx 16gb 512gb Ssd Rtx 4050 Linux 15.6 - 83khs00600 Luna Grey,Lenovo,Notebooks,foto-real-confirmada,sim,nao,assets/produtos/notebook-gamer-lenovo-loq-15irx9-intel-core-i7-13645hx-16gb-512gb-ssd-rtx-4050-linux-15-6-83-anuncio.webp,https://produto.mercadolivre.com.br/MLB-7175526230-_JM,anuncio,https://meli.la/1mcEaQm
notebook-samsung-galaxy-book4-intel-u300-1-20-ghz-ate-4-4ghz-8-mb-l3-cache-windows-11-home-8,"Notebook Samsung Galaxy Book4 Intel® U300 (1.20 Ghz, até 4.4GHz, 8 MB L3 Cache), Windows 11 Home, 8GB, 256GB SSD, UHD Graphics, 15.6'' Full HD LED, 1.55kg",Samsung,Notebooks,foto-real-confirmada,sim,nao,assets/produtos/notebook-samsung-galaxy-book4-intel-u300-1-20-ghz-ate-4-4ghz-8-mb-l3-cache-windows-11-home-8-anuncio.webp,https://produto.mercadolivre.com.br/MLB-3847742125-_JM,anuncio,https://meli.la/2EvDUaG
kit-respirador-6200-pservicos-gerais-hb004526339-3m,Kit Respirador 6200 Pservicos Gerais HB004526339 3M,3M,Obra Base,foto-real-confirmada,sim,nao,https://http2.mlstatic.com/D_NQ_NP_761308-MLA99948361793_112025-O.webp,https://www.mercadolivre.com.br/social/edsonreiterconcatto?matt_word=edsonreiterconcatto&matt_tool=37292649&forceInApp=true&ref=BFm1mCh%2FoukYtuNPkxzM54HjZGJwzhSCckcRvO9ge76DFeEwDiVOOviozVFPzPe8lDkfSF4K%2BEFV29esDrDMvaB3tyVsyZMiY6SMHCPD38B4w8lTbA737ZSvEv29q1PTNGgoCOgEZ0MzpGGeV%2BC24voItjALIZ7A6rEKwAkaSR2StLGMbEPZGqwML8YPF5PUFsgN0%2BICcU0wFv10giSTlhQ5ZSjp5ESQrAYIVw%3D%3D,foto-remota-validada,https://meli.la/2KWwMsW
mascara-de-protecao-3m-6200-com-cartuchos-e-filtros-6003-para-vapores-e-gases,Mascara de Protecao 3M 6200 com Cartuchos e Filtros 6003 para Vapores e Gases,3M,Obra Base,foto-real-confirmada,sim,nao,https://http2.mlstatic.com/D_NQ_NP_708191-MLA99902950255_112025-O.webp,https://www.mercadolivre.com.br/social/edsonreiterconcatto?matt_word=edsonreiterconcatto&matt_tool=37292649&forceInApp=true&ref=BH0n0t%2FFEGbcOiyiLzEtf1H9gHh%2FSXR9QX98aKyMRFgh4su%2FZhppEwfvYnxVnrR51NdVKxJzDimk94rbkRcmdF4n%2F1zohb3JvZ8fM7qfaZR6SUDJYHD2wKlBdIAEfo%2Fjvg5LZBPZcSQBBrMSr2B4c2YpD2oiMdLlJyd%2Fa6giPji9H5JbxYOwxaLJGvi9dHSric9movE%3D,foto-remota-validada,https://meli.la/2s6cc2j
respirador-3m-mascaras-de-gas-viseira-capacete,Respirador 3M Mascaras de Gas Viseira Capacete,3M,Obra Base,foto-real-confirmada,sim,nao,https://http2.mlstatic.com/D_NQ_NP_855664-MLB114158397870_082026-O.webp,https://www.mercadolivre.com.br/social/edsonreiterconcatto?matt_word=edsonreiterconcatto&matt_tool=37292649&forceInApp=true&ref=BK%2F9aqFy4AuIYj2%2FrX3wHJwiyE9WSsei2P7ymtCXDUqS5gvPrQP1guQlUtp0uGhL96iKUodPJOpyG7kaScXb8OGvQJw8E2BWCXo9VYbHsvixWe9Md9Qfg0%2FgGoZ9j6kSyhs0fSde2vOld6lf%2FZ3%2F27CV7eLj3%2F1Eizh62g%2B6WTrVf%2Fvibt042jiOs0OAePKKIvUZtKBqonKXVdT0ew%3D%3D,foto-remota-validada,https://meli.la/23PQa64
4-filtro-refil-alltec-cmc1-voga-para-respirador,4 Filtro Refil Alltec CMC1 Voga para Respirador,Alltec,Obra Base,foto-real-confirmada,sim,nao,assets/produtos/4-filtro-refil-alltec-cmc1-voga-para-respirador.webp,https://alltecbrasil.com.br/produto/filtro-cmc-vo-ga/,oficial,https://meli.la/2pvbxJ8
bosch-glm-40-trena-laser,Bosch GLM 40 — Trena laser,Bosch,Obra Base,foto-real-confirmada,sim,nao,assets/produtos/bosch-glm-40.webp,https://www.bosch-professional.com/br/pt/products/glm-40-0601072900,oficial,https://meli.la/2ipn4WH
furadeira-parafusadeira-bosch-gsr-120li-12v-2-baterias-68,Furadeira Parafusadeira Bosch Gsr 120LI 12V 2 Baterias 68,Bosch,Obra Base,foto-real-confirmada,sim,nao,https://http2.mlstatic.com/D_NQ_NP_618854-MLB91987488612_092025-O.webp,https://www.mercadolivre.com.br/social/edsonreiterconcatto?matt_word=edsonreiterconcatto&matt_tool=37292649&forceInApp=true&ref=BMumqtHNTN5yom9EXgRHerIRAHQbx2Ph6m896b9XV%2B%2FF1w%2FbJyuy2P4MfisLtbSQAES7SNDLwECxkzZpO0o4R49pvHylIQMgXlF2gBapWYHeKS0w%2BRC3pR0BuhZoOFp%2BAaarhNsXRlwQOZqjlSNjVoXU6dCCcKdpqW1Sqszhs54wWwVNBk8LnO13XXTlMcfqpbUMyWHofLRB7Xjrzg%3D%3D,foto-remota-validada,https://meli.la/1wBiJ9t
nivel-a-laser-verde-12m-bosch-gll-2-12g,Nivel a Laser Verde 12M Bosch GLL 2 12G,Bosch,Obra Base,foto-real-confirmada,sim,nao,https://http2.mlstatic.com/D_NQ_NP_663818-MLA99409328334_112025-O.webp,https://www.mercadolivre.com.br/social/edsonreiterconcatto?matt_word=edsonreiterconcatto&matt_tool=37292649&forceInApp=true&ref=BFW3oVMdqTN9a8jX7oG%2BWWdCjqVej%2F5iFHnQpoGFhGGdoK%2B8Z4XkUbb095J0mKj1rGhpp1BJT9IdrnGU7pAvS%2BTL0WtN9aXmaZ%2B%2FY5O1lCCpNR8qT2mr2O%2F%2Brl7vqDXwe8c1kTeX2IDl9dnoM3go18WaT98C9Ax4M6swFO7h3r7ZX7KTdMmUlxpEbcLQXy6H6M7vaxVybrcksBwJs7CX7UjxgC6%2B5Bilp4GssA%3D%3D,foto-remota-validada,https://meli.la/2mRf7ak
betoneira-130-litros-compacta-csm-motor-12-cv-monofasica,Betoneira 130 Litros Compacta CSM Motor 12 Cv Monofasica,CSM,Obra Base,foto-real-confirmada,sim,nao,https://http2.mlstatic.com/D_NQ_NP_679984-MLB111298806828_052026-O.webp,https://www.mercadolivre.com.br/social/edsonreiterconcatto?matt_word=edsonreiterconcatto&matt_tool=37292649&forceInApp=true&ref=BO9BrEyJQS1jCOUsRgUuAnnyRxcsKvxmWs8YVHV%2FIrJUgGb3irfAyGG4%2BmIEwLu54O95nVbAdQWSQ9mtxpgjqzSMnSaZ6i9Px7saQogYgPkLO3HL3yhOJnU1eE4loiecSIcWccvqli7jXuzB8vcR52%2F2g72531QFQk9KD1YUrRE%2FoAmHwU1cJIyCsZByD2qWuqcEzg%3D%3D,foto-remota-validada,https://meli.la/1Z4h9JZ
misturador-eletrico-argamassa-1600w-hm140-cortag,Misturador Eletrico Argamassa 1600W HM140 Cortag,Cortag,Obra Base,foto-real-confirmada,sim,nao,https://http2.mlstatic.com/D_NQ_NP_944498-MLA95942565301_102025-O.webp,https://www.mercadolivre.com.br/social/edsonreiterconcatto?matt_word=edsonreiterconcatto&matt_tool=37292649&forceInApp=true&ref=BOY8annxSVzRullT%2FYzIyS8Zyb4q1%2FyBuACes%2FzgM1qqNwZoHT3TIRh%2Fn3FjV3c5B3C9xQSnK69g86gTAdzLyaQEDVzoyAwbn%2FhOEgszm3FBtMsVZvZCtslYqcPXvkHghnDliSxOYWPsM0aXP8sCAGtlazMMOwakybAapiycwsZ08aEgLTdp7DD4j6Cww28Unrh4HA%3D%3D,foto-remota-validada,https://meli.la/1d1g3C8
parafusadeira-furadeira-de-impacto-dewalt-dcd7781d2-20v-brushless-mandril-13mm-torque-65nm,Parafusadeira Furadeira de Impacto DeWalt DCD7781D2 20V Brushless Mandril 13MM Torque 65NM com 2 Baterias Carregador Bivolt e Maleta,DeWalt,Obra Base,foto-real-confirmada,sim,nao,https://http2.mlstatic.com/D_NQ_NP_941338-MLA113249466298_072026-O.webp,https://www.mercadolivre.com.br/social/edsonreiterconcatto?matt_word=edsonreiterconcatto&matt_tool=37292649&forceInApp=true&ref=BPQTRz9S9ULEb1Wef9Me3E7fVHPBjsiHhQGthCPEiUrjYlrJ4o4aXilnvwiG2t%2BoYF056h%2FDoIU8iOrW6onJJmlSC4c4HOjTFFUjpBTOKadflBZiH687OoIMN7GZd6OU2dpzkuv%2BQrj4bTF0Qwyn8WdYdx4yaMR1%2FJAE%2FG1QKSrBEZuEwEG7uJJ448DPPml6wmqAdtJwgalItmLW5q95y9Y16Lrc8ytUO%2B%2F3Vg%3D%3D,foto-remota-validada,https://meli.la/2kZeHfz
fita-manta-asfaltica-aluminizada-vedatudo-15cmx10m-dryko,Fita Manta Asfaltica Aluminizada Vedatudo 15CMx10M Dryko,Dryko,Obra Base,foto-real-confirmada,sim,nao,https://http2.mlstatic.com/D_NQ_NP_700418-MLA100102970661_122025-O.webp,https://www.mercadolivre.com.br/social/edsonreiterconcatto?matt_word=edsonreiterconcatto&matt_tool=37292649&forceInApp=true&ref=BA7cA7Z3P%2FPp%2BVZ%2FHz3rQmhstBroq4DwL8OtRp9r0jeW4LszB2%2FbUMjUx%2FEjzZoUYiwvWKcbA9GGkE2RepRL3dy7iffF6XQwdwbqLd35piYPwGSVJwslxdDuTjjf8tKJKPk4vIH3HBYb73IWOGOLoccPV8pIzX4D8adj3hgSF3BUxQFTX0Yj8MfmeHu3MeZiY1rH%2Fw%3D%3D,foto-remota-validada,https://meli.la/2cuFj1D
manta-asfaltica-aluminio-poliester-4mm-1m-x-10m-tipo2-dryko,Manta Asfaltica Aluminio Poliester 4MM 1M X 10M TIPO2 Dryko,Dryko,Obra Base,foto-real-confirmada,sim,nao,assets/produtos/manta-asfaltica-aluminio-poliester-4mm-1m-x-10m-tipo2-dryko.webp,https://dryko.com.br/en/produtos/drykomanta-polialum-tipo-ii/,oficial,https://meli.la/1eHPzPD
manta-asfaltica-preta-poliester-4mm-1m-x-10m-tipo2-dryko-tp2,Manta Asfaltica Preta Poliester 4MM 1M X 10M TIPO2 Dryko TP2,Dryko,Obra Base,foto-real-confirmada,sim,nao,assets/produtos/manta-asfaltica-preta-poliester-4mm-1m-x-10m-tipo2-dryko-tp2.webp,https://dryko.com.br/produtos/drykomanta-flex/,oficial,https://meli.la/2UBbJ5Q
martelo-demolidor-rompedor-martelete-pesado-hanabi-45j,Martelo Demolidor Rompedor Martelete Pesado Hanabi 45J,Hanabi,Obra Base,foto-real-confirmada,sim,nao,https://http2.mlstatic.com/D_NQ_NP_873983-MLB103008926583_122025-O.webp,https://www.mercadolivre.com.br/social/edsonreiterconcatto?matt_word=edsonreiterconcatto&matt_tool=37292649&forceInApp=true&ref=BKb98XkCM%2FaWmS6RvG3AEPos7xcTCokTplUssOyuS%2BY0dsNz%2BnK7Mpn4nW2C%2FYl4Z354ZGo2PeTwB3NcNy5THhSEPI0g7d9DXxhvl0WHZNHsXeJO92GmnUvbTknDsqad9rAuBl09WJ1PFSjtY3tRwaQvWJQW1wT5xn1f%2B6RcVk8tj7v746T0upKG8yfys%2FhmvSHwmQ%3D%3D,foto-remota-validada,https://meli.la/2QBX8Su
placa-vibratoria-kawashima-pc900-13kn-7hp-compactadora-de-solo,Placa Vibratoria Kawashima PC900 13KN 7HP Compactadora de Solo,Kawashima,Obra Base,foto-real-confirmada,sim,nao,https://http2.mlstatic.com/D_NQ_NP_746093-MLA99963193633_112025-O.webp,https://www.mercadolivre.com.br/social/edsonreiterconcatto?matt_word=edsonreiterconcatto&matt_tool=37292649&forceInApp=true&ref=BCYTso8Iq8wNPRoPOzTnecDvHF5bpWg2pLBkLJgilnJpRIGGa4%2BtGmtG%2FfBsBAkFAUV0imqU4gx0wxW%2FgUkN9Pq6uWAEuV0pLbceqAaPbYMbgL%2F6%2BYXpJcaoVqCiKnm%2F4yEYhM1XtctyfR8FhunnD3n0Rkb7JBFb1%2BKqdyVtYyYZUdLQHFGbgrA83uQL0tFJIv8AbJ9QIyeGyDyxo828Om4qy21ljoEw%2BNEiKg%3D%3D,foto-remota-validada,https://meli.la/1riyqEe
betoneira-400l-2hp-monof-e-kit-segur-prime-menegotti,Betoneira 400L 2HP Monof e Kit Segur Prime Menegotti,Menegotti,Obra Base,foto-real-confirmada,sim,nao,https://http2.mlstatic.com/D_NQ_NP_969268-MLU71289479351_082023-O.webp,https://www.mercadolivre.com.br/social/edsonreiterconcatto?matt_word=edsonreiterconcatto&matt_tool=37292649&forceInApp=true&ref=BBVZlP0vTv84fuYZkChPw6KyE9bo1FkJR%2BiD1u0lJt2ehG4RlmaiR5Ghp0jk0BaaS1et8anio8mYkVTliHbyOtPE3EcT%2F1FC750lctROrikS%2FCsK02wep7GXJwJaKW523MHEVcoD59A%2Fkptwyg%2BYxS2J9r5CsDt1ioF9QRSytCOB8F8XAIIWqji%2F9CstDLLpCW0ulHM%3D,foto-remota-validada,https://meli.la/2vcnehU
misturador-de-argamassa-e-tinta-1200w-mel1200-menegotti,Misturador de Argamassa e Tinta 1200W MEL1200 Menegotti,Menegotti,Obra Base,foto-real-confirmada,sim,nao,https://http2.mlstatic.com/D_NQ_NP_737939-MLA96145833081_102025-O.webp,https://www.mercadolivre.com.br/social/edsonreiterconcatto?matt_word=edsonreiterconcatto&matt_tool=37292649&forceInApp=true&ref=BLC3dvJezO9aX46ACvGrFDp06%2FQjgFQY7iUaMxg3PZQYsFQyw3nJ%2B2irnjlXfOESSiKdN8jjn8751fW%2BAlEUTd%2FSRJfVMi8Nud0jiN4UhQOfoh2iSQhgljsamPXdtSZpX5lvG2F%2FpnaUEsjp3YJ3RZILex9P3NPIkq7Fv2UtztR4qexBoJLbW%2FgJnPztfLwTnhW%2FNg%3D%3D,foto-remota-validada,https://meli.la/1J15vQG
30-m2-de-subcobertura-psistema-shingle-frete-gratis,30 M2 de Subcobertura Psistema Shingle Frete Gratis,Outras marcas,Obra Base,foto-real-confirmada,sim,nao,https://http2.mlstatic.com/D_NQ_NP_836103-MLB72959844840_112023-O.webp,https://www.mercadolivre.com.br/social/edsonreiterconcatto?matt_word=edsonreiterconcatto&matt_tool=37292649&forceInApp=true&ref=BBs4o2HZf9LOLUiPzP0ryz2UyaV%2FtTHMChmH1hfEtKUW07da6zr2%2FGtCOICJSu5xGEmoNLQo1cr%2FjmjQFjSABadl4y4%2Fmj779EH9XBfk2dG7NRjkzq3LEQtN5wYqx5T8Lzc7nv142xK3520qI%2Bn3pLlGK9a9oy%2FPkdRHDFZe47f%2Fa%2FbCgMDZN0TypTFTKV18XRiZCg%3D%3D,foto-remota-validada,https://meli.la/1qerviv
furadeira-parafusadeira-de-impacto-2-baterias-21v-46-pecas,Furadeira Parafusadeira de Impacto 2 Baterias 21V 46 Pecas,Outras marcas,Obra Base,foto-real-confirmada,sim,nao,https://http2.mlstatic.com/D_NQ_NP_839044-MLB115902823521_082026-O.webp,https://www.mercadolivre.com.br/social/edsonreiterconcatto?matt_word=edsonreiterconcatto&matt_tool=37292649&forceInApp=true&ref=BDT9583dvqvkVMqHKeocQYWT9PfeDKCkVApTIcm2s%2BNxWE8SVnZtdrUgVAQNcf5kgfHuREyewg0b1TXfPQBaMxweSlvzaRbN3f2wz8fsfJtSc7F8DeWvsuIXt47pgU%2Bzajc0A7nZjvjhXDvyIO3UAR8p8rk3az4%2BP5ETy0N3AFhY5XgQrMk4HYsWGtMxmgHXWr9FQNvJilm36Qjm%2Fg%3D%3D,foto-remota-validada,https://meli.la/1pGEC8d
kit-50-pre-filtro-5n11-para-mascara-6200-6800-branco-particulas-para-respirador-mascara-se,Kit 50 Pre Filtro 5N11 para Mascara 6200 6800 Branco Particulas para Respirador Mascara Semi Facial Particulados Protecao Automotiva Poeira Gases P2 com Carvao Ativo 25 Pares de Filtros,Outras marcas,Obra Base,foto-real-confirmada,sim,nao,https://http2.mlstatic.com/D_NQ_NP_801879-MLA112762569520_062026-O.webp,https://www.mercadolivre.com.br/social/edsonreiterconcatto?matt_word=edsonreiterconcatto&matt_tool=37292649&forceInApp=true&ref=BAZ3O%2Biv3FKcdcz%2FQPQlVnzKTf03FXwOeoDZlHL7ZFW1wxeS23LaWTAx900HrdVlEYqmv%2BYyMxvCRPMArfUHxw%2BTwhw%2Fcn%2Fqzwjje3VY3ejLzJoJR6Cqa1Cgqk98YZL4TQSG8ksisiUBFwK34LULIEgwO4j49eUibz6H6tZhIXLtPOKdoZdi9N0YzwTw2h%2BprqVZsQ%3D%3D,foto-remota-validada,https://meli.la/142dco5
kit-6-espuma-expansiva-pu-multiuso-vedacao-selante-isolante,Kit 6 Espuma Expansiva PU Multiuso Vedacao Selante Isolante,Outras marcas,Obra Base,foto-real-confirmada,sim,nao,https://http2.mlstatic.com/D_NQ_NP_801101-MLB105806251216_022026-O.webp,https://www.mercadolivre.com.br/social/edsonreiterconcatto?matt_word=edsonreiterconcatto&matt_tool=37292649&forceInApp=true&ref=BO3QsLhOyNhR%2BJNHVIAq%2FN%2Fv5beZicZbYsl2SSUpksvn9%2FjD%2B28FSNHsh8j3z0ReWLKEsMV8M7qbnu%2B9aeip8yu%2BCbm3KPPbuzqFSlxR4zf1DY45JHwsUsZRF7Hz9tlm7IyGVQd1YJLQC%2FS1XqOU8qj%2BodPNfWCC0jZc70LP75HiP2t7S5DVtes%2Bq4WY4R%2B37My1FA%3D%3D,foto-remota-validada,https://meli.la/2JYYPwG
kit-obra-botina-capacete-luva-raspa-plug-oculos,Kit Obra Botina Capacete Luva Raspa Plug Oculos,Outras marcas,Obra Base,foto-real-confirmada,sim,nao,https://http2.mlstatic.com/D_NQ_NP_660464-MLB94944338947_102025-O.webp,https://www.mercadolivre.com.br/social/edsonreiterconcatto?matt_word=edsonreiterconcatto&matt_tool=37292649&forceInApp=true&ref=BDDpGYALkm764T0K1u19EfU3sQDZnRyP%2BBZ2SwKVtmi9xrYxEYtQwCInv7wnjr3gbyru9sJ0WJDkAhA2YDBLNDb%2Bpob5vuR9qrJlNcqOyxLf55LcsxVX0kTUvfv3ZnuBYlxDjV85c3JpMdooiAMACPQKQqwnuy2ZxmfSbwqdSh8fuoEDNMkHp1Q6s8tOMRKPiDEYow%3D%3D,foto-remota-validada,https://meli.la/1eLDbXC
kit-obra-capacete-luva-protetor-mascara-2-oculos-epi,Kit Obra Capacete Luva Protetor Mascara 2 Oculos EPI,Outras marcas,Obra Base,foto-real-confirmada,sim,nao,https://http2.mlstatic.com/D_NQ_NP_909158-MLB108563766213_032026-O.webp,https://www.mercadolivre.com.br/social/edsonreiterconcatto?matt_word=edsonreiterconcatto&matt_tool=37292649&forceInApp=true&ref=BDuYn69lP9VOj10IJT54LPsI%2Brqsz1nA%2FyocDoTBqxr%2BiWFO2NrBP6UeWBkNvlOpBfCNOE2HzFu0uukAW4BoxP%2FXA5wlEi%2BnhuFMUBhb9vQFuv%2FATH3FvXi%2BvkqGlFBjkgVscQWee4503IhtMQ2QlbAHAFrj7hJbWNhKoi8hLpEObv7lzAJz93FMg9%2FWfvel2Oi7VwBu78iLC2sLTw%3D%3D,foto-remota-validada,https://meli.la/1VqQK3Z
prego-para-telha-shingle-anelado-galvanizado-35x25mm,Prego para Telha Shingle Anelado Galvanizado 35x25MM,Outras marcas,Obra Base,foto-real-confirmada,sim,nao,https://http2.mlstatic.com/D_NQ_NP_938316-MLB105260148519_012026-O.webp,https://www.mercadolivre.com.br/social/edsonreiterconcatto?matt_word=edsonreiterconcatto&matt_tool=37292649&forceInApp=true&ref=BJRLvjlvlmrZKdaMIzoShmM8oyYiclKlv0KU2u26d%2BdxLfnsx9P98EHTgJhqATYNJubcsr%2B3pjLj2g14ZIuz5ah0hKw4Srh5e0%2FhB6RasbfvN%2Ba9mLMTsQygA%2Bip4I43YAlRFKF640W7adhBzjm7lsU4eWXYBIuFp5ddChZ5ydtag05FeZgUUG4J%2FaesAxnK0aw1ZbmJMLIB0jP5BQ%3D%3D,foto-remota-validada,https://meli.la/2RNFvdp
trena-a-laser-50mt-com-bluetooth-glm-0601072u00-000-verde,Trena a Laser 50MT com Bluetooth Glm 0601072U00 000 Verde,Outras marcas,Obra Base,foto-real-confirmada,sim,nao,https://http2.mlstatic.com/D_NQ_NP_895080-MLA99901856715_112025-O.webp,https://www.mercadolivre.com.br/social/edsonreiterconcatto?matt_word=edsonreiterconcatto&matt_tool=37292649&forceInApp=true&ref=BAzu%2FxAvA7sTSKJjkQJzLALcRbJXMmTUEFk8iXMdExLPa5hhIK552K6q1zjuLXl%2BbucEfszabz%2B7UYpra20a%2BvZTe%2FOXKzY5eU%2FX3BwQBPMggalVXQb%2B%2BZT4Bl%2Fs220KHk7ZSppRagWudYMk5YiI3kRuN4R%2BuCAT9aE4KXOL9dbdnuaWVtj%2FZoghvz6MZeumlTiFsPw%3D,foto-remota-validada,https://meli.la/2YT26jy
chapix-blanco-36-l-quartzolit-aditivo-colante-para-chapisco,Chapix Blanco 36 L Quartzolit Aditivo Colante para Chapisco,Quartzolit,Obra Base,foto-real-confirmada,sim,nao,https://http2.mlstatic.com/D_NQ_NP_978788-MLU75186358660_032024-O.webp,https://www.mercadolivre.com.br/social/edsonreiterconcatto?matt_word=edsonreiterconcatto&matt_tool=37292649&forceInApp=true&ref=BGUA3hrEXBsHPtaJSdzcB6g7bXi23c5I%2ByN7Adazn8Pju%2BJiM3z1SzbRq3mz%2Fz%2BR4jiH%2Bt2dxe0A76L%2BiJ1g%2BM3iEQSp8aLyura0wxS6qp8mGeIU%2FF45Ctaas%2Fn9PP%2BP%2B%2BrKJlrXZmMicYaAw%2BRRBk9yTRHUuyhPU5EBQhEqcpZdrCMur7rGvnLaPkludVk0ghoOMaw%3D,foto-remota-validada,https://meli.la/1R9a2uR
impermeabilizante-aditivo-plastificante-quartzolit-36l-marrom-claro-argamassa,Impermeabilizante Aditivo Plastificante Quartzolit 36L Marrom Claro Argamassa,Quartzolit,Obra Base,foto-real-confirmada,sim,nao,https://http2.mlstatic.com/D_NQ_NP_758239-MLA99972077441_112025-O.webp,https://www.mercadolivre.com.br/social/edsonreiterconcatto?matt_word=edsonreiterconcatto&matt_tool=37292649&forceInApp=true&ref=BJHW2s7%2BEc6MyjiuAbNb80TUd4w3XEf%2FI3SUiDFHnmQ%2FMnZ0KIHebXmCeK7mcmWGf38IfIsG6jZYVuXckIbwbHf%2Boedcwao6ja5BXmsRhg5X%2BoA0%2BB0VVIjpcONybbT7XA8bbuu9mhxdpdZSPKe5aBiNgeB327Ytg92sQvflbmbLyYng8Oo6wtMc7u7OyIGnRQaOSZs%3D,foto-remota-validada,https://meli.la/1EELfRJ
manta-liquida-impermeabilizante-12kg-quartzolit-branca-para-lajes-e-telhas,Manta Liquida Impermeabilizante 12KG Quartzolit Branca para Lajes e Telhas,Quartzolit,Obra Base,foto-real-confirmada,sim,nao,https://http2.mlstatic.com/D_NQ_NP_655896-MLA113670470007_062026-O.webp,https://www.mercadolivre.com.br/social/edsonreiterconcatto?matt_word=edsonreiterconcatto&matt_tool=37292649&forceInApp=true&ref=BF1iJ9TLCbfXCiwfVKVcDAf1ClmukZH6VjikZn%2FU1gYdAJGZUK%2F3RFsMs030bHr0c8%2BNQN%2FEaS0Cz3Fr9oxbuhssB%2FKP544flCpluM%2FjXZnnaDCZ0dPjNMb%2Bwe60xCMzNmS4RzvmdinEgieBSu3fvT5koKLzLC897yH93RulHxEBN6tOSbP2LaTItSF%2BGXgQFRXM0zg%3D,foto-remota-validada,https://meli.la/1KYSz24
quartzolit-tecplus-1-aditivo-impermeabilizante-3-6-l,"Quartzolit Tecplus 1 — Aditivo impermeabilizante 3,6 L",Quartzolit,Obra Base,foto-real-confirmada,sim,nao,assets/produtos/quartzolit-tecplus-1-36l.webp,https://www.quartzolit.weber/impermeabilizantes-quartzolit/aditivos-para-argamassa/tecplus-1-quartzolit,oficial,https://meli.la/2o8DvbD
quartzolit-tecplus-top-impermeabilizante-18-kg,Quartzolit Tecplus Top — Impermeabilizante 18 kg,Quartzolit,Obra Base,foto-real-confirmada,sim,nao,assets/produtos/quartzolit-tecplus-top-18kg.webp,https://www.quartzolit.weber/impermeabilizantes-quartzolit/impermeabilizantes-para-cozinhas-e-banheiros/impermeabilizante-tecplus-top-quartzolit,oficial,https://meli.la/1kW9YFP
selante-cola-adesivo-pu30-multiuso-310ml-branco-quartzolit,Selante Cola Adesivo PU30 Multiuso 310ML Branco Quartzolit,Quartzolit,Obra Base,foto-real-confirmada,sim,nao,https://http2.mlstatic.com/D_NQ_NP_746079-MLB48062650694_102021-O.webp,https://www.mercadolivre.com.br/social/edsonreiterconcatto?matt_word=edsonreiterconcatto&matt_tool=37292649&forceInApp=true&ref=BF4jX8jA1%2FegFEVeZ5xw2BCWsH6LRQ%2BKcTJDg1vsR2jIBKSsKF98uqESbmiKH997VmMIdMe2xq6gmTDUGnb9ba5iiEQ4A6Kt14MGGnY%2FqGQGOEWQTNfJpAHYLwwo1TaDLyH3okyHjSuXDqsYpeYs7DdjXwZz5jrijc4dCLY8zF1GvLtGuYVuvh%2BUbCbgScGetG%2FAZw%3D%3D,foto-remota-validada,https://meli.la/15TSsq1
selante-poliuretano-pu40-quartzolit-multiuso-cinza-360g,Selante Poliuretano PU40 Quartzolit Multiuso Cinza 360G,Quartzolit,Obra Base,foto-real-confirmada,sim,nao,https://http2.mlstatic.com/D_NQ_NP_923212-MLA100094076071_122025-O.webp,https://www.mercadolivre.com.br/social/edsonreiterconcatto?matt_word=edsonreiterconcatto&matt_tool=37292649&forceInApp=true&ref=BO9wWx8NzE8RWz3L%2FqK3bFMn%2Biotnv42jsDSYJdHVxLQydY6pQ%2FEYo2oupCPApFesvcY3sF8%2BbaIyfnrYC4wsHN8SgGy0EMc4jQdjeulwsWVuAAd1OjHtZ8DLLnhvRW4vUYdOIngBzUd495eBJutdBdx0vTBv8Am4qfw3WlSzrgds9XwiQdvrdXhBKVJUXFAVY5kDsw%3D,foto-remota-validada,https://meli.la/21uf8NU
kit-sika-3-plus-acelerador-de-pega-3-unidades-1l-sika,Kit Sika 3 Plus Acelerador de Pega 3 Unidades 1L Sika,Sika,Obra Base,foto-real-confirmada,sim,nao,https://http2.mlstatic.com/D_NQ_NP_735481-MLB70725142113_072023-O.webp,https://www.mercadolivre.com.br/social/edsonreiterconcatto?matt_word=edsonreiterconcatto&matt_tool=37292649&forceInApp=true&ref=BNGIQGj1ZT6995WglJBw0tdyxCeJQ%2FQbNNaFMuXe6LkrFQA7MIR8MuWg4Iw2BIJ8Njo99X%2BIT73Fvd0A2KyrD4w81ULhtANm9czTA3tkNs8b8xTXUzODoZzxbDxYg9tb6igbAK1zUgv%2Fj8j891ntsYQjlKf%2BQT37AUtxSna356wPwDsIYZhfX2oH7PjWUMyhbCukS4p8BCroWHM9OA%3D%3D,foto-remota-validada,https://meli.la/32oii7G
manta-sikashield-p34-pe-tipo-i-3-mm-rolo-1x10m-sika,Manta Sikashield P34 Pe Tipo I 3 Mm Rolo 1x10M Sika,Sika,Obra Base,foto-real-confirmada,sim,nao,https://http2.mlstatic.com/D_NQ_NP_990271-MLA99981072477_112025-O.webp,https://www.mercadolivre.com.br/social/edsonreiterconcatto?matt_word=edsonreiterconcatto&matt_tool=37292649&forceInApp=true&ref=BHpmihcBn62ysxXhCW8tULQrs8XKfKFsxxMxsr9OyPWgbzDcBTsyzD%2BWFlt%2Fkze%2FE0vYiBjRz0m%2FD1CDxcV39af7jp%2FDLpfdNTmfl0Goza1cshKIbW6oz6aooSIzRSfvJZdRRsbmulFN3wlaNg%2FBOjPSaar%2FRErQTnj5wlCjkx1JGKMdYN%2FlhvDGQODxvBPvJcuzjA%3D%3D,foto-remota-validada,https://meli.la/1w4depQ
selante-pu-elastico-sikaflex-1a-plus-branco-300ml,Selante PU Elastico Sikaflex 1A Plus Branco 300ML,Sika,Obra Base,foto-real-confirmada,sim,nao,https://http2.mlstatic.com/D_NQ_NP_822019-MLB110757699177_042026-O.webp,https://www.mercadolivre.com.br/social/edsonreiterconcatto?matt_word=edsonreiterconcatto&matt_tool=37292649&forceInApp=true&ref=BCVjhma8EtNN3q1MBgdE5s%2BJYrK1hIDRJ9yfZjLVOfYyE6ViBTu2MjPQYSU%2FwAqo0DXwJ2jujnKombeSbsKNxL7LrB7r1f3ONprHDc9618u%2BzgHoZ0eVXGcs%2FUu0WlnZVoRHm2Wrg7tSRhzBAh72HpDWeucmG3yzFMrQkclsEmPShWMoU9xWqc%2Bgj9a6Wqm2y7hnB7ZCYmjJSdHeog%3D%3D,foto-remota-validada,https://meli.la/2JyTcF8
sika-chapisco-plus-adesivo-chapisco-e-argamassas-sika-36l,Sika Chapisco Plus Adesivo Chapisco e Argamassas Sika 36L,Sika,Obra Base,foto-real-confirmada,sim,nao,https://http2.mlstatic.com/D_NQ_NP_895495-MLB92368452947_092025-O.webp,https://www.mercadolivre.com.br/social/edsonreiterconcatto?matt_word=edsonreiterconcatto&matt_tool=37292649&forceInApp=true&ref=BEy%2Bn6kPHB2bqbxJ6sjoO8PrsKGr8d7fdeJP5V68awtseKi4Xz61LcnLGB0u%2FGXvxmTc9P6y0qi018RWKrtU7bgS%2F2Ir%2B%2FuBIye7t%2BdfO8Ml7%2Fd0w3n4A7epu8F00T7ukpVmqjJiHcU5SdBA2YCW6aLqkF26DuC45W7wqxWvTstFyTyiXiCIKNsl5IcoN162ch%2FrnPkXbxtJXZIwoQ%3D%3D,foto-remota-validada,https://meli.la/2x2Ssx1
sika-1-3-6-l-aditivo-impermeabilizante,"Sika-1 3,6 L — Aditivo impermeabilizante",Sika,Obra Base,foto-real-confirmada,sim,nao,https://http2.mlstatic.com/D_NQ_NP_730247-MLB47575827372_092021-O.webp,https://www.mercadolivre.com.br/social/edsonreiterconcatto?matt_word=edsonreiterconcatto&matt_tool=37292649&forceInApp=true&ref=BHJwY0u9lqPWMoCOGWKGC3CosX3c%2FQiytdzgySrjHnDq56zhTRQgxZObFn4WW73Vf1TxRBE5D8EHUE7ZHcB%2FFcnjaOlqrQXuq8ACqz0aYcsCNoGrGVGItcszrx1WPf34f9rtVAeibdwyj3g%2FUTKwDTF%2FKha3wX184b%2BUHoGf25Dy1OX1PBcLq0i%2Bmn36GgKDoSO3hMAoouHG8extaQ%3D%3D,foto-remota-validada,https://meli.la/1vBDz8E
sikafill-rapido-manta-liquida-impermeabilizante-15-kg,SikaFill Rápido — Manta líquida impermeabilizante 15 kg,Sika,Obra Base,foto-real-confirmada,sim,nao,https://http2.mlstatic.com/D_NQ_NP_680458-MLA109559652295_032026-O.webp,https://www.mercadolivre.com.br/social/edsonreiterconcatto?matt_word=edsonreiterconcatto&matt_tool=37292649&forceInApp=true&ref=BCc6vRZtcrN25zf1Nhd3tLedq3DmbuTeKaNIOKVFrq6UH1wL8dQ23%2FQhFFr%2BtvRMIR2DBMFUtodsyEs80LeO1qeyQM%2Fx5MSNoJu2Fy7i90cQUk%2BYTtof2rpytrowDgKNMC2Sh%2BjSznN%2BagpSVmfoOLOWmML3htvdRGx6ndoAdGBow%2FwucyRmR14J576z6E37M3iC7w%3D%3D,foto-remota-validada,https://meli.la/1YDuuns
sikatop-100-revestimento-impermeabilizante-18-kg,SikaTop 100 — Revestimento impermeabilizante 18 kg,Sika,Obra Base,foto-real-confirmada,sim,nao,https://http2.mlstatic.com/D_NQ_NP_979950-MLA99936651029_112025-O.webp,https://www.mercadolivre.com.br/social/edsonreiterconcatto?matt_word=edsonreiterconcatto&matt_tool=37292649&forceInApp=true&ref=BHfYeKg8z7V3Sb8KPB8ulNHoQNI23cusK7bAvxUD5Ft5WxivwlpVaTJhRMtUYx1e41CRFZXqnQe1WSmWJbLknI%2BoTG%2F55tKO6KK7JEgkICsjROS%2BQEx%2BZnGemWQ2EOdwx2ikl5Z%2Fj1xTbewjYyfbnTTllcF7GvkE%2F95vkltseGXXBtElXsnkrTexGNybMcmDthgjPl8%3D,foto-remota-validada,https://meli.la/2tVJAtp
sikacryl-203-selante-acrilico-280ml-430g-branco,Sikacryl 203 Selante Acrilico 280ML 430G Branco,Sika,Obra Base,foto-real-confirmada,sim,nao,https://http2.mlstatic.com/D_NQ_NP_986079-MLA99583926006_122025-O.webp,https://www.mercadolivre.com.br/social/edsonreiterconcatto?matt_word=edsonreiterconcatto&matt_tool=37292649&forceInApp=true&ref=BK5xDr2nt3xSotp5RHkDS%2BIWHUUWfLhKecr3qUE%2FDPOf3mwUb4WKGUpcC2OzX7iMCBet7v9psKlOJvOEc9GRIJLkwNVCktkjZGLICjxLkSPRLu5npfXBJ46YqjgCu5fK8qhLn%2BxCiwXb5YNqmG6Hn89SJD%2BSfh1Cc1T8x4b4Frt%2BmE7GbcfjXj6s1dBd%2F7kunI8T2gs%3D,foto-remota-validada,https://meli.la/2DcwQmp
sikaflex-construcao-cinza-selante-pu-cartucho-300ml,Sikaflex Construcao Cinza Selante PU Cartucho 300ML,Sika,Obra Base,foto-real-confirmada,sim,nao,https://http2.mlstatic.com/D_NQ_NP_921799-MLA99932438951_112025-O.webp,https://www.mercadolivre.com.br/social/edsonreiterconcatto?matt_word=edsonreiterconcatto&matt_tool=37292649&forceInApp=true&ref=BLt8ZicdNbOuF%2FgYpJ%2BbeMug5bwewMUMh%2BjXwvmRk7LYYWB4BVX%2ByVfPE%2B2RhmNwpeHZKydmU7UCfYXKrN%2FOLv%2Bw4YMYlOjSE5mcFZAxjGvGkEzAYp%2Bp1MZOM8ADcR5sy1NARqrnGh6AbWm0A%2F5ZwdrtjmvenIc4NuPux9sNtj7Cc3ZKxwrh65FqQv%2FsQEF0h4AjnwY%3D,foto-remota-validada,https://meli.la/1bJKT35
espuma-expansiva-tekbond-500-ml-para-portas-e-janelas,Espuma Expansiva Tekbond 500 Ml para Portas e Janelas,Tekbond,Obra Base,foto-real-confirmada,sim,nao,https://http2.mlstatic.com/D_NQ_NP_960524-MLA99953115715_112025-O.webp,https://www.mercadolivre.com.br/social/edsonreiterconcatto?matt_word=edsonreiterconcatto&matt_tool=37292649&forceInApp=true&ref=BJ18SsW59tggtrFR1eu13xIUduFfgR9rmLs4V84UASTnMDgvYv7qOOMQM5%2FFCh3kd47vUplBEvlQ1pdX%2F2d7f3OU7X3lL8WHrXqyqf%2BQWY2HSZdEBH0kyEPdYY3Wb9A5Um6neNwbiBWK73k3gzTh9KfInDaicRIxFRS6sFzg3o3kNlDOfMy2swgngWQv9i1MBv3iQCc%3D,foto-remota-validada,https://meli.la/2a6JRXL
selante-pu40-tekbond-branco-310ml-construcao-civil-e-automotiva,Selante PU40 Tekbond Branco 310ML Construcao Civil e Automotiva,Tekbond,Obra Base,foto-real-confirmada,sim,nao,https://http2.mlstatic.com/D_NQ_NP_875378-MLA99983688941_112025-O.webp,https://www.mercadolivre.com.br/social/edsonreiterconcatto?matt_word=edsonreiterconcatto&matt_tool=37292649&forceInApp=true&ref=BHVAEgoo3LX8WyhxGT%2FT2cSBbePJBm9JBb1%2F350tDfA5oJbXSbgN0LjmijKWQOH0E1WttisfggaH7TCmrPahbgTYCcL1dxC9PdVGSJ9fg%2BNxgSVFb1WdXAji2dBIn8YRHN6oxuLkd89VDNkEHGX42qOVqx0BGRcjR2XO5VUn1eaRqyGkuT9mn8okuCtcQVwgmRGM3H4%3D,foto-remota-validada,https://meli.la/2w1QS2r
silicone-acetico-280g-transp-tekbond,Silicone Acetico 280G Transp Tekbond,Tekbond,Obra Base,foto-real-confirmada,sim,nao,https://http2.mlstatic.com/D_NQ_NP_988189-MLA111569657216_062026-O.webp,https://www.mercadolivre.com.br/social/edsonreiterconcatto?matt_word=edsonreiterconcatto&matt_tool=37292649&forceInApp=true&ref=BHPhkmZH%2Fo4pvqj9%2F%2Bs8qfk2YIG%2F8LqEUtPt9P9J9BaW3NLvp3Bf6RBTjIke0Mh%2B74UlJHvBdYn7PqLkRQHDPjkDpHBvtwdaOsN5qqOiJmAS3bxd3OkFMgsadf4OatJAq6Id%2BtwTwQbiQspb0l1fdjSHkY2ZvtfWSO8x1tWb6SBX4kHhG2fjeuUV%2FyuVpVsm4l5bEQ%3D%3D,foto-remota-validada,https://meli.la/25urr5L
silicone-cola-adesivo-ms-hibrido-branco-400g-tekbond,Silicone Cola Adesivo MS Hibrido Branco 400G Tekbond,Tekbond,Obra Base,foto-real-confirmada,sim,nao,https://http2.mlstatic.com/D_NQ_NP_967244-MLA99497793770_112025-O.webp,https://www.mercadolivre.com.br/social/edsonreiterconcatto?matt_word=edsonreiterconcatto&matt_tool=37292649&forceInApp=true&ref=BO8HmiETuu0eTwZRRiNfgSXCixNEdrGQ0jMTkCj2Cp9JPsv8OmGD55dJtTgi75uuI%2BC4jrzUgLj77xp3Em1oHJmX7MMOmy1ZJigRphwmnevWFOcI7ZQd9MJ%2FffKoQXzFmXSotpD2H6cLWle2IhbuxtF9PNG4QX7hPW%2BG2ZKj%2FNeIFlA7%2F%2FSPQtX2Bgsu17tTG3ISOCk%3D,foto-remota-validada,https://meli.la/2uy1abf
compactador-placa-vibratoria-toyama-tpc60w-65-hp-105-kn,Compactador Placa Vibratoria Toyama TPC60W 65 Hp 105 Kn,Toyama,Obra Base,foto-real-confirmada,sim,nao,https://http2.mlstatic.com/D_NQ_NP_821829-MLA28695351914_112018-O.webp,https://www.mercadolivre.com.br/social/edsonreiterconcatto?matt_word=edsonreiterconcatto&matt_tool=37292649&forceInApp=true&ref=BFcw3BoLwf2hA%2B0EuBEkB38kWrKbacmoYQcASM%2FB%2F%2FctdYXZXpn9ewNNyjXjiI0kSYvp7T6EcKQ97sYfKd5gURZT6AopFB3iEFhQ0wRDNS2UenCc54fvq49zBbsGihdIfeOaxgDaqvLU21OvcDCYeBoeXSE9PWSzEQcgD4%2F5XczkgCjpJ4MoWoQTr5pBN4R5OtCp1w%3D%3D,foto-remota-validada,https://meli.la/2q3cvax
espuma-tytan-portas-janelas-aplicador-limpador-1-unidade,Espuma Tytan Portas Janelas Aplicador Limpador 1 Unidade,Tytan,Obra Base,foto-real-confirmada,sim,nao,https://http2.mlstatic.com/D_NQ_NP_671500-MLB107746911157_022026-O.webp,https://www.mercadolivre.com.br/social/edsonreiterconcatto?matt_word=edsonreiterconcatto&matt_tool=37292649&forceInApp=true&ref=BNNLYyFBGKE8jF9xGcyAWlXHRar3gH3bDLHY6%2Fj2%2BYZbHD0ekgAY9B6jqD%2BHRRPZtZ839d%2BETB7gVld7%2BpffccEpjWDH%2B7YkYfu3AADcQz2wfjnW2%2BkfGrn%2BGaWbs39EV3eyLgJ6Is8LTq1ZiMyzxNbeY2sf43K7wSGcPqg%2FWWY0r6QfdakoOgxbTEQelHIbgxxIRpojZ5Sg6judrYkWGllHdDz3H6cyP%2FoeSLzb,foto-remota-validada,https://meli.la/1VHQmZz
espuma-de-poliuretano-tytan-pro-30-antichama-500-ml-1-unidade,Espuma de Poliuretano Tytan Pro 30 Antichama 500 Ml 1 Unidade,Tytan,Obra Base,foto-real-confirmada,sim,nao,https://http2.mlstatic.com/D_NQ_NP_762934-MLA99494975226_112025-O.webp,https://www.mercadolivre.com.br/social/edsonreiterconcatto?matt_word=edsonreiterconcatto&matt_tool=37292649&forceInApp=true&ref=BB6lRoBwVZyoAgJFU2ISjCGemBtlGNyA3%2BC3NkR5bhRsShKPW%2BZiPD%2BXKec0Ci1ttAcrN%2FqBf0aFTyj6kIdlDAhH387NtisQUcPyDeA7G2QkmgLJ34YVLP9TPrsGrBrboZXaoJYRTzzQ55jnIChHOU%2BMWDDAOz%2BljyUqut%2Fw7H6o3NtZKBRrSda51wozNpdxkMJoYGw%3D,foto-remota-validada,https://meli.la/1bRVJyK
impermeabilizante-vedacit-bianco-aditivo-branco-fosco-36l-argamassa-concreto,Impermeabilizante Vedacit Bianco Aditivo Branco Fosco 36L Argamassa Concreto,Vedacit,Obra Base,foto-real-confirmada,sim,nao,https://http2.mlstatic.com/D_NQ_NP_923226-MLA99849786907_112025-O.webp,https://www.mercadolivre.com.br/social/edsonreiterconcatto?matt_word=edsonreiterconcatto&matt_tool=37292649&forceInApp=true&ref=BHhY02czHt5C%2FKdb6yKazWUnvdaokRgI7T%2FYBhsA2gDJMZrP3JPgwkCsDRRAcx0Q8SIB1RDRjojZ6codWdH8ay%2F67QYpOKDR0FEiR8%2F6KqbK7Gm7w%2BJkS2%2FwDQS7kmUaM%2BrjwPaZ2ouqzjojAcOtPCSV%2BFgYZ4usIbEsxuGC9wot0pE1al4obWG%2FJiUXeO%2BDcK1AtQ%3D%3D,foto-remota-validada,https://meli.la/1HW3ENK
manta-asfaltica-vedacit-impermeabilizante-10m-3mm-lajes-polietileno,Manta Asfaltica Vedacit Impermeabilizante 10M 3MM Lajes Polietileno,Vedacit,Obra Base,foto-real-confirmada,sim,nao,https://http2.mlstatic.com/D_NQ_NP_618094-MLA99888020267_112025-O.webp,https://www.mercadolivre.com.br/social/edsonreiterconcatto?matt_word=edsonreiterconcatto&matt_tool=37292649&forceInApp=true&ref=BDaozY8KF7QuteS6pCdNx8KEPQejUeuE7mM4GYqCoMtHB%2BhtVsycms014b5uOTccO6bPP0HX94Fs31Uo%2FiBCVJpNaTEeNg%2F8bKon89x7kUbwb7VQ2SlAXpa%2BofGWR6c5ZYJelWivp3se30pk44Jgpl9Tf50HilDCrPYVIuZBnVgYTWyyIbBv8tur4KH9bz1JvjGfeZM%3D,foto-remota-validada,https://meli.la/2VY7izB
manta-liquida-impermeavel-vedacit-vedapren-fast-para-concreto-15-kg,Manta Liquida Impermeavel Vedacit Vedapren Fast para Concreto 15 Kg,Vedacit,Obra Base,foto-real-confirmada,sim,nao,https://http2.mlstatic.com/D_NQ_NP_937452-MLA102917909882_012026-O.webp,https://www.mercadolivre.com.br/social/edsonreiterconcatto?matt_word=edsonreiterconcatto&matt_tool=37292649&forceInApp=true&ref=BEjWRVzZCQlntOp1dWhVQKvZvktdCCRK4N7k7oLXHjddicJSNYuKN5DvldkpbgkQgGA7uf0rqSyHSF0MFoDuTxZHiA0tj5TFJXsZK5dSFKgGilZUcaJd7o%2BKI5BIYMKk0GDb%2F94Qbf3c4BFAUb%2FiZwEeuN5IMM45DziyJ2rfS8tEuvJS5QfzIRV2S4Agd7HYewabyA%3D%3D,foto-remota-validada,https://meli.la/2aFqEsW
vedacit-aditivo-impermeabilizante-3-6-l,"Vedacit — Aditivo impermeabilizante 3,6 L",Vedacit,Obra Base,foto-real-confirmada,sim,nao,assets/produtos/vedacit-aditivo-impermeabilizante-36l.webp,https://vedacit.com.br/vedacit-pro/produtos-e-solucoes/produtos/vedacit-aditivo-impermeabilizante,oficial,https://meli.la/15UvuMm
vedalit-36l-galao-reboco-aditivo-plastificante-vedacit,Vedalit 36L Galao Reboco Aditivo Plastificante Vedacit,Vedacit,Obra Base,foto-real-confirmada,sim,nao,https://http2.mlstatic.com/D_NQ_NP_860168-MLA102674242405_122025-O.webp,https://www.mercadolivre.com.br/social/edsonreiterconcatto?matt_word=edsonreiterconcatto&matt_tool=37292649&forceInApp=true&ref=BKQhZwmAlnIxCWk1JPFqCnslQjDs5p8qwM5U2oBvQpbDdERUEhwCukCmDRCOrzZ4tj1HUnrP2njeRS7%2Ff%2FBaH1q1%2FME%2Fw607q2exADOuRMF%2BEanKwIbtFSj6wvSMdwIh2RaI3TLjFjn1Q4qhqtYsKlK5C3iXOC%2FoKcfK5NLTKwsrz6RGO5hEgrmvwEkbnnaW2Tdz3YU%3D,foto-remota-validada,https://meli.la/2JGCy6N
martelete-perfurador-romp-800w-4j-sds-vonder-mpv840-cor-amarelopreto-frequencia-60-hz,Martelete Perfurador Romp 800W 4J SDS Vonder MPV840 Cor Amarelopreto Frequencia 60 Hz,Vonder,Obra Base,foto-real-confirmada,sim,nao,https://http2.mlstatic.com/D_NQ_NP_613162-MLA99508304540_112025-O.webp,https://www.mercadolivre.com.br/social/edsonreiterconcatto?matt_word=edsonreiterconcatto&matt_tool=37292649&forceInApp=true&ref=BI8eKFWhVepoS05HJk94cpT8BjDjnT7Js3lZDyu72A%2F28SPQukwlpI9y%2FZxouIUgnO9NmqBWm%2BnydtRKowx3DCZZT8903IkM4onk9Rhxf6l3QaXl7okhVW7ZseQ0SJlnmxNfbkXyAACbiWZfNoVXrOOOutgxejIXlp0mjPkkD7cQFjQQGqUrQJF6sgrCWxZWjKfbc9LW%2FrTpdoFXXO9WHx%2FN%2FLKVXOEZrJB3aQ%3D%3D,foto-remota-validada,https://meli.la/22rvUcu
electrolux-erc10-panela-de-arroz-2l,Electrolux ERC10 Panela de Arroz 2L,Electrolux,Panela elétrica,foto-real-confirmada,sim,nao,https://http2.mlstatic.com/D_NQ_NP_951287-MLA99895022791_112025-O.webp,https://www.mercadolivre.com.br/social/edsonreiterconcatto?matt_word=edsonreiterconcatto&matt_tool=37292649&forceInApp=true&ref=BPrMQdJvlbdNC77w39osNL%2F%2Fp%2FcHaNLMOJkjkAxQRPVbP3tFFS%2Fw8HiYpK9N6AUFknF%2B%2FYRUQVSG6jK9oaUecZhQn8KRFkI8DOgLkLNNo1IxNYmy4O5rJNKQXXvg4T5FG%2BZSGdyWDMjJl1HGpJXj5RIKhh5pA8mxLicRTBMSL5cWg%2BUXBPUmPoJXvskCoGY9oARsXqxp%2BPnoBKjdPdc72OQS6kVua3VSuJBp2w%3D%3D,foto-remota-validada,https://meli.la/2LExP4t
electrolux-pcc15-panela-de-pressao-eletrica-5l-1000w,Electrolux PCC15 Panela de Pressão Elétrica 5L 1000W,Electrolux,Panela elétrica,foto-real-confirmada,sim,nao,https://http2.mlstatic.com/D_NQ_NP_797299-MLA99949514943_112025-O.webp,https://www.mercadolivre.com.br/social/edsonreiterconcatto?matt_word=edsonreiterconcatto&matt_tool=37292649&forceInApp=true&ref=BN5%2B4tU6WAAwQZrkNVhMoTu8DvgEV1TY7qZWYnys3wmvENf7ektvJRJwcITlRctcjZZS1xOPfEt%2Btx2IKFA%2Fdpt6jwR2cMTcY1wE0JDAln2xpw9lqX%2F5QOGuumA3%2Bi%2FGAlH0NBzlNKexiI1wO5s%2FVeMkHpDB8tNNS1p9JoFPdLkMCzDJBfjV7oP5witm6scyBidAJA%3D%3D,foto-remota-validada,https://meli.la/2mWG9jX
midea-mastersteam-panela-de-pressao-eletrica-6l,Midea MasterSteam Panela de Pressão Elétrica 6L,Midea,Panela elétrica,foto-real-confirmada,sim,nao,https://http2.mlstatic.com/D_NQ_NP_762773-MLA99426331270_112025-O.webp,https://www.mercadolivre.com.br/social/edsonreiterconcatto?matt_word=edsonreiterconcatto&matt_tool=37292649&forceInApp=true&ref=BGyIxgyV0tdWf%2Fk76BXGtjFYbWZ6oby9WPuO6Tmz4MM95JXYSNxJC1vzasv2WAxB4cy0PL5hbTrX0DOvJ4KW%2BzI34l84BO5h61gP8e7x4JPe5oks3uulVbgVqE%2B6rjV9eKbrKMAC6DzQt7%2BM%2FAWBWN1eat1J32PEqMgPADBR%2F%2Frin3kVJMcoD7DuTxzK3rRmEfGB6v9GWHIkGn8I%2FUr2WQ%2Fl4OfDlI4I3uWcsg%3D%3D,foto-remota-validada,https://meli.la/1uU9qt2
midea-nutripro-panela-de-pressao-eletrica-5l,Midea NutriPro Panela de Pressão Elétrica 5L,Midea,Panela elétrica,foto-real-confirmada,sim,nao,https://http2.mlstatic.com/D_NQ_NP_731236-MLA99489577824_112025-O.webp,https://www.mercadolivre.com.br/social/edsonreiterconcatto?matt_word=edsonreiterconcatto&matt_tool=37292649&forceInApp=true&ref=BMgstK174z7M5W7Vl5xL%2FPNW0Sxip5brdkL5dIZztOiTlMXBViA74DFmszrzHPgrN78G%2B1z2lvZDJ14gxoawafb73GpRiEJpD8UaNOUUe5xpUwk9OE%2F6lWHI07kuXh%2BDoAns2EoziJ8bcDJMJOWiN1e%2BdMZ03Ts0%2FWRao5DrqL86iOrEbVwLCHZdn8pGWZ8YNzzjbw%3D%3D,foto-remota-validada,https://meli.la/2ELxV9e
mondial-pe-38-panela-de-pressao-eletrica-digital-5l-900w,Mondial PE-38 Panela de Pressão Elétrica Digital 5L 900W,Mondial,Panela elétrica,foto-real-confirmada,sim,nao,https://http2.mlstatic.com/D_NQ_NP_782426-MLA99927545449_112025-O.webp,https://www.mercadolivre.com.br/social/edsonreiterconcatto?matt_word=edsonreiterconcatto&matt_tool=37292649&forceInApp=true&ref=BDfgJtOfrN4ppj9xRdGpRwGRdfIevv%2B93NqbJqR78V1lSnq3iGRsFeY1i24PLipqAH5kyTt1MB8merYnjrwt%2BRX6eoG3D%2Fcyoi%2FIsBSXSgZYSRbJFtky8YAP3%2F13heksABEC%2BR6Q8LJlzuxhjgrvUKCn%2F7CZ35Y89xGJ5icJmf0tBF8i0WkUUeV0GENxpg2PjvHnmik%3D,foto-remota-validada,https://meli.la/1prV6Sk
mondial-pe-47-3l-i-panela-de-pressao-eletrica-3l-700w,Mondial PE-47-3L-I Panela de Pressão Elétrica 3L 700W,Mondial,Panela elétrica,foto-real-confirmada,sim,nao,https://http2.mlstatic.com/D_NQ_NP_756536-MLA99933369215_112025-O.webp,https://www.mercadolivre.com.br/social/edsonreiterconcatto?matt_word=edsonreiterconcatto&matt_tool=37292649&forceInApp=true&ref=BMx%2BumMyMoaZfNZ7HHgOul9jJYaOyhkW9CbzTnM0yQPCSoQJFECg6XwJqCjHuwFgUlCpLrb0J5j41h%2B7ro3Wi0Me5Zp2dRYqTDXYnfDazOmRk3ImXA0DUYCSx%2Fb4wJEGY1o9ayCCcD3EulaIqPE1tqgDpUDNPoxpa%2Bb3luEhsD9RaBaTVDg7Yk8%2BAaA9Tbhb8fg7g%2FFpdac4gcZKCehVodLGwFywYSlp2kTaww%3D%3D,foto-remota-validada,https://meli.la/2skD1Nx
mondial-pratic-rice-pe-43-6x-panela-de-arroz,Mondial Pratic Rice PE-43-6X Panela de Arroz,Mondial,Panela elétrica,foto-real-confirmada,sim,nao,https://http2.mlstatic.com/D_NQ_NP_741123-MLA99579753552_122025-O.webp,https://www.mercadolivre.com.br/social/edsonreiterconcatto?matt_word=edsonreiterconcatto&matt_tool=37292649&forceInApp=true&ref=BLoo0%2BySn%2B0JyiInIrTmF8yCgMAoWNgxGbcO9ad5%2BFfe8JatdShZpSB6%2FLs2QKbGf3V4K3tt9n2iBK1yb7PN%2BLZNPFGvjKG2fN11%2FXpXZi%2F866EQELj%2B1YBKoZYFwEsZCM72dnUKLCWUm9lm89SZZtsWYIisgKXPIyxsMjabKGVay9OSbi0Qz%2FipIgQd4WMD1XBTZ5s%3D,foto-remota-validada,https://meli.la/2SvKdoU
asrock-radeon-rx-9060-xt-steel-legend-oc,ASRock Radeon RX 9060 XT Steel Legend OC,ASRock,Placa de vídeo,foto-real-confirmada,sim,nao,assets/produtos/asrock-radeon-rx-9060-xt-steel-legend-oc.webp,https://www.amd.com/en/products/graphics/desktops/radeon/9000-series/amd-radeon-rx-9060xt-8gb.html,oficial,https://meli.la/1v3ho4G
asrock-radeon-rx-9070-xt-16gb-argb,ASRock Radeon RX 9070 XT 16GB ARGB,ASRock,Placa de vídeo,foto-real-confirmada,sim,nao,assets/produtos/asrock-radeon-rx-9070-xt-16gb-argb.webp,https://www.amd.com/en/products/graphics/desktops/radeon/9000-series/amd-radeon-rx-9070xt.html,oficial,https://meli.la/2tC2cJC
asus-rog-astral-geforce-rtx-5090-oc-32gb,ASUS ROG Astral GeForce RTX 5090 OC 32GB,ASUS,Placa de vídeo,foto-real-confirmada,sim,nao,assets/produtos/asus-rog-astral-geforce-rtx-5090-oc-32gb.webp,https://www.nvidia.com/pt-br/geforce/graphics-cards/50-series/rtx-5090/,oficial,https://meli.la/1m4TVFs
gigabyte-geforce-rtx-5070-aero-oc-12gb,Gigabyte GeForce RTX 5070 AERO OC 12GB,Gigabyte,Placa de vídeo,foto-real-confirmada,sim,nao,assets/produtos/gigabyte-geforce-rtx-5070-aero-oc-12gb.webp,https://www.nvidia.com/en-us/geforce/graphics-cards/50-series/rtx-5070-family/,oficial,https://meli.la/1ZBH1d6
gigabyte-radeon-rx-9070-xt-gaming-oc-16gb,Gigabyte Radeon RX 9070 XT Gaming OC 16GB,Gigabyte,Placa de vídeo,foto-real-confirmada,sim,nao,assets/produtos/gigabyte-radeon-rx-9070-xt-gaming-oc-16gb.webp,https://www.amd.com/en/products/graphics/desktops/radeon/9000-series/amd-radeon-rx-9070xt.html,oficial,https://meli.la/1cg1jNd
msi-geforce-rtx-5060-shadow-2x-oc-8gb,MSI GeForce RTX 5060 Shadow 2X OC 8GB,MSI,Placa de vídeo,foto-real-confirmada,sim,nao,assets/produtos/msi-geforce-rtx-5060-shadow-2x-oc-8gb.webp,https://www.nvidia.com/en-us/geforce/graphics-cards/50-series/rtx-5060-family/,oficial,https://meli.la/1udi3pe
asus-b860m-ayw-gaming-wifi,ASUS B860M-AYW Gaming WiFi,ASUS,Placa-mãe,foto-real-confirmada,sim,nao,https://http2.mlstatic.com/D_NQ_NP_858751-MLA99363305706_112025-O.webp,https://www.mercadolivre.com.br/social/edsonreiterconcatto?matt_word=edsonreiterconcatto&matt_tool=37292649&forceInApp=true&ref=BBwBri%2BKXx8%2FWpqmJnZkSiLmmUG7QV39LKIF8TTsXGZfqODzX0WdFeJS289q7Xrcu2vf%2FrG%2BPlMgVBlnv81vOlzqsYGFTej6VZPUkwwX7HafDSg%2BxnvnLV1%2B%2BbYHGDqtzvz2GX5bd43jYFRMoK56MzqPiXWVL39w2wX5EfvCYrN6vAMEuA7ktTsSDzuZSsEtWExinIY%3D,foto-remota-validada,https://meli.la/2zy4v1r
asus-rog-crosshair-x870e-hero,ASUS ROG Crosshair X870E Hero,ASUS,Placa-mãe,foto-real-confirmada,sim,nao,assets/produtos/asus-rog-crosshair-x870e-hero.webp,https://rog.asus.com/motherboards/rog-crosshair/rog-crosshair-x870e-hero/,oficial,https://meli.la/1AoJsys
asus-tuf-gaming-x870-plus-wifi,ASUS TUF Gaming X870-Plus WiFi,ASUS,Placa-mãe,foto-real-confirmada,sim,nao,assets/produtos/asus-tuf-gaming-x870-plus-wifi.webp,https://www.asus.com/motherboards-components/motherboards/tuf-gaming/tuf-gaming-x870-plus-wifi/,oficial,https://meli.la/2zL8sof
gigabyte-b850m-gaming-x-wifi6e,Gigabyte B850M Gaming X WiFi6E,Gigabyte,Placa-mãe,foto-real-confirmada,sim,nao,assets/produtos/gigabyte-b850m-gaming-x-wifi6e.webp,https://www.gigabyte.com/Motherboard/B850M-GAMING-X-WIFI6E-rev-10,oficial,https://meli.la/2QX4HM4
gigabyte-z890-ud-wifi6e,Gigabyte Z890 UD WiFi6E,Gigabyte,Placa-mãe,foto-real-confirmada,sim,nao,assets/produtos/gigabyte-z890-ud-wifi6e.webp,https://www.gigabyte.com/Motherboard/Z890-UD-WIFI6E-rev-12-13/sp,oficial,https://meli.la/2xAgFYA
geonav-power-bank-10000mah-20w,Geonav Power Bank 10000mAh 20W,Geonav,Power bank,foto-real-confirmada,sim,nao,https://http2.mlstatic.com/D_NQ_NP_939223-MLA106722961140_022026-O.webp,https://www.mercadolivre.com.br/social/edsonreiterconcatto?matt_word=edsonreiterconcatto&matt_tool=37292649&forceInApp=true&ref=BO7KyyosYxaF2YMDJ2dLB7GHdeeDQgD6EQoNR%2FbvPg3PCDMDnbzOvADDFzmy728c8PFmdl2B8XkYHeOtBLJHys%2Ft%2FBvYUKw5NJgxJCLKspeOC8%2B3u2wBbpEJxIYlAmlLU02oog%2FeebR1NeEaRWyOw0SDpnJR%2FFyGnfgwQcuh5jf7RdOy1fueX2qiMZ34i0asHsveb7E%3D,foto-remota-validada,https://meli.la/28XoMUp
geonav-power-bank-5000mah-15w,Geonav Power Bank 5000mAh 15W,Geonav,Power bank,foto-real-confirmada,sim,nao,https://http2.mlstatic.com/D_NQ_NP_737373-MLA106723050616_022026-O.webp,https://www.mercadolivre.com.br/social/edsonreiterconcatto?matt_word=edsonreiterconcatto&matt_tool=37292649&forceInApp=true&ref=BJzwEtj3PNfjEXH8lQiIGdxQ4laNrYqgfoQAGnsnAqv0Rrrs3c6ROnREO74u4MxlZsD4WBu2r0WpinTMgQWEYFYfNY3J3J7%2FCu2i7QN3qWZa1rO6YN3awb6cXq%2Fh6gdSL0yFjJVQWUywlCbk%2B6Tk9IM5qBUCFxiql4y%2FPdWiy1lPZlnbZGfQ82Yxm3DYRpt4d12rZJ4%3D,foto-remota-validada,https://meli.la/2qfDK8e
geonav-power-bank-para-notebook-20000mah-65w,Geonav Power Bank para Notebook 20000mAh 65W,Geonav,Power bank,foto-real-confirmada,sim,nao,https://http2.mlstatic.com/D_NQ_NP_880901-MLA107178943135_022026-O.webp,https://www.mercadolivre.com.br/social/edsonreiterconcatto?matt_word=edsonreiterconcatto&matt_tool=37292649&forceInApp=true&ref=BB5EYu%2FgXvrTBi8ngrn36r1rnFZTwaKf0%2BC8TB5qzCqhYyuLk0JgNu%2BvEfqmki95KJMp1IxFHYK%2FVSEa2vvC7a4hPTN8hLanXZFGuIPm39qy0heO33QB3%2FixpC0G9A%2Bar9k1%2BZUbSeCGxhzocasJ6YJre496X61K8ASSZ07X%2FyekBC8SsQCahUQfxkUX6bBDCROt6Q%3D%3D,foto-remota-validada,https://meli.la/2c8QDUD
samsung-eb-p3400-power-bank-10000mah-25w,Samsung EB-P3400 Power Bank 10000mAh 25W,Samsung,Power bank,foto-real-confirmada,sim,nao,https://http2.mlstatic.com/D_NQ_NP_694026-MLA99466489798_112025-O.webp,https://www.mercadolivre.com.br/social/edsonreiterconcatto?matt_word=edsonreiterconcatto&matt_tool=37292649&forceInApp=true&ref=BByPWMJkR2Nnr6mtg2INk08356ggxoyNwFhruH3Akr7GsjMcWiCCNqHRHVk3ZNl9pV6T7k9kmMNzdif11HRRulcDYEUVaV9yJthYs2o8FkRucTMut%2BO6BAkXrgUdWyNyMMf7Cn1wUScT2o%2Fl51pcHxw934%2B4532Oi1KKSYShAOo8dvxMOtv6ufedDzPNYqqeO%2BYnkeY%3D,foto-remota-validada,https://meli.la/1aVzfBs
amd-ryzen-5-9600x,AMD Ryzen 5 9600X,AMD,Processador,foto-real-confirmada,sim,nao,assets/produtos/amd-ryzen-5-9600x.webp,https://www.amd.com/en/products/processors/desktops/ryzen/9000-series/amd-ryzen-5-9600x.html,oficial,https://meli.la/14VEbGV
amd-ryzen-7-9850x3d,AMD Ryzen 7 9850X3D,AMD,Processador,foto-real-confirmada,sim,nao,assets/produtos/amd-ryzen-7-9850x3d.webp,https://www.amd.com/en/products/processors/desktops/ryzen/9000-series/amd-ryzen-7-9850x3d.html,oficial,https://meli.la/1fRoZi8
amd-ryzen-9-9950x3d2-dual-edition,AMD Ryzen 9 9950X3D2 Dual Edition,AMD,Processador,foto-real-confirmada,sim,nao,assets/produtos/amd-ryzen-9-9950x3d2-dual-edition.webp,https://www.amd.com/en/products/processors/desktops/ryzen/9000-series/amd-ryzen-9-9950x3d2-dual-edition.html,oficial,https://meli.la/1i7uibP
intel-core-ultra-5-250k-plus,Intel Core Ultra 5 250K Plus,Intel,Processador,foto-real-confirmada,sim,nao,https://http2.mlstatic.com/D_NQ_NP_894095-MLA110115425488_042026-O.webp,https://www.mercadolivre.com.br/social/edsonreiterconcatto?matt_word=edsonreiterconcatto&matt_tool=37292649&forceInApp=true&ref=BOnHjDKty1UtxS1VKL8ASGENh2BHM0%2Fz8Re9y9hzDH5eq5elEA85DRnfRYR7KpF8hdIbN7%2FdL85N2nzPy5OpRd%2FTjWQc%2B9iy7C%2B4td%2FNIapgepx%2B8aJUF0EEbG4i9l0G44pBLFQolovmutKxCPanBPuoQJVyd1Y3bW53gV%2BOFZxx5CR%2BCHFAYZ1XmdBsBoXrgnvebLF1lTniVr185w%3D%3D,foto-remota-validada,https://meli.la/1SvATQ8
intel-core-ultra-7-270k-plus,Intel Core Ultra 7 270K Plus,Intel,Processador,foto-real-confirmada,sim,nao,https://http2.mlstatic.com/D_NQ_NP_983037-MLA111019822852_052026-O.webp,https://www.mercadolivre.com.br/social/edsonreiterconcatto?matt_word=edsonreiterconcatto&matt_tool=37292649&forceInApp=true&ref=BMaOsMYC4jaI1D5eUaP9GJCFA%2BmB0%2Fv1rKYAyTwTn%2BPuaLnQlYLKqqW060vkhbcWKXnrG3gkd10Gygm6wBDRaaYFYTzgTCVsZqTP0nJHcEht3eoQmYHnE3aWPL9pwKNLgp8lMKLDVy4Bhhdbw8s6m4jl8QS4vQNcm9%2FqNP%2FH8Ot97fmcMoJibutksA3f2JgMhELjwmB4JHBF5QB8EW49p7E8y6Rl2ycpGF8Unw%3D%3D,foto-remota-validada,https://meli.la/1QLTL3Z
intel-core-ultra-9-285k,Intel Core Ultra 9 285K,Intel,Processador,foto-real-confirmada,sim,nao,https://http2.mlstatic.com/D_NQ_NP_672491-MLB80564567936_112024-O.webp,https://www.mercadolivre.com.br/social/edsonreiterconcatto?matt_word=edsonreiterconcatto&matt_tool=37292649&forceInApp=true&ref=BPvr%2FfDg33peKWC8%2FH%2FgbGu5ExvftKJZ%2Fp9Z2Ymo%2BBCrQwwWP4%2BEuVGW3jb3FhRiS%2BuSx9SAeBsMxpsBexkTznYIbDIjDlP%2B1FDQXjFC8p4NtMgA%2F0xz%2BCztNAYeXeDgabGGclEL%2F%2BaRRjfwknEYNPQ7us1IDywZIVjmzfW3zLms7%2Fa4rIemcxI9y7%2BOHv%2BYbeo7bQ%3D%3D,foto-remota-validada,https://meli.la/1yNPud4
epson-ef21,Epson EpiqVision EF21,Epson,Projetor,foto-real-confirmada,sim,nao,assets/produtos/epson-ef21.webp,https://epson.com.br/Para-casa/Projetores/Streaming-Entertainment/Projetor-Epson-EpiqVision-Laser-Smart-EF21-%E2%80%93-Ros%C3%A9-Quartzo/p/V11HB35220,oficial,https://meli.la/1gBFmGa
epson-home-cinema-5050ub,Epson Home Cinema 5050UB,Epson,Projetor,foto-real-confirmada,sim,nao,assets/produtos/epson-home-cinema-5050ub.webp,https://epson.com.br/Para-casa/Projetores/Projetores-para-Home-Theater/Projetor-Epson-Home-Cinema-5050UB/p/V11H930020,oficial,https://meli.la/1aePeX8
epson-ef30,Epson Smart EF‑30,Epson,Projetor,foto-real-confirmada,sim,nao,assets/produtos/epson-ef30.webp,https://epson.com.br/projetores-lifestudio,oficial,https://meli.la/1dLi1YV
wanbo-mozart-pro,Wanbo Mozart 1 Pro,Wanbo,Projetor,foto-real-confirmada,sim,nao,assets/produtos/wanbo-mozart-pro.webp,https://wanbo.cn/products/mozart-1-pro-2025-new-projector,oficial,https://meli.la/1rZBf9r
wanbo-t2-ultra,Wanbo T2 Ultra,Wanbo,Projetor,foto-real-confirmada,sim,nao,assets/produtos/wanbo-t2-ultra.webp,https://wanbo.cn/collections/home-cinema-projector,oficial,https://meli.la/2VuSVrV
wanbo-x5-pro,Wanbo X5 Pro,Wanbo,Projetor,foto-real-confirmada,sim,nao,https://http2.mlstatic.com/D_NQ_NP_939322-MLB115535536907_082026-O.webp,https://www.mercadolivre.com.br/social/edsonreiterconcatto?matt_word=edsonreiterconcatto&matt_tool=37292649&forceInApp=true&ref=BLNp2yzciyFVg5Fyh4ytg2Fy8QG%2BtHzaLTLV8h31B2VterowKtWANN5UVl16p4RrbOSTWunziIK2nRuH1HLXszg7ffjq6xhbo2RQ93oZoFIKCleqTb2Jl7gxZYnTE7vz6Ia5CgWGzOimvOg6utXh%2BldlZOdNxZ2DtpbxLWPopu%2BgXe8jTkX3Zg9J6LgSYFig4S%2Bpzh67P6gkv7tMZQ%3D%3D,foto-remota-validada,https://meli.la/1Uq48kv
xgimi-elfin-flip-plus,XGIMI Elfin Flip Plus,XGIMI,Projetor,foto-real-confirmada,sim,nao,assets/produtos/xgimi-elfin-flip-plus.webp,https://eu.xgimi.com/products/elfin-flip-plus,oficial,https://meli.la/1K21doc
xgimi-horizon-pro,XGIMI HORIZON Pro,XGIMI,Projetor,foto-real-confirmada,sim,nao,https://http2.mlstatic.com/D_NQ_NP_627415-MLA93585318552_102025-O.webp,https://www.mercadolivre.com.br/social/edsonreiterconcatto?matt_word=edsonreiterconcatto&matt_tool=37292649&forceInApp=true&ref=BLjvraf8C7HNcitsjoDHZ2rwajmkI0DgsbGgH7PF8yi%2B5FjVJRpj58SfNh4ISMs1%2BHymk8Sz6mkqIOcwhUNEEgP3mUBhqiepHNa12nRp%2Fv%2FjkBt0zdC2eoVWa26tHnrX3DPZcm%2BWlKm1V1ZIl3noBOhgx4nrb4DIOAmtKNLqcFn0tK1DwpDQvkKITwczobxmjbkLCHk%3D,foto-remota-validada,https://meli.la/2gFRrBA
xgimi-mogo-pro-plus,XGIMI MoGo Pro+,XGIMI,Projetor,foto-real-confirmada,sim,nao,assets/produtos/xgimi-mogo-pro-plus.webp,https://global.xgimi.com/pages/mogo-pro-plus-support,oficial,https://meli.la/2TPQgBU
consul-bem-estar-cpb36ab-purificador-refrigerado-branco,Consul Bem Estar CPB36AB Purificador Refrigerado Branco,Consul,Purificador de água,foto-real-confirmada,sim,nao,https://http2.mlstatic.com/D_NQ_NP_743001-MLA99520259318_112025-O.webp,https://www.mercadolivre.com.br/social/edsonreiterconcatto?matt_word=edsonreiterconcatto&matt_tool=37292649&forceInApp=true&ref=BP4S1voFzNaeGbJupc0WmP6n2e2ZJ%2BlnMQiBLSTxkULreAfmba6%2FfqvAN%2FRKbGiAI08zRhux0M87m4c5RzJj46bCVS1OyiWGc9p6n8YFSt7ju0qIDRUZlXtATh%2BGsYYBxslrD%2BOs6Vt5ZNigNo5eZ7IkDYBpSK0453%2Bx3BBxmilPOn7dgiELcUo%2FeiwtGTTTIKEXYAQ%3D,foto-remota-validada,https://meli.la/1zXFj5d
consul-cpb33-purificador-agua-gelada-e-natural-branco,Consul CPB33 Purificador Água Gelada e Natural Branco,Consul,Purificador de água,foto-real-confirmada,sim,nao,https://http2.mlstatic.com/D_NQ_NP_719452-MLA99980257591_112025-O.webp,https://www.mercadolivre.com.br/social/edsonreiterconcatto?matt_word=edsonreiterconcatto&matt_tool=37292649&forceInApp=true&ref=BEofnN4Nuc7742ifZX0was7Pg3l1qB5csnKkDvZv7NaDCTGvS0D4B983C4z%2Ft97ual5Hi%2Fb40xFmyNQBSxkn0ex7AcxU7re05k2Ey0Nwjd2TWLS9e0%2F94Swn2uiP0UudXuo9oxJoxC8pr9H2r6t3UbHyrZrPH9RaIDDQBr9olKbnVQv7z46kBlzPGpK8iqV9fJQITt8%3D,foto-remota-validada,https://meli.la/28kajbe
consul-cpc31af-purificador-de-agua-natural-cinza,Consul CPC31AF Purificador de Água Natural Cinza,Consul,Purificador de água,foto-real-confirmada,sim,nao,https://http2.mlstatic.com/D_NQ_NP_911789-MLA99509434122_112025-O.webp,https://www.mercadolivre.com.br/social/edsonreiterconcatto?matt_word=edsonreiterconcatto&matt_tool=37292649&forceInApp=true&ref=BOuJpFjpW6gV42Zf1jelk6nyy5EPtO7SdceSD%2BC9%2BgMpsleLG7E0cJnWCenaLYfwC0lC%2BdHyrksam553unAbBnRMzQBgk7pCgkplzwom3LYd7CSMWCEN30Cf92clBQoPd2P0RwLtiC3Uw1fD5sLXCiFRiy4LouJtFyfuKjQR5oo%2FnDip0YQC0%2FX3hl4OTKVcj0LIuIQ%3D,foto-remota-validada,https://meli.la/1MVE6kH
electrolux-pc01b-purificador-com-compressor-branco,Electrolux PC01B Purificador com Compressor Branco,Electrolux,Purificador de água,foto-real-confirmada,sim,nao,https://http2.mlstatic.com/D_NQ_NP_842800-MLA99466590138_112025-O.webp,https://www.mercadolivre.com.br/social/edsonreiterconcatto?matt_word=edsonreiterconcatto&matt_tool=37292649&forceInApp=true&ref=BG2ejzP2v%2FSPETcq%2BBFVwlkcSeNJsTkEBD7yUHQ7C%2FRtNl2iJPT9RffhDhpcbmofZpjQ%2FdBUaYJ4upJnQHbnnQaZh1%2B3YOSzMMwMz%2BvacNMm1r9BaR64C2781KkGG1Dfy6M%2B6a9ZcLF9VwAZ7vqkTS1lGayibIjy6AlsHCytQ4xMcaUKeDtNWWfwlmqnhhUAaSObMbk%3D,foto-remota-validada,https://meli.la/1wVuvDh
electrolux-pe12g-purificador-eletronico-touch-cinza,Electrolux PE12G Purificador Eletrônico Touch Cinza,Electrolux,Purificador de água,foto-real-confirmada,sim,nao,https://http2.mlstatic.com/D_NQ_NP_619844-MLA99938311049_112025-O.webp,https://www.mercadolivre.com.br/social/edsonreiterconcatto?matt_word=edsonreiterconcatto&matt_tool=37292649&forceInApp=true&ref=BOyZS1XsqV5WXuUIBifNIZ8HBqO9XlwpMJGHZvjsHuN9yPMMmH4JZ%2FEEjLwSrvs7K3Vwe0OYsyYLgjmesJFor%2FpznogHd%2FSxit7MT8Ojgvddn2QYO1ONP%2FbhD8XFTUShp4n9EebJ5qoaBa56%2F83Uiry7tgbbRkcgj%2BkGq72INtDUHekNxiFpNEX1wbjw7iqjnShPsEE%3D,foto-remota-validada,https://meli.la/2dYgSkL
electrolux-purificador-de-agua-touch-branco,Electrolux Purificador de Água Touch Branco,Electrolux,Purificador de água,foto-real-confirmada,sim,nao,https://http2.mlstatic.com/D_NQ_NP_689426-MLB49845301123_052022-O.webp,https://www.mercadolivre.com.br/social/edsonreiterconcatto?matt_word=edsonreiterconcatto&matt_tool=37292649&forceInApp=true&ref=BBf8OAyEtR%2FYjYqRsmxKjFU2lXymRfYnMc7MGo9rhV9Oqoh2QMqvYvA%2BjXhAU%2Bfq6E7%2B3iXIjMjUuuGL5CHGfoAra4Wq3Ee46HrXicMRL8bWqfOTX4N23zXRRLXuuBgIJwZxpzNTwXVS3F9%2BazlteE%2FV2grZdHxPB6%2Bg5gqjRnN%2BIvHJ0S0PyYqD7uidmc93VuIFmJQuh49E6XJsEg%3D%3D,foto-remota-validada,https://meli.la/1KcqFQs
ibbl-due-electronic-full-range-purificador-de-agua-branco,IBBL Due Electronic Full Range Purificador de Água Branco,IBBL,Purificador de água,foto-real-confirmada,sim,nao,https://http2.mlstatic.com/D_NQ_NP_913710-MLA109787271817_032026-O.webp,https://www.mercadolivre.com.br/social/edsonreiterconcatto?matt_word=edsonreiterconcatto&matt_tool=37292649&forceInApp=true&ref=BI39he2I8uemq8WTZynG6drT1KKTp4ktKmJKZ%2BllfyNlNNTy5CobFIKyulHflRQK18e%2FUTQaz5Zxg5kL%2FKvTf3SSYV0q19XK5OjCywBlgT7eFNGzh3PkE9szXBPbw58dUXeS%2BgSWE4fIX9pRrTJXIivV7nZ1cMCvIQ4BUHSz7V62kSFwL5AqKi4u1c0xGOWOu%2FD30i4%3D,foto-remota-validada,https://meli.la/1F2chvT
huawei-ws8100-mesh-3,Huawei WiFi Mesh 3 WS8100 AX3000,Huawei,Rede doméstica,foto-real-confirmada,sim,nao,assets/produtos/huawei-ws8100-mesh-3.webp,https://consumer.huawei.com/br/routers/wifi-mesh3/,oficial,https://meli.la/2h8mDtq
intelbras-ex1500,Intelbras EX 1500 Extensor Mesh Wi‑Fi 6,Intelbras,Rede doméstica,foto-real-confirmada,sim,nao,https://http2.mlstatic.com/D_NQ_NP_869845-MLA99487647596_112025-O.webp,https://www.mercadolivre.com.br/social/edsonreiterconcatto?matt_word=edsonreiterconcatto&matt_tool=37292649&forceInApp=true&ref=BA%2FIa1mD5KweMzMVE9QNBRIk0OTjYUbEAGFLXiUbrmjUYPwn%2Bb1y2BZYnSAcUfguFb6Zs4HE9S7iSqbardv%2BOIwSpPooVQK4ZMcm0U7N7iAROipPWxiWvTeFewtoCi9s6QyFLwvk07I%2FZleiAQYdJDh%2BTxRYOrjgy8WUG6%2FHBkGe2%2Bb97Cie59M7WSKO3CWO5lIIHZU%3D,foto-remota-validada,https://meli.la/1bF29BY
intelbras-rx3000,Intelbras RX 3000 Wi‑Fi 6,Intelbras,Rede doméstica,foto-real-confirmada,sim,nao,https://http2.mlstatic.com/D_NQ_NP_666223-MLA95669318642_102025-O.webp,https://www.mercadolivre.com.br/social/edsonreiterconcatto?matt_word=edsonreiterconcatto&matt_tool=37292649&forceInApp=true&ref=BAVmd1YzT46fUE3UKLtf6E0ixRBOis9bCs67r6nZ9ZQjotWQWSlPVC6gTo9VAi89T%2BfGjlP80hh%2BHuH60S1CgsEb3nPZPnuW%2BLyLe9OuVMHSr8gfqYRJu55ovxDJGPXD5GfbZfFEx26a9233yd7EnLsjoM4GaFNOnFJ4oV8p9zx7sX9gkBRugS1OUJx2lEAdJnnXRaScUrJWeLZQsw%2BaaV56LloX58chgLe0%2BQ%3D%3D,foto-remota-validada,https://meli.la/13xLTv9
tp-link-deco-x50,TP‑Link Deco X50 AX3000,TP‑Link,Rede doméstica,foto-real-confirmada,sim,nao,https://http2.mlstatic.com/D_NQ_NP_818637-MLB94372428177_102025-O.webp,https://www.mercadolivre.com.br/social/edsonreiterconcatto?matt_word=edsonreiterconcatto&matt_tool=37292649&forceInApp=true&ref=BDfRrgPsePcE5lLVPVx%2B8laHkDYOKLdiNP4VbhG1yjP7517G2Pc5h7%2FWJsbzYAi%2BS2rdOi9M7xE9j0CAkZhKqw9EpadQTmAIYrdIpJwsSaIZjlKO8YChjzNdxeE8PA8%2BxZdoivVI2FCU9vuEJwQsVF2tP%2B4Rot068Na1J9R3qObPthNNPtD3ld1t9bALDkbkNmdmMvWsSQ%3D%3D,foto-remota-validada,https://meli.la/22b87Rp
samsung-jet-bot-ai,Samsung Jet Bot AI,Samsung,Robô aspirador,foto-real-confirmada,sim,nao,https://http2.mlstatic.com/D_NQ_NP_818770-CBT113356767942_072026-O.webp,https://www.mercadolivre.com.br/social/edsonreiterconcatto?matt_word=edsonreiterconcatto&matt_tool=37292649&forceInApp=true&ref=BNim0DR0nUCB3IuoMguFah0ZUdToUUyAL%2FFIZfNzio04ZAVlN5nBufc9oQ7x2BgyE%2B4nvPqGFrunQ91BzGSRs0ZVx82RuMmvAKJo4PH2LkUQetMdMAahrMeH1%2Bbbpu3VyO6n1pSWQk85g8F13NsP7aTT9Y292UmzcAwTuW65U%2FMsbyyr9Wp7nUM2j%2BYkuVujnEcydE4z%2Bw%3D%3D,foto-remota-validada,https://meli.la/1kFJPkv
samsung-powerbot-e-vr5000,Samsung POWERbot‑E VR5000,Samsung,Robô aspirador,foto-real-confirmada,sim,nao,assets/produtos/samsung-powerbot-e-vr5000.webp,https://www.samsung.com/br/vacuum-cleaners/robot/robot-vr05r5050wk/,oficial,https://meli.la/1vJK8HU
wap-robot-w1000,WAP Robot W1000,WAP,Robô aspirador,foto-real-confirmada,sim,nao,assets/produtos/wap-robot-w1000.webp,https://loja.wap.ind.br/aspirador-de-po/robo-aspirador-de-po,oficial,https://meli.la/1hVKmPS
wap-robot-w310,WAP Robot W310,WAP,Robô aspirador,foto-real-confirmada,sim,nao,assets/produtos/wap-robot-w310.webp,https://loja.wap.ind.br/aspirador-de-po/robo-aspirador-de-po,oficial,https://meli.la/2P1AcKm
wap-robot-w90,WAP Robot W90,WAP,Robô aspirador,foto-real-confirmada,sim,nao,https://http2.mlstatic.com/D_NQ_NP_748103-MLA99906601653_112025-O.webp,https://www.mercadolivre.com.br/social/edsonreiterconcatto?matt_word=edsonreiterconcatto&matt_tool=37292649&forceInApp=true&ref=BELizesSyRItceT99plYtgqp3B4u%2BmZJzP%2BUQCEjLzSpFbvyPamoynGX6A86AM8392B1tqx6x%2BngVLffVZIKCSJ%2FqP5PMCq4OVLo0SgWW%2FF6w2SsrvXD99ZOw26SfqFGtrjAIXU64cv52CRTg9KkX2xJ%2BlphzImep3XnkNrRWbOGYl8td08sy4mS7RtIGlLsgPDpmKk%3D,foto-remota-validada,https://meli.la/17ViJJd
xiaomi-robot-vacuum-h40,Xiaomi Robot Vacuum H40,Xiaomi,Robô aspirador,foto-real-confirmada,sim,nao,assets/produtos/xiaomi-robot-vacuum-h40.webp,https://www.mi.com/global/product/xiaomi-robot-vacuum-h40/,oficial,https://meli.la/1KBV5G7
xiaomi-robot-vacuum-s20-plus,Xiaomi Robot Vacuum S20+,Xiaomi,Robô aspirador,foto-real-confirmada,sim,nao,assets/produtos/xiaomi-robot-vacuum-s20-plus.webp,https://www.mi.com/global/product-list/vacuum-cleaner/robot-vacuum/,oficial,https://meli.la/19i5yDW
xiaomi-robot-vacuum-s40,Xiaomi Robot Vacuum S40,Xiaomi,Robô aspirador,foto-real-confirmada,sim,nao,assets/produtos/xiaomi-robot-vacuum-s40.webp,https://www.mi.com/global/product/xiaomi-robot-vacuum-s40/,oficial,https://meli.la/2RWGWEh
samsung-t7-shield-2tb,Samsung T7 Shield 2TB,Samsung,SSD externo,foto-real-confirmada,sim,nao,https://http2.mlstatic.com/D_NQ_NP_939230-MLB92324620081_092025-O.webp,https://www.mercadolivre.com.br/social/edsonreiterconcatto?matt_word=edsonreiterconcatto&matt_tool=37292649&forceInApp=true&ref=BOBfE%2Fbv88fY7f3I6Ltnj4%2FDzkb1HAWbIydT5SBFlh37Xrs2JULW%2FiKG3kyMKqeUMUKWVPWe14MCtF3G8WyNtiU80Ma7zW9MTbZsS7jGHlmDtxvTvXOymeoATtAbNTTQxNk2%2BJK5g7T7RNFU1Im99HV1vXY6Dg3seYwgV0urAuGc8bAR1%2Bgp8rvCIdyOVgUaa%2F0%2BZIDxmOLaB5%2FBrA%3D%3D,foto-remota-validada,https://meli.la/2yrbKXv
samsung-t9-4tb,Samsung T9 4TB,Samsung,SSD externo,foto-real-confirmada,sim,nao,https://http2.mlstatic.com/D_NQ_NP_631332-MLA100053583683_122025-O.webp,https://www.mercadolivre.com.br/social/edsonreiterconcatto?matt_word=edsonreiterconcatto&matt_tool=37292649&forceInApp=true&ref=BB2GUAl%2FUEJOe7Kuzq4CPGcW1RLRJzJM7Cgts7yABtpBwHiWQapgo0f%2FvkPoQtbKG9GNS%2Bqu%2BziDhZsGsh826zKiO0z5u%2BQEKyH50X%2F4tBTo1qUDc5oDpjt8iOkfyz2%2FL0d0vrsigWTJVDNdtd0pYJf15LzUwU6anphPnkrTWjHhY7MXDJ5WV0yue7nsDOnIjk5RpaNgLmOisTfUc7CXg0D3SgK%2FTfEFSpzw3g%3D%3D,foto-remota-validada,https://meli.la/1c9KDmL
kingston-nv3-1tb-nvme,Kingston NV3 1TB NVMe,Kingston,SSD interno,foto-real-confirmada,sim,nao,https://http2.mlstatic.com/D_NQ_NP_763811-MLA100010597069_122025-O.webp,https://www.mercadolivre.com.br/social/edsonreiterconcatto?matt_word=edsonreiterconcatto&matt_tool=37292649&forceInApp=true&ref=BNxmsKn0gbU7apD9zY2%2BbrnnrCDl82s9%2FAatgD0BwS8UV7xhUL5O%2B%2F%2FdDvKOeHC1ZS7fVcehEbWPgJ%2FJAIiYv0PuokjcAsL48T%2Bpj%2BldUvarEW7MBSj3%2FQlspA2EFS9iywcFt6Yc2zzITMh17xgN%2B184PfdJ1yLUqf5VRQaogM0xnDhDJfmZCBpd4T6OQg4oIwGjyQ%3D%3D,foto-remota-validada,https://meli.la/1ETTRiE
kingston-nv3-2tb-nvme,Kingston NV3 2TB NVMe,Kingston,SSD interno,foto-real-confirmada,sim,nao,https://http2.mlstatic.com/D_NQ_NP_854995-MLA99992587149_112025-O.webp,https://www.mercadolivre.com.br/social/edsonreiterconcatto?matt_word=edsonreiterconcatto&matt_tool=37292649&forceInApp=true&ref=BIHva9GnmlLzZ8B0a%2BE0yHxd9eahvQODLdu3lEJW58Kl9GEvEDzdpZXVVmuynut0S7zT02Kwif2UPsBVUY4WntNRGNAdZA82Q%2FXnYi0w3TsTqYUC3xpNGGLyWWJpYiy1c2ru3OfqnpSyAaY8PsvCKeRVDl%2FXPHqu4RpclN%2F0vAy5pVoJ%2F9vldKgnu48LijB67drMq1%2F1pCgXaSof9KffBGX%2F3d6MQIYwi%2Fuk%2Fg%3D%3D,foto-remota-validada,https://meli.la/2Zv45Se
kingston-nv3-4tb-nvme,Kingston NV3 4TB NVMe,Kingston,SSD interno,foto-real-confirmada,sim,nao,https://http2.mlstatic.com/D_NQ_NP_792892-MLA99990623789_112025-O.webp,https://www.mercadolivre.com.br/social/edsonreiterconcatto?matt_word=edsonreiterconcatto&matt_tool=37292649&forceInApp=true&ref=BE253qbq5h78cd4Lc%2FG7L%2FG4GtHWDTF6ydyon3cavRi4rEvmVqV79tU%2FGywU6JoVSTigm%2FKyHGv3d1UrITpwzJyL6wEcKs0rjrbpkumRn%2Fp4d3LrwaSHILz4SEmI3MhoSdJ0mkffH5iJ%2Fx15AN4RxbWtZ1qsKO9CzPJZyqOUIhyykZjM6fBOuvXdQnGVXcpI5IsIzA%3D%3D,foto-remota-validada,https://meli.la/2qdaFVA
samsung-990-evo-plus-1tb,Samsung 990 EVO Plus 1TB,Samsung,SSD interno,foto-real-confirmada,sim,nao,https://http2.mlstatic.com/D_NQ_NP_690672-MLA101021622565_122025-O.webp,https://www.mercadolivre.com.br/social/edsonreiterconcatto?matt_word=edsonreiterconcatto&matt_tool=37292649&forceInApp=true&ref=BFlJ4RYGlvJlzOueTc1dcO%2FsCw7iqHkmjw8bu09q%2FDkkcV9jSGyR3sLznXeoxd3QTcNpuJBPGagvPMfzxL63QK%2F8aVNGnDo2vNjm68tCvK1hy0SaFN1gw%2F71bmhoBah6L0DlkcddTB86AK%2FR7adDpYu7JJ2JJGd2vRDC5TEL9Ex0EkoIJ1R2pvMYRYqRXoKo7PYNKmekxcuwMwWzwYLPRogDwM2r3jMlhUBJMA%3D%3D,foto-remota-validada,https://meli.la/28nEpBA
samsung-990-evo-plus-2tb,Samsung 990 EVO Plus 2TB,Samsung,SSD interno,foto-real-confirmada,sim,nao,https://http2.mlstatic.com/D_NQ_NP_879381-MLA99941521729_112025-O.webp,https://www.mercadolivre.com.br/social/edsonreiterconcatto?matt_word=edsonreiterconcatto&matt_tool=37292649&forceInApp=true&ref=BLtCp%2FuwWJFdOoIm8BhkWnl%2F10h%2FxgxreoEo3OpoDmYfhhqhfdKGGFvo5Y7SocagCbTkWDw8g%2BgzEoiJVDsGiPSoUvwmB71g%2FpQ75egKQ401nh8XXjpV9NJ9eSce%2FL2nBOvWKqPf7hLBoQnbOX7eRnI16KTgLg%2FJwHFN%2FlKJN7nVlhJT24ci0KK5mBHamd9ZGPV3%2BOdceX7%2B%2BZ6gEQ%3D%3D,foto-remota-validada,https://meli.la/1Zyiu2c
samsung-990-evo-plus-4tb,Samsung 990 EVO Plus 4TB,Samsung,SSD interno,foto-real-confirmada,sim,nao,https://http2.mlstatic.com/D_NQ_NP_752473-MLA106905535360_022026-O.webp,https://www.mercadolivre.com.br/social/edsonreiterconcatto?matt_word=edsonreiterconcatto&matt_tool=37292649&forceInApp=true&ref=BN4oBXytJfqMIFPyve0MvbrFXJ2fkCih7ZDNch0sWBys%2BahgapKJwLnYgYsoocckr%2F6P6tUietjIJZPoy6GPpJfBCGZx%2ByMKyhK8K4hs6OPL%2F14VYLeqnY85BIVq8TDKxJd%2FzENs9WFi7AviA7WQibDYD1nRHu55x9zlO5Nzd2AC7ZJxUaXRkP0OKUlUCvtJ2KAIWLseYw5MSTc35VXH4%2BeD2%2BGtZ7vBswQrbg%3D%3D,foto-remota-validada,https://meli.la/2ggnUak
iphone-17-pro,Apple iPhone 17 Pro 1TB,Apple,Smartphone,foto-real-confirmada,sim,nao,assets/produtos/iphone-17-pro.webp,https://www.apple.com/newsroom/2025/09/apple-unveils-iphone-17-pro-and-iphone-17-pro-max/,oficial,https://meli.la/12ro2Vk
iphone-17-pro-max,Apple iPhone 17 Pro Max 256GB,Apple,Smartphone,foto-real-confirmada,sim,nao,assets/produtos/iphone-17-pro-max.webp,https://www.apple.com/br/iphone-17-pro/specs/,oficial,https://meli.la/1BcttjK
iphone-17e,Apple iPhone 17e 256GB,Apple,Smartphone,foto-real-confirmada,sim,nao,assets/produtos/iphone-17e.webp,https://www.apple.com/br/newsroom/2026/03/apple-introduces-iphone-17e/,oficial,https://meli.la/1nksW5A
motorola-edge-70-pro,Motorola Edge 70 Pro 5G 256GB,Motorola,Smartphone,foto-real-confirmada,sim,nao,assets/produtos/motorola-edge-70-pro.webp,https://www.motorola.com.br/smartphone-motorola-edge-70-pro-5g-256gb/p,oficial,https://meli.la/1rtETWK
motorola-moto-g86-5g,Motorola Moto g86 5G 256GB,Motorola,Smartphone,foto-real-confirmada,sim,nao,assets/produtos/motorola-moto-g86-5g.webp,https://www.motorola.com.br/smartphone-moto-g86-5g-256gb/p,oficial,https://meli.la/31ed5Ys
motorola-razr-70-ultra,Motorola Razr 70 Ultra 5G 512GB,Motorola,Smartphone,foto-real-confirmada,sim,nao,assets/produtos/motorola-razr-70-ultra.webp,https://www.motorola.com.br/smartphone-motorola-razr-70-ultra-5g/p,oficial,https://meli.la/1xucbUB
samsung-galaxy-a57-5g,Samsung Galaxy A57 5G 256GB,Samsung,Smartphone,foto-real-confirmada,sim,nao,assets/produtos/samsung-galaxy-a57-5g.webp,https://shop.samsung.com/br/galaxy-a57-256gb/p,oficial,https://meli.la/1tQeQ2S
samsung-galaxy-s26-ultra,Samsung Galaxy S26 Ultra,Samsung,Smartphone,foto-real-confirmada,sim,nao,assets/produtos-v16-1/samsung-galaxy-s26-ultra.jpg,https://www.samsung.com/br/smartphones/galaxy-s26-ultra/,oficial,https://meli.la/2C5nneG
apple-watch-se3-40,Apple Watch SE 3 GPS 40 mm,Apple,Smartwatch,foto-real-confirmada,sim,nao,assets/produtos/apple-watch-se3-40.webp,https://www.apple.com/br/apple-watch-se-3/specs/,oficial,https://meli.la/13uratK
apple-watch-series11-42,Apple Watch Series 11 GPS 42 mm,Apple,Smartwatch,foto-real-confirmada,sim,nao,assets/produtos/apple-watch-series11-42.webp,https://www.apple.com/newsroom/2025/09/apple-debuts-apple-watch-series-11-featuring-groundbreaking-health-insights/,oficial,https://meli.la/2Y8qdZX
apple-watch-ultra3-49,Apple Watch Ultra 3 GPS + Cellular 49 mm,Apple,Smartwatch,foto-real-confirmada,sim,nao,assets/produtos/apple-watch-ultra3-49.webp,https://www.apple.com/br/apple-watch-ultra-3/specs/,oficial,https://meli.la/2s7EgPy
samsung-galaxy-fit3,Samsung Galaxy Fit3,Samsung,Smartwatch,foto-real-confirmada,sim,nao,assets/produtos/samsung-galaxy-fit3.webp,https://www.samsung.com/br/watches/galaxy-fit/galaxy-fit3-silver-bluetooth-sm-r390nzsazto/,oficial,https://meli.la/2nb6SFc
samsung-watch-ultra-2025,Samsung Galaxy Watch Ultra 2025 LTE 47 mm,Samsung,Smartwatch,foto-real-confirmada,sim,nao,assets/produtos/samsung-watch-ultra-2025.webp,https://www.samsung.com/br/watches/galaxy-watch/galaxy-watch-ultra-2025-47mm-titanium-gray-lte-sm-l705fzapzto/,oficial,https://meli.la/1mxiJTX
samsung-watch8-classic-46,Samsung Galaxy Watch8 Classic LTE 46 mm,Samsung,Smartwatch,foto-real-confirmada,sim,nao,assets/produtos/samsung-watch8-classic-46.webp,https://www.samsung.com/br/watches/galaxy-watch/galaxy-watch8-classic-46mm-black-lte-sm-l505fzkpzto/,oficial,https://meli.la/1ruUyY4
xiaomi-watch-s4,Xiaomi Watch S4,Xiaomi,Smartwatch,foto-real-confirmada,sim,nao,assets/produtos/xiaomi-watch-s4.webp,https://www.mi.com/global/product/xiaomi-watch-s4/specs/,oficial,https://meli.la/2f4AdvH
redmi-watch-5-active,REDMI Watch 5 Active,Xiaomi / Redmi,Smartwatch,foto-real-confirmada,sim,nao,assets/produtos/redmi-watch-5-active.webp,https://www.mi.com/global/product/redmi-watch-5-active/,oficial,https://meli.la/1hA88RZ
redmi-watch-5-lite,REDMI Watch 5 Lite,Xiaomi / Redmi,Smartwatch,foto-real-confirmada,sim,nao,https://http2.mlstatic.com/D_NQ_NP_761997-MLA111392533251_052026-O.webp,https://www.mercadolivre.com.br/social/edsonreiterconcatto?matt_word=edsonreiterconcatto&matt_tool=37292649&forceInApp=true&ref=BEV9GsmqcCPvjoC4QKozFGxCOCWmCFkDRDaHAJO3oBnXzpGHOo21pEN9roUF%2BsUIuH8wGewIhGNqOtlmbIiqjMTK5zyuOZk26HCN114vEqCafZ6s3j6%2BHy%2BLGQpyXrEoOeTn2%2Fnije18mZoa53yCl0z790Y7YXgIyj%2B69YhsHkTw6t%2BNezALW%2FAdb8OD7NhsnMTVJw%3D%3D,foto-remota-validada,https://meli.la/28YQ8ji
jbl-bar-500-mk2,JBL Bar 500MK2,JBL,Soundbar,foto-real-confirmada,sim,nao,assets/produtos-v16-1/jbl-bar-500-mk2.webp,https://www.jbl.com.br/BAR-500MK2.html,oficial,https://meli.la/2yz7vz8
jbl-cinema-sb180,JBL Cinema SB180,JBL,Soundbar,foto-real-confirmada,sim,nao,https://www.jbl.com.br/dw/image/v2/BFND_PRD/on/demandware.static/-/Sites-masterCatalog_Harman/default/dwfce9104f/JBL_SB_CINEMA_180_1605x1605.png?sh=535&sw=535,https://www.jbl.com.br/SB180.html,foto-remota-validada,https://meli.la/1zdgVcG
jbl-sb-cinema,JBL SB Cinema 2.1,JBL,Soundbar,foto-real-confirmada,sim,nao,https://http2.mlstatic.com/D_NQ_NP_656047-MLA102762309536_122025-O.webp,https://www.mercadolivre.com.br/social/edsonreiterconcatto?matt_word=edsonreiterconcatto&matt_tool=37292649&forceInApp=true&ref=BMLMyaBe0hXLWfxuiFvuf15R7UY5oC9jgzw%2FOXaiyXp1nV26WdRikj5dZ99wk7HY%2Fm7FPZEaprM72JpacBcR9pa%2F01cqkDO%2B5NXolSqYh7ZDELy3%2BufNQsFkQ79C4PlAYwN%2BQlDtjor6vlmZ%2BIICQZPiOP0wzDEtXKfdziHvw63%2FWPp2O7WMHdjmvBqNMF37kVBEIg%3D%3D,foto-remota-validada,https://meli.la/2MbMFR9
lg-s40t,LG Soundbar S40T,LG,Soundbar,foto-real-confirmada,sim,nao,https://www.lg.com/content/dam/channel/wcms/br/images/audio-video/s40t/gallery/s40t-basic.jpg,https://www.lg.com/br/audio/soundbars/s40t/,foto-remota-validada,https://meli.la/1bpgRTd
lg-s90ty,LG Soundbar S90TY,LG,Soundbar,foto-real-confirmada,sim,nao,https://www.lg.com/content/dam/channel/wcms/br/images/audio-video/s90ty/gallery/av-soundbar-s90ty-gallery-02.jpg/_jcr_content/renditions/thum-1600x1062.jpeg,https://www.lg.com/br/audio/soundbars/s90ty-xg2tbk/,foto-remota-validada,https://meli.la/1S4qvk9
lg-sqc1,LG Soundbar SQC1,LG,Soundbar,foto-real-confirmada,sim,nao,https://www.lg.com/content/dam/channel/wcms/br/images/audio-video/sqc1/gallery/1-1600-sqc1.jpg/jcr%3Acontent/renditions/thum-1600x1062.jpeg?w=800,https://www.lg.com/br/audio/soundbars/sqc1/,foto-remota-validada,https://meli.la/26fR6c6
samsung-hw-b400f,Samsung Soundbar HW-B400F/ZD,Samsung,Soundbar,foto-real-confirmada,sim,nao,assets/produtos/samsung-hw-b400f.webp,https://www.samsung.com/br/audio-devices/soundbar/b400f-black-hw-b400f-zd/,oficial,https://meli.la/2VcPA4T
samsung-hw-b450f,Samsung Soundbar HW-B450F/ZD,Samsung,Soundbar,foto-real-confirmada,sim,nao,assets/produtos/samsung-hw-b450f.webp,https://www.samsung.com/br/audio-devices/soundbar/b450f-black-hw-b450f-zd/,oficial,https://meli.la/18CyrFZ
samsung-hw-q600f,Samsung Soundbar HW-Q600F/ZD,Samsung,Soundbar,foto-real-confirmada,sim,nao,assets/produtos/samsung-hw-q600f.webp,https://www.samsung.com/br/audio-devices/soundbar/q-series-soundbar-subwoofer-black-hw-q600f-zd/,oficial,https://meli.la/2LAdcmz
philco-p32crb,Philco P32CRB 32” Roku TV,Philco,TV,foto-real-confirmada,sim,nao,assets/produtos/philco-p32crb.webp,https://www.philco.com.br/smart-tv-32-philco-roku-tv-dolby-audio-hdr10-p32crb/p,oficial,https://meli.la/1SDh4Wc
philco-p50crb,Philco P50CRB 50” 4K Roku TV,Philco,TV,foto-real-confirmada,sim,nao,https://http2.mlstatic.com/D_NQ_NP_935258-MLA108769325586_032026-O.webp,https://www.mercadolivre.com.br/social/edsonreiterconcatto?matt_word=edsonreiterconcatto&matt_tool=37292649&forceInApp=true&ref=BFGZQD9zsZ5lLOLRN4RthCpkfPC3%2FBkuujGn3ApFgCXZ4HVdKD917fAwKvtKAcdRdkvrOXvWgRJye8nXxEoafdKVByF2%2Bh9sITxh%2Fl8ql6ceumRPM5T51OYQA9JzDOqpP27vHVb8i5D3U7gyRwT19RfGnnrt2R8G6LbozaWndl2b2oktqKYhRNoVEf6DP4hZAEoRU5g%3D,foto-remota-validada,https://meli.la/2ETvUcc
philips-32phg6910,Philips 32PHG6910/78 32” HD,Philips,TV,foto-real-confirmada,sim,nao,assets/produtos/philips-32phg6910.webp,https://www.philips.com.br/c-p/32PHG6910_78/tv-smart-led-serie-6900,oficial,https://meli.la/2MK33T4
philips-75pug8100,Philips 75PUG8100/78 75” 4K Ambilight,Philips,TV,foto-real-confirmada,sim,nao,assets/produtos/philips-75pug8100.webp,https://www.philips.com.br/c-p/75PUG8100_78/tv-led-4k-ambilight,oficial,https://meli.la/2N6uC4E
samsung-u8100f-50,Samsung Crystal UHD U8100F 50” 4K 2025,Samsung,TV,foto-real-confirmada,sim,nao,assets/produtos/samsung-u8100f-50.webp,https://www.samsung.com/br/tvs/uhd-4k-tv/u8000f-50-inch-crystal-uhd-4k-smart-tv-un50u8100fgxzd/,oficial,https://meli.la/1T5tjkq
samsung-u8100f-75,Samsung Crystal UHD U8100F 75” 4K 2025,Samsung,TV,foto-real-confirmada,sim,nao,assets/produtos/samsung-u8100f-75.webp,https://www.samsung.com/br/tvs/uhd-4k-tv/u8000f-75-inch-crystal-uhd-4k-smart-tv-un75u8100fgxzd/,oficial,https://meli.la/1cox6eF
samsung-u8000h-70,Samsung Vision AI Crystal UHD U8000H 70” 4K 2026,Samsung,TV,foto-real-confirmada,sim,nao,https://images.samsung.com/is/image/samsung/p6pim/br/un70u8000hgxzd/gallery/br-uhd-u8000h-un70u8000hgxzd-553482146?$1164_776_PNG$=,https://www.samsung.com/br/tvs/uhd-4k-tv/u8000h-70-inch-crystal-uhd-4k-smart-tv-un70u8000hgxzd/,foto-remota-validada,https://meli.la/2DbKQFG
samsung-qef1-50,Samsung Vision AI QLED QEF1 50” 4K 2025,Samsung,TV,foto-real-confirmada,sim,nao,assets/produtos/samsung-qef1-50.webp,https://shop.samsung.com/br/samsung-vision-ai-tv-50-qled-4k-qef1/p,oficial,https://meli.la/1EAey93
tcl-75t6c,TCL T6C 75” 4K QLED Google TV,TCL,TV,foto-real-confirmada,sim,nao,assets/produtos/tcl-75t6c.webp,https://www.tcl.com/br/pt/tvs/t6c,oficial,https://meli.la/1wGUsNm
apple-ipad-11-a16,Apple iPad 11” A16 128GB,Apple,Tablet,foto-real-confirmada,sim,nao,assets/produtos/apple-ipad-11-a16.webp,https://www.apple.com/br/ipad-11/specs/,oficial,https://meli.la/2QRDLu1
apple-ipad-air-11-m4,Apple iPad Air 11” M4 1TB Cellular,Apple,Tablet,foto-real-confirmada,sim,nao,assets/produtos/apple-ipad-air-11-m4.webp,https://www.apple.com/br/shop/buy-ipad/ipad-air,oficial,https://meli.la/2iTWxy3
apple-ipad-pro-11-m5,Apple iPad Pro 11” M5 1TB,Apple,Tablet,foto-real-confirmada,sim,nao,assets/produtos/apple-ipad-pro-11-m5.webp,https://www.apple.com/br/ipad-pro/specs/,oficial,https://meli.la/1wy4waA
samsung-galaxy-tab-a11,Samsung Galaxy Tab A11 128GB,Samsung,Tablet,foto-real-confirmada,sim,nao,https://http2.mlstatic.com/D_NQ_NP_940271-MLA114610203683_072026-O.webp,https://www.mercadolivre.com.br/social/edsonreiterconcatto?matt_word=edsonreiterconcatto&matt_tool=37292649&forceInApp=true&ref=BJochElxNJFS8fQuxK8u7Dmi%2FABbbQQP71WBDDzdEpY5R5JHlyIOxTME8woIZzyHeGoLsK%2Ff0e7bGuoAtPdEfsQszqLXY8U5x1CYnFe9gjgkgE45D9CQaHdVDVzgpVjMbfRU6yLy58N%2BqsmhpQezjFz4r4CB7ir2Uf1ECSyuxxyLa9MqnAVpOJfGfx7ypAC0PN%2BcW84%3D,foto-remota-validada,https://meli.la/239FWva
samsung-tab-s10-fe,Samsung Galaxy Tab S10 FE 128GB,Samsung,Tablet,foto-real-confirmada,sim,nao,assets/produtos/samsung-tab-s10-fe.webp,https://www.samsung.com/br/tablets/galaxy-tab-s/galaxy-tab-s10-fe-gray-128gb-sm-x520nzadzto/,oficial,https://meli.la/1omT9Ue
samsung-tab-s11-ultra,Samsung Galaxy Tab S11 Ultra 512GB,Samsung,Tablet,foto-real-confirmada,sim,nao,assets/produtos/samsung-tab-s11-ultra.webp,https://www.samsung.com/br/tablets/galaxy-tab-s/galaxy-tab-s11-ultra-gray-512gb-sm-x930nzahzto/,oficial,https://meli.la/2ZRH414
xiaomi-pad8,"Xiaomi Pad 8 11,2” 256GB",Xiaomi,Tablet,foto-real-confirmada,sim,nao,assets/produtos/xiaomi-pad8.webp,https://www.mi.com/global/product/xiaomi-pad-8/specs/,oficial,https://meli.la/1WKJGG6
xiaomi-redmi-pad2,Xiaomi REDMI Pad 2 11” 256GB,Xiaomi,Tablet,foto-real-confirmada,sim,nao,assets/produtos/xiaomi-redmi-pad2.webp,https://www.mi.com/global/product/redmi-pad-2/,oficial,https://meli.la/2WqcgDu
tablet-positivo-vision-tab-10-4gb-ram-128gb-armazenamento-octa-core-13mp-selfie-5mp-bateria-,"Tablet Positivo Vision Tab 10 4GB Ram 128GB Armazenamento, Octa-Core, 13MP + Selfie 5MP, Bateria 6000mAh, Tela 10.1 HD, Wi-Fi AC E 4G, Full Lamination",Positivo,Tablets,foto-real-confirmada,sim,nao,assets/produtos/tablet-positivo-vision-tab-10-4gb-ram-128gb-armazenamento-octa-core-13mp-selfie-5mp-bateria--anuncio.webp,https://produto.mercadolivre.com.br/MLB-5578006340-_JM,anuncio,https://meli.la/2UHp64f
tablet-vaio-tl10-8gb-128gb-octa-core-tela-10-4-2k-4g-wifi-camera-8mp-selfie-5mp-7000mah-andr,"Tablet VAIO TL10 8GB 128GB Octa-Core, Tela 10.4” 2K, 4G WiFi, Câmera 8MP + Selfie 5MP, 7000mAh, Android 13, com Teclado de Conexão Inteligente – Preto",VAIO,Tablets,foto-real-confirmada,sim,nao,assets/produtos/tablet-vaio-tl10-8gb-128gb-octa-core-tela-10-4-2k-4g-wifi-camera-8mp-selfie-5mp-7000mah-andr-anuncio.webp,https://produto.mercadolivre.com.br/MLB-3964141405-_JM,anuncio,https://meli.la/2N3yZFG
hyperx-alloy-origins-core-rgb-blue-abnt2,HyperX Alloy Origins Core RGB Blue ABNT2,HyperX,Teclado,foto-real-confirmada,sim,nao,https://http2.mlstatic.com/D_NQ_NP_662998-MLA99590652326_122025-O.webp,https://www.mercadolivre.com.br/social/edsonreiterconcatto?matt_word=edsonreiterconcatto&matt_tool=37292649&forceInApp=true&ref=BC5r9bQ4Md36v67yOZ7XX23CRYKCgpaxuNtKXkCdCbOH1hy6jP%2FaRIfH80ZbyXNpSvJAdJRAJQG5fKfKCM43isrt53wmsGGRBESJ7keF3W2cmsQT%2BLduX9zi4lkEgOKq1PZFejyjeEzV3H31lkzgKaoo%2Fuw2WU7V7jAuTU%2FAsLtoM%2FhpsUp%2Ba%2BtCfoPDQze4yg1vUKI%3D,foto-remota-validada,https://meli.la/2ehbLCc
logitech-g-pro-x-tkl-lightspeed-wireless,Logitech G Pro X TKL Lightspeed Wireless,Logitech G,Teclado,foto-real-confirmada,sim,nao,https://http2.mlstatic.com/D_NQ_NP_754414-CBT105235113991_012026-O.webp,https://www.mercadolivre.com.br/social/edsonreiterconcatto?matt_word=edsonreiterconcatto&matt_tool=37292649&forceInApp=true&ref=BMoBNGNZBDgnOHg3pnFmxCSIuCaIcd%2ByzN2uMYh%2Fs685mYUldtrdEIS4v9uBY33%2Bm1KsDZq6hz%2F0u0S%2Fyk29w1OiP1CdFzyJlI7oYQwDgtuMcgPElsnUbhb58Nf72517BaBieVrkxv8%2FxnKkrjIHi1MHMSP5iA0iVTTGAMVNzx9%2BRLNzIgijT7rsKxysXoX%2B1hphfA%3D%3D,foto-remota-validada,https://meli.la/16nZYdf
logitech-g-pro-x-tkl-rapid,Logitech G Pro X TKL Rapid,Logitech G,Teclado,foto-real-confirmada,sim,nao,https://http2.mlstatic.com/D_NQ_NP_788176-MLA99986256087_112025-O.webp,https://www.mercadolivre.com.br/social/edsonreiterconcatto?matt_word=edsonreiterconcatto&matt_tool=37292649&forceInApp=true&ref=BNe5N4QzJpb7Be4bUOZMoGJwAV4ZarZHWQRExgHq%2FSon2Xh6vMuPlooyJ5mBwZlM7WlabqBjioVcPvhpP0g14poch8CxQC6oVzMVX4j3wzka6Bwzc25p0BJXCfgC5fu5hHmp5YQzpr1V88GZosSD0P%2FH3bkdAuONm40PoBeRbxSb7lpa2vtWLybWMOE1Eru6XmxBqwPFq%2BR2e7fPKpL45i1KlDdqLPCo1PMEnA%3D%3D,foto-remota-validada,https://meli.la/2fTrKka
redragon-kumara-k552-rgb-outemu-brown,Redragon Kumara/K552 RGB Outemu Brown,Redragon,Teclado,foto-real-confirmada,sim,nao,https://http2.mlstatic.com/D_NQ_NP_746415-MLB50680343880_072022-O.webp,https://www.mercadolivre.com.br/social/edsonreiterconcatto?matt_word=edsonreiterconcatto&matt_tool=37292649&forceInApp=true&ref=BFwxuYN1jboMPOncd2CywOgfSK8dPSBatU9efqD3eCC%2B8C9FM%2FcoeUD8QvLbYjGPYixMGu9Ed9gRzIcPqRwYDbg8t4JlYtBlw1eDizaJUuz4BVh0Ukj4jx8DmNX1pDZUX03PoR%2FsxW0tSDZbrvqct05QabEj69rPy%2FLHRC2RjcZozqlL%2FPzIJnn6nRuWLpCJQh1Vjg%3D%3D,foto-remota-validada,https://meli.la/25TyXi9
corsair-icue-link-lx120-r-rgb,Corsair iCUE LINK LX120-R RGB,Corsair,Ventoinha,foto-real-confirmada,sim,nao,https://http2.mlstatic.com/D_NQ_NP_972573-MLA91152998932_092025-O.webp,https://www.mercadolivre.com.br/social/edsonreiterconcatto?matt_word=edsonreiterconcatto&matt_tool=37292649&forceInApp=true&ref=BIq77DPN3ZyoBcGU533nrVmMnfp8awFQGM164kafioqQW%2BRkjoIvNbZXaOpr3GIZ9fdhhDLs50S6yyaq62kiU9HiJHqcLhTm7ENVuYopOU6oHvqbLhyeF21qxZQrTHtOX45LN6TOj3frJCpVF%2FNDqmvvzfQyBvD5YKDFnyH9sit1vQguF4sVjOBlnAYoy%2BpKE4oGiQs%3D,foto-remota-validada,https://meli.la/1Qzyep2
