arquivo,rota,tipo,indexacao,titulo,canonical,h1,referencias_ausentes,status
404.html,/404,pagina_publica,noindex,Página não encontrada — Preço na Mira,https://preconamira.com.br/404,Essa página saiu do radar.,0,verificado
acabamentos.html,/acabamentos,pagina_publica,index,Acabamentos — Minha Casa | Preço na Mira,https://preconamira.com.br/acabamentos,O detalhe final começa com uma escolha bem conferida.,0,verificado
acessorios-tech.html,/acessorios-tech,pagina_publica,index,Acessórios Tech — Preço na Mira,https://preconamira.com.br/acessorios-tech,Os pequenos itens que fazem o ecossistema funcionar.,0,verificado
ambiente-casa.html,/ambiente-casa,pagina_publica,index,Ambiente Casa — Escolha com contexto | Preço na Mira,https://preconamira.com.br/ambiente-casa,A casa inteira entra na conversa.,0,verificado
ambiente-cozinha.html,/ambiente-cozinha,pagina_publica,index,Ambiente Cozinha — Preço na Mira,https://preconamira.com.br/ambiente-cozinha,Da rotina ao cantinho favorito.,0,verificado
ambiente-gamer.html,/ambiente-gamer,pagina_publica,index,"Ambiente Gamer — Monte, compare e evolua | Preço na Mira",https://preconamira.com.br/ambiente-gamer,Seu próximo setup começa pela lógica.,0,verificado
ambientes.html,/ambientes,pagina_publica,index,Planejar por ambiente — Preço na Mira,https://preconamira.com.br/ambientes,Um espaço real tem restrições reais.,0,verificado
automacao.html,/automacao,utilitario_local,noindex,Automação de Catálogo — Preço na Mira,https://preconamira.com.br/automacao,Cole os links. O resto é com a Central.,0,verificado
busca.html,/busca,pagina_publica,noindex,Central de Busca — Preço na Mira,https://preconamira.com.br/busca,Comece pelo produto. Ou entre pela intenção.,0,verificado
caixas-de-som.html,/caixas-de-som,pagina_publica,index,Caixas de som — Preço na Mira,https://preconamira.com.br/caixas-de-som,Compare melhor. Compre com mais certeza.,0,verificado
carrinho.html,/carrinho,pagina_publica,noindex,Carrinho — Preço na Mira,https://preconamira.com.br/carrinho,Junte primeiro. Compre com mais clareza.,0,verificado
casa-inteligente.html,/casa-inteligente,pagina_publica,index,Casa Inteligente — Produtos — Preço na Mira,https://preconamira.com.br/casa-inteligente,Compare por função. Conecte pelo ecossistema.,0,verificado
casa-studio.html,/casa-studio,pagina_publica,noindex,Estilo &amp; Referências — Projeto | Preço na Mira,https://preconamira.com.br/casa-studio,Conectando ao seu projeto.,0,verificado
catalogo.html,/catalogo,pagina_publica,index,Catálogo completo — Preço na Mira,https://preconamira.com.br/catalogo,Todos os produtos. Um lugar para encontrar.,0,verificado
cinema-em-casa.html,/cinema-em-casa,pagina_publica,index,🎬 Cinema em Casa — Preço na Mira,https://preconamira.com.br/cinema-em-casa,Escolha vendo. O conjunto precisa seduzir no olho e funcionar no uso.,0,verificado
cobertura-imagens.html,/cobertura-imagens,pagina_publica,noindex,Cobertura total de imagens — Preço na Mira,https://preconamira.com.br/cobertura-imagens,"Foto do produto, não ilustração. Dependências visíveis e mensuráveis.",0,verificado
comparativo-acabamentos.html,/comparativo-acabamentos,pagina_publica,index,Comparador — Acabamentos | Preço na Mira,https://preconamira.com.br/comparativo-acabamentos,Compare dentro da mesma função.,0,verificado
comparativo-acessorios.html,/comparativo-acessorios,pagina_publica,index,Comparador de Acessórios — Preço na Mira,https://preconamira.com.br/comparativo-acessorios,Compare o acessório pela função certa.,0,verificado
comparativo-amvox.html,/comparativo-amvox,pagina_publica,index,Comparativo Amvox — Preço na Mira,https://preconamira.com.br/comparativo-amvox,Qual Amvox combina mais com você?,0,verificado
comparativo-casa.html,/comparativo-casa,pagina_publica,index,Comparador Casa Inteligente — Preço na Mira,https://preconamira.com.br/comparativo-casa,Mesma função. Régua certa.,0,verificado
comparativo-compactos.html,/comparativo-compactos,pagina_publica,index,Comparador — Pequenos Espaços | Preço na Mira,https://preconamira.com.br/comparativo-compactos,Compare a mesma função.,0,verificado
comparativo-cozinha.html,/comparativo-cozinha,pagina_publica,index,Comparador de Cozinha — Preço na Mira,https://preconamira.com.br/comparativo-cozinha,Compare a função. Depois olhe o conjunto.,0,verificado
comparativo-fones-apple.html,/comparativo-fones-apple,pagina_publica,index,Comparativo de fones Apple — Preço na Mira,https://preconamira.com.br/comparativo-fones-apple,Qual AirPods combina mais com você?,0,verificado
comparativo-fones-jbl.html,/comparativo-fones-jbl,pagina_publica,index,Comparativo de fones JBL — Preço na Mira,https://preconamira.com.br/comparativo-fones-jbl,Qual JBL combina mais com você?,0,verificado
comparativo-fones-qcy.html,/comparativo-fones-qcy,pagina_publica,index,Comparativo de fones QCY — Preço na Mira,https://preconamira.com.br/comparativo-fones-qcy,Qual QCY combina mais com você?,0,verificado
comparativo-fones-samsung.html,/comparativo-fones-samsung,pagina_publica,index,Comparativo de fones Samsung — Preço na Mira,https://preconamira.com.br/comparativo-fones-samsung,Qual Galaxy Buds combina mais com você?,0,verificado
comparativo-fones-xiaomi.html,/comparativo-fones-xiaomi,pagina_publica,index,Comparativo de fones Xiaomi / Redmi — Preço na Mira,https://preconamira.com.br/comparativo-fones-xiaomi,Qual REDMI combina mais com você?,0,verificado
comparativo-fones.html,/comparativo-fones,pagina_publica,index,Comparador de fones — Preço na Mira,https://preconamira.com.br/comparativo-fones,Qual faz mais sentido para você?,0,verificado
comparativo-gamer.html,/comparativo-gamer,pagina_publica,index,Comparador Gamer — Preço na Mira,https://preconamira.com.br/comparativo-gamer,Mesma peça. Mesma régua.,0,verificado
comparativo-geral.html,/comparativo-geral,pagina_publica,index,Comparador de caixas de som — Preço na Mira,https://preconamira.com.br/comparativo-geral,Compare sem precisar decifrar ficha técnica.,0,verificado
comparativo-instalacoes.html,/comparativo-instalacoes,pagina_publica,index,Comparador — Instalações | Preço na Mira,https://preconamira.com.br/comparativo-instalacoes,Compare dentro da mesma função.,0,verificado
comparativo-internet.html,/comparativo-internet,pagina_publica,index,⚖️ Comparador de internet &amp; starlink — Preço na Mira,https://preconamira.com.br/comparativo-internet,🛰️ Compare internet &amp; starlink,0,verificado
comparativo-jbl.html,/comparativo-jbl,pagina_publica,index,Comparativo JBL — Preço na Mira,https://preconamira.com.br/comparativo-jbl,Qual JBL combina mais com você?,0,verificado
comparativo-lg.html,/comparativo-lg,pagina_publica,index,Comparativo LG — Preço na Mira,https://preconamira.com.br/comparativo-lg,Qual LG combina mais com você?,0,verificado
comparativo-monitores.html,/comparativo-monitores,pagina_publica,index,⚖️ Comparador de monitores — Preço na Mira,https://preconamira.com.br/comparativo-monitores,🖥️ Compare monitores,0,verificado
comparativo-notebooks.html,/comparativo-notebooks,pagina_publica,index,⚖️ Comparador de notebooks — Preço na Mira,https://preconamira.com.br/comparativo-notebooks,💻 Compare notebooks,0,verificado
comparativo-obra.html,/comparativo-obra,pagina_publica,index,Comparador — Obra Base | Preço na Mira,https://preconamira.com.br/comparativo-obra,Compare dentro da mesma função.,0,verificado
comparativo-philco.html,/comparativo-philco,pagina_publica,index,Comparativo Philco — Preço na Mira,https://preconamira.com.br/comparativo-philco,Qual Philco combina mais com você?,0,verificado
comparativo-philips.html,/comparativo-philips,pagina_publica,index,Comparativo Philips — Preço na Mira,https://preconamira.com.br/comparativo-philips,Qual Philips combina mais com você?,0,verificado
comparativo-projetores.html,/comparativo-projetores,pagina_publica,index,Comparador de Projetores — Preço na Mira,https://preconamira.com.br/comparativo-projetores,Compare o que realmente muda a imagem,0,verificado
comparativo-smartphones.html,/comparativo-smartphones,pagina_publica,index,⚖️ Comparador de smartphones — Preço na Mira,https://preconamira.com.br/comparativo-smartphones,📱 Compare smartphones,0,verificado
comparativo-smartwatches.html,/comparativo-smartwatches,pagina_publica,index,⌚ Comparador de smartwatches — Preço na Mira,https://preconamira.com.br/comparativo-smartwatches,⌚ Comparador de smartwatches,0,verificado
comparativo-soundbars.html,/comparativo-soundbars,pagina_publica,index,🎬 Comparador de soundbars — Preço na Mira,https://preconamira.com.br/comparativo-soundbars,🎬 Comparador de soundbars,0,verificado
comparativo-tablets.html,/comparativo-tablets,pagina_publica,index,⚖️ Comparador de tablets — Preço na Mira,https://preconamira.com.br/comparativo-tablets,📲 Compare tablets,0,verificado
comparativo-tvs.html,/comparativo-tvs,pagina_publica,index,📺 Comparador de TVs — Preço na Mira,https://preconamira.com.br/comparativo-tvs,📺 Comparador de TVs,0,verificado
cozinha.html,/cozinha,pagina_publica,index,Cozinha — Minha Casa | Preço na Mira,https://preconamira.com.br/cozinha,Escolha o que funciona. E o que combina.,0,verificado
dewalt.html,/dewalt,pagina_publica,index,Linha DeWalt — Preço na Mira,https://preconamira.com.br/dewalt,Linha DeWalt.,0,verificado
favoritos.html,/favoritos,pagina_publica,noindex,Favoritos — Preço na Mira,https://preconamira.com.br/minha-lista,,0,verificado
fones-de-ouvido.html,/fones-de-ouvido,pagina_publica,index,Fones de ouvido — Preço na Mira,https://preconamira.com.br/fones-de-ouvido,"ANC, bateria, conforto… sem sopa de letrinhas.",0,verificado
gerenciador.html,/gerenciador,utilitario_local,noindex,Central de Catálogo V13.6 — Preço na Mira,https://preconamira.com.br/gerenciador,Alimente o site e publique online.,2,revisar
guia-caixa-som.html,/guia-caixa-som,pagina_publica,index,Como escolher caixa de som — Preço na Mira,https://preconamira.com.br/guia-caixa-som,Como escolher uma caixa de som sem cair na armadilha dos watts,0,verificado
guia-fones.html,/guia-fones,pagina_publica,index,Como escolher fone de ouvido — Preço na Mira,https://preconamira.com.br/guia-fones,Como escolher um fone sem se perder nas siglas?,0,verificado
index.html,/,pagina_publica,index,"Preço na Mira — Compare, monte e escolha melhor",https://preconamira.com.br/,Encontre com clareza. Monte do seu jeito.,0,verificado
instalacoes.html,/instalacoes,pagina_publica,index,Instalações — Minha Casa | Preço na Mira,https://preconamira.com.br/instalacoes,O que fica dentro da parede também precisa fazer sentido.,0,verificado
internet.html,/internet,pagina_publica,index,🛰️ Internet &amp; Starlink — Preço na Mira,https://preconamira.com.br/internet,Internet &amp; Starlink. Escolha pelo seu uso.,0,verificado
jornadas.html,/jornadas,pagina_publica,noindex,Projetos — Preço na Mira,https://preconamira.com.br/montar,,0,verificado
lavanderia.html,/lavanderia,pagina_publica,index,Lavanderia — Pequenos e grandes espaços | Preço na Mira,https://preconamira.com.br/lavanderia,A rotina cabe. A escolha também.,0,verificado
melhores-festa.html,/melhores-festa,pagina_publica,index,Caixas de som para festa — Preço na Mira,https://preconamira.com.br/melhores-festa,Caixas para festa: compare pelo cenário,0,verificado
melhores-portateis.html,/melhores-portateis,pagina_publica,index,Caixas de som portáteis para comparar — Preço na Mira,https://preconamira.com.br/melhores-portateis,Caixas portáteis para colocar lado a lado,0,verificado
minha-casa.html,/minha-casa,pagina_publica,index,Projetos da Casa — Preço na Mira,https://preconamira.com.br/minha-casa,Uma casa não é uma lista de produtos.,0,verificado
minha-lista.html,/minha-lista,pagina_publica,noindex,Salvos — Favoritos e Minha Lista | Preço na Mira,https://preconamira.com.br/minha-lista,Guarde agora. Decida com calma.,0,verificado
monitores.html,/monitores,pagina_publica,index,🖥️ Monitores — Preço na Mira,https://preconamira.com.br/monitores,Monitores. Escolha pelo seu uso.,0,verificado
montar-casa.html,/montar-casa,pagina_publica,noindex,Casa — Projetos | Preço na Mira,https://preconamira.com.br/montar-casa,Conectando ao projeto.,0,verificado
montar-cozinha.html,/montar-cozinha,pagina_publica,noindex,Cozinha — Projetos | Preço na Mira,https://preconamira.com.br/montar-cozinha,Conectando ao projeto.,0,verificado
montar-espaco-compacto.html,/montar-espaco-compacto,pagina_publica,noindex,Pequeno espaço — Projetos | Preço na Mira,https://preconamira.com.br/montar-espaco-compacto,Conectando ao projeto.,0,verificado
montar-pc.html,/montar-pc,pagina_publica,index,Monte seu PC Gamer — Preço na Mira,https://preconamira.com.br/montar-pc,Comece pela CPU. O resto precisa encaixar.,0,verificado
montar.html,/montar,pagina_publica,index,Projetos — Preço na Mira,https://preconamira.com.br/montar,Planeje primeiro. Compre com contexto.,0,verificado
notebooks.html,/notebooks,pagina_publica,index,💻 Notebooks — Preço na Mira,https://preconamira.com.br/notebooks,Notebooks. Escolha pelo seu uso.,0,verificado
obra-base.html,/obra-base,pagina_publica,index,Obra Base — Minha Casa | Preço na Mira,https://preconamira.com.br/obra-base,A casa começa antes dos móveis.,0,verificado
ofertas.html,/ofertas,pagina_publica,index,Ofertas — Preço na Mira,https://preconamira.com.br/ofertas,Menos caça ao preço. Mais oportunidade boa.,0,verificado
pecas-pc.html,/pecas-pc,pagina_publica,index,Peças de PC — Preço na Mira Gamer,https://preconamira.com.br/pecas-pc,Pesquise a peça. Compare na régua certa.,0,verificado
pequenos-espacos.html,/pequenos-espacos,pagina_publica,index,Pequenos Espaços — Planejamento e Produtos | Preço na Mira,https://preconamira.com.br/pequenos-espacos,Cada centímetro precisa ter função.,0,verificado
produto-30-m2-de-subcobertura-psistema-shingle-frete-gratis.html,/produto-30-m2-de-subcobertura-psistema-shingle-frete-gratis,produto,index,30 M2 de Subcobertura Psistema Shingle Frete — Preço na Mira,https://preconamira.com.br/produto-30-m2-de-subcobertura-psistema-shingle-frete-gratis,30 M2 de Subcobertura Psistema Shingle Frete Gratis,0,verificado
produto-4-filtro-refil-alltec-cmc1-voga-para-respirador.html,/produto-4-filtro-refil-alltec-cmc1-voga-para-respirador,produto,index,4 Filtro Refil Alltec CMC1 Voga para Respirador — Preço na Mira,https://preconamira.com.br/produto-4-filtro-refil-alltec-cmc1-voga-para-respirador,4 Filtro Refil Alltec CMC1 Voga para Respirador,0,verificado
produto-6x-arandela-solar-4-focos-parede-slim-12-fachos-led-externa-estrutura-amarelo-3000k.html,/produto-6x-arandela-solar-4-focos-parede-slim-12-fachos-led-externa-estrutura-amarelo-3000k,produto,index,6x Arandela Solar 4 Focos Parede Slim 12 Fachos — Preço na Mira,https://preconamira.com.br/produto-6x-arandela-solar-4-focos-parede-slim-12-fachos-led-externa-estrutura-amarelo-3000k,6x Arandela Solar 4 Focos Parede Slim 12 Fachos LED Externa Estrutura Amarelo 3000k,0,verificado
produto-acer-aspire5-a51545-r5at.html,/produto-acer-aspire5-a51545-r5at,produto,index,Acer Aspire 5 A515-45-R5AT — Preço na Mira,https://preconamira.com.br/produto-acer-aspire5-a51545-r5at,Acer Aspire 5 A515-45-R5AT,0,verificado
produto-acer-nitro-v15-rtx4050.html,/produto-acer-nitro-v15-rtx4050,produto,index,Acer Nitro V15 RTX 4050 — Preço na Mira,https://preconamira.com.br/produto-acer-nitro-v15-rtx4050,Acer Nitro V15 RTX 4050,0,verificado
produto-acer-predator-helios-neo16-rtx4070.html,/produto-acer-predator-helios-neo16-rtx4070,produto,index,Acer Predator Helios Neo 16 RTX 4070 — Preço na Mira,https://preconamira.com.br/produto-acer-predator-helios-neo16-rtx4070,Acer Predator Helios Neo 16 RTX 4070,0,verificado
produto-alienware-16-aurora.html,/produto-alienware-16-aurora,produto,index,Alienware 16 Aurora — Preço na Mira,https://preconamira.com.br/produto-alienware-16-aurora,Alienware 16 Aurora,0,verificado
produto-alienware-m16-r2.html,/produto-alienware-m16-r2,produto,index,Alienware m16 R2 — Preço na Mira,https://preconamira.com.br/produto-alienware-m16-r2,Alienware m16 R2,0,verificado
produto-amazon-echo-dot-5.html,/produto-amazon-echo-dot-5,produto,index,Amazon Echo Dot 5ª Geração — Preço na Mira,https://preconamira.com.br/produto-amazon-echo-dot-5,Amazon Echo Dot 5ª Geração,0,verificado
produto-amazon-echo-pop.html,/produto-amazon-echo-pop,produto,index,Amazon Echo Pop — Preço na Mira,https://preconamira.com.br/produto-amazon-echo-pop,Amazon Echo Pop,0,verificado
produto-amazon-echo-show-8.html,/produto-amazon-echo-show-8,produto,index,Amazon Echo Show 8 — Preço na Mira,https://preconamira.com.br/produto-amazon-echo-show-8,Amazon Echo Show 8,0,verificado
produto-amd-ryzen-5-9600x.html,/produto-amd-ryzen-5-9600x,produto,index,AMD Ryzen 5 9600X — Preço na Mira,https://preconamira.com.br/produto-amd-ryzen-5-9600x,AMD Ryzen 5 9600X,0,verificado
produto-amd-ryzen-7-9850x3d.html,/produto-amd-ryzen-7-9850x3d,produto,index,AMD Ryzen 7 9850X3D — Preço na Mira,https://preconamira.com.br/produto-amd-ryzen-7-9850x3d,AMD Ryzen 7 9850X3D,0,verificado
produto-amd-ryzen-9-9950x3d2-dual-edition.html,/produto-amd-ryzen-9-9950x3d2-dual-edition,produto,index,AMD Ryzen 9 9950X3D2 Dual Edition — Preço na Mira,https://preconamira.com.br/produto-amd-ryzen-9-9950x3d2-dual-edition,AMD Ryzen 9 9950X3D2 Dual Edition,0,verificado
produto-amvox-aca-1000-newx.html,/produto-amvox-aca-1000-newx,produto,index,Amvox ACA 1000 NewX — Preço na Mira,https://preconamira.com.br/produto-amvox-aca-1000-newx,Amvox ACA 1000 NewX,0,verificado
produto-amvox-aca-150-pop.html,/produto-amvox-aca-150-pop,produto,index,Amvox ACA 150 POP — Preço na Mira,https://preconamira.com.br/produto-amvox-aca-150-pop,Amvox ACA 150 POP,0,verificado
produto-amvox-aca-2900-newx.html,/produto-amvox-aca-2900-newx,produto,index,Amvox ACA 2900 NewX — Preço na Mira,https://preconamira.com.br/produto-amvox-aca-2900-newx,Amvox ACA 2900 NewX,0,verificado
produto-anker-341-hub-usb-c-7-em-1-100w-4k-hdmi-sd.html,/produto-anker-341-hub-usb-c-7-em-1-100w-4k-hdmi-sd,produto,index,Anker 341 Hub USB-C 7 em 1 100W 4K HDMI SD — Preço na Mira,https://preconamira.com.br/produto-anker-341-hub-usb-c-7-em-1-100w-4k-hdmi-sd,Anker 341 Hub USB-C 7 em 1 100W 4K HDMI SD,0,verificado
produto-anker-hub-usb-c-8-em-1-100w-hdmi-4k60-ethernet-sd.html,/produto-anker-hub-usb-c-8-em-1-100w-hdmi-4k60-ethernet-sd,produto,index,Anker Hub USB-C 8 em 1 100W HDMI 4K60 Ethernet — Preço na Mira,https://preconamira.com.br/produto-anker-hub-usb-c-8-em-1-100w-hdmi-4k60-ethernet-sd,Anker Hub USB-C 8 em 1 100W HDMI 4K60 Ethernet SD,0,verificado
produto-anker-powerexpand-hub-usb-c-6-em-1-4k-hdmi-65w-pd.html,/produto-anker-powerexpand-hub-usb-c-6-em-1-4k-hdmi-65w-pd,produto,index,Anker PowerExpand Hub USB-C 6 em 1 4K HDMI 65W — Preço na Mira,https://preconamira.com.br/produto-anker-powerexpand-hub-usb-c-6-em-1-4k-hdmi-65w-pd,Anker PowerExpand Hub USB-C 6 em 1 4K HDMI 65W PD,0,verificado
produto-anker-prime-carregador-gan-100w-3-portas.html,/produto-anker-prime-carregador-gan-100w-3-portas,produto,index,Anker Prime Carregador GaN 100W 3 Portas — Preço na Mira,https://preconamira.com.br/produto-anker-prime-carregador-gan-100w-3-portas,Anker Prime Carregador GaN 100W 3 Portas,0,verificado
produto-aoc-24b35hm2.html,/produto-aoc-24b35hm2,produto,index,AOC 24B35HM2 24” — Preço na Mira,https://preconamira.com.br/produto-aoc-24b35hm2,AOC 24B35HM2 24”,0,verificado
produto-aoc-ag276qzd2.html,/produto-aoc-ag276qzd2,produto,index,AOC AGON PRO AG276QZD2 27” QD-OLED — Preço na Mira,https://preconamira.com.br/produto-aoc-ag276qzd2,AOC AGON PRO AG276QZD2 27” QD-OLED,0,verificado
produto-aoc-q27g4f.html,/produto-aoc-q27g4f,produto,index,AOC AGON Q27G4F 27” — Preço na Mira,https://preconamira.com.br/produto-aoc-q27g4f,AOC AGON Q27G4F 27”,0,verificado
produto-apple-airpods-4-anc.html,/produto-apple-airpods-4-anc,produto,index,Apple AirPods 4 com ANC — Preço na Mira,https://preconamira.com.br/produto-apple-airpods-4-anc,Apple AirPods 4 com ANC,0,verificado
produto-apple-airpods-max-2.html,/produto-apple-airpods-max-2,produto,index,Apple AirPods Max 2 — Preço na Mira,https://preconamira.com.br/produto-apple-airpods-max-2,Apple AirPods Max 2,0,verificado
produto-apple-airpods-pro-3.html,/produto-apple-airpods-pro-3,produto,index,Apple AirPods Pro 3 — Preço na Mira,https://preconamira.com.br/produto-apple-airpods-pro-3,Apple AirPods Pro 3,0,verificado
produto-apple-ipad-11-a16.html,/produto-apple-ipad-11-a16,produto,index,Apple iPad 11” A16 128GB — Preço na Mira,https://preconamira.com.br/produto-apple-ipad-11-a16,Apple iPad 11” A16 128GB,0,verificado
produto-apple-ipad-air-11-m4.html,/produto-apple-ipad-air-11-m4,produto,index,Apple iPad Air 11” M4 1TB Cellular — Preço na Mira,https://preconamira.com.br/produto-apple-ipad-air-11-m4,Apple iPad Air 11” M4 1TB Cellular,0,verificado
produto-apple-ipad-pro-11-m5.html,/produto-apple-ipad-pro-11-m5,produto,index,Apple iPad Pro 11” M5 1TB — Preço na Mira,https://preconamira.com.br/produto-apple-ipad-pro-11-m5,Apple iPad Pro 11” M5 1TB,0,verificado
produto-apple-watch-se3-40.html,/produto-apple-watch-se3-40,produto,index,Apple Watch SE 3 GPS 40 mm — Preço na Mira,https://preconamira.com.br/produto-apple-watch-se3-40,Apple Watch SE 3 GPS 40 mm,0,verificado
produto-apple-watch-series11-42.html,/produto-apple-watch-series11-42,produto,index,Apple Watch Series 11 GPS 42 mm — Preço na Mira,https://preconamira.com.br/produto-apple-watch-series11-42,Apple Watch Series 11 GPS 42 mm,0,verificado
produto-apple-watch-ultra3-49.html,/produto-apple-watch-ultra3-49,produto,index,Apple Watch Ultra 3 GPS + Cellular 49 mm — Preço na Mira,https://preconamira.com.br/produto-apple-watch-ultra3-49,Apple Watch Ultra 3 GPS + Cellular 49 mm,0,verificado
produto-aquecedor-de-agua-a-gas-lorenzetti-lz-1600-de-branco-15-litros-digital-gas-gn.html,/produto-aquecedor-de-agua-a-gas-lorenzetti-lz-1600-de-branco-15-litros-digital-gas-gn,produto,index,Aquecedor de Agua A Gas Lorenzetti Lz 1600 de — Preço na Mira,https://preconamira.com.br/produto-aquecedor-de-agua-a-gas-lorenzetti-lz-1600-de-branco-15-litros-digital-gas-gn,Aquecedor de Agua A Gas Lorenzetti Lz 1600 de Branco 15 Litros Digital Gas GN,0,verificado
produto-aquecedor-de-agua-a-gas-rinnai-e21-digital-21-lmin-branco-glp.html,/produto-aquecedor-de-agua-a-gas-rinnai-e21-digital-21-lmin-branco-glp,produto,index,Aquecedor de Agua A Gas Rinnai E21 Digital 21 — Preço na Mira,https://preconamira.com.br/produto-aquecedor-de-agua-a-gas-rinnai-e21-digital-21-lmin-branco-glp,Aquecedor de Agua A Gas Rinnai E21 Digital 21 Lmin Branco GLP,0,verificado
produto-aquecedor-de-toalhas-eletrico-cor-branco.html,/produto-aquecedor-de-toalhas-eletrico-cor-branco,produto,index,Aquecedor de Toalhas Eletrico Cor Branco — Preço na Mira,https://preconamira.com.br/produto-aquecedor-de-toalhas-eletrico-cor-branco,Aquecedor de Toalhas Eletrico Cor Branco,0,verificado
produto-arandela-led-12w-enigma-design-moderno-parede-decorativa.html,/produto-arandela-led-12w-enigma-design-moderno-parede-decorativa,produto,index,Arandela LED 12W Enigma Design Moderno Parede — Preço na Mira,https://preconamira.com.br/produto-arandela-led-12w-enigma-design-moderno-parede-decorativa,Arandela LED 12W Enigma Design Moderno Parede Decorativa,0,verificado
produto-arno-bake-easy-km10-batedeira-planetaria.html,/produto-arno-bake-easy-km10-batedeira-planetaria,produto,index,Arno Bake Easy KM10 Batedeira Planetária — Preço na Mira,https://preconamira.com.br/produto-arno-bake-easy-km10-batedeira-planetaria,Arno Bake Easy KM10 Batedeira Planetária,0,verificado
produto-arno-mini-chef-batedeira-portatil-400w.html,/produto-arno-mini-chef-batedeira-portatil-400w,produto,index,Arno Mini Chef Batedeira Portátil 400W — Preço na Mira,https://preconamira.com.br/produto-arno-mini-chef-batedeira-portatil-400w,Arno Mini Chef Batedeira Portátil 400W,0,verificado
produto-arno-nescafe-dolce-gusto-genio-s-plus-dgs2.html,/produto-arno-nescafe-dolce-gusto-genio-s-plus-dgs2,produto,index,Arno Nescafé Dolce Gusto Genio S Plus DGS2 — Preço na Mira,https://preconamira.com.br/produto-arno-nescafe-dolce-gusto-genio-s-plus-dgs2,Arno Nescafé Dolce Gusto Genio S Plus DGS2,0,verificado
produto-arno-planetaria-deluxe-sx33-270w.html,/produto-arno-planetaria-deluxe-sx33-270w,produto,index,Arno Planetária Deluxe SX33 270W — Preço na Mira,https://preconamira.com.br/produto-arno-planetaria-deluxe-sx33-270w,Arno Planetária Deluxe SX33 270W,0,verificado
produto-asrock-radeon-rx-9060-xt-steel-legend-oc.html,/produto-asrock-radeon-rx-9060-xt-steel-legend-oc,produto,index,ASRock Radeon RX 9060 XT Steel Legend OC — Preço na Mira,https://preconamira.com.br/produto-asrock-radeon-rx-9060-xt-steel-legend-oc,ASRock Radeon RX 9060 XT Steel Legend OC,0,verificado
produto-asrock-radeon-rx-9070-xt-16gb-argb.html,/produto-asrock-radeon-rx-9070-xt-16gb-argb,produto,index,ASRock Radeon RX 9070 XT 16GB ARGB — Preço na Mira,https://preconamira.com.br/produto-asrock-radeon-rx-9070-xt-16gb-argb,ASRock Radeon RX 9070 XT 16GB ARGB,0,verificado
produto-asus-b860m-ayw-gaming-wifi.html,/produto-asus-b860m-ayw-gaming-wifi,produto,index,ASUS B860M-AYW Gaming WiFi — Preço na Mira,https://preconamira.com.br/produto-asus-b860m-ayw-gaming-wifi,ASUS B860M-AYW Gaming WiFi,0,verificado
produto-asus-rog-astral-geforce-rtx-5090-oc-32gb.html,/produto-asus-rog-astral-geforce-rtx-5090-oc-32gb,produto,index,ASUS ROG Astral GeForce RTX 5090 OC 32GB — Preço na Mira,https://preconamira.com.br/produto-asus-rog-astral-geforce-rtx-5090-oc-32gb,ASUS ROG Astral GeForce RTX 5090 OC 32GB,0,verificado
produto-asus-rog-crosshair-x870e-hero.html,/produto-asus-rog-crosshair-x870e-hero,produto,index,ASUS ROG Crosshair X870E Hero — Preço na Mira,https://preconamira.com.br/produto-asus-rog-crosshair-x870e-hero,ASUS ROG Crosshair X870E Hero,0,verificado
produto-asus-tuf-gaming-x870-plus-wifi.html,/produto-asus-tuf-gaming-x870-plus-wifi,produto,index,ASUS TUF Gaming X870-Plus WiFi — Preço na Mira,https://preconamira.com.br/produto-asus-tuf-gaming-x870-plus-wifi,ASUS TUF Gaming X870-Plus WiFi,0,verificado
produto-atlas-agile-up-4-bocas.html,/produto-atlas-agile-up-4-bocas,produto,index,Atlas Agile Up 4 Bocas com Mesa de Vidro Preto — Preço na Mira,https://preconamira.com.br/produto-atlas-agile-up-4-bocas,Atlas Agile Up 4 Bocas com Mesa de Vidro Preto,0,verificado
produto-atlas-atenas-glass-5-bocas.html,/produto-atlas-atenas-glass-5-bocas,produto,index,Atlas Atenas Glass 5 Bocas — Preço na Mira,https://preconamira.com.br/produto-atlas-atenas-glass-5-bocas,Atlas Atenas Glass 5 Bocas,0,verificado
produto-atlas-monaco-plus-4-bocas.html,/produto-atlas-monaco-plus-4-bocas,produto,index,Atlas Mônaco Plus 4 Bocas Branco com Mesa Inox — Preço na Mira,https://preconamira.com.br/produto-atlas-monaco-plus-4-bocas,Atlas Mônaco Plus 4 Bocas Branco com Mesa Inox,0,verificado
produto-avell-storm-305.html,/produto-avell-storm-305,produto,index,Avell Storm 305 i5 + RTX 3050 — Preço na Mira,https://preconamira.com.br/produto-avell-storm-305,Avell Storm 305 i5 + RTX 3050,0,verificado
produto-baseus-dock-usb-c-8-em-1-hdmi-4k.html,/produto-baseus-dock-usb-c-8-em-1-hdmi-4k,produto,index,Baseus Dock USB-C 8 em 1 HDMI 4K — Preço na Mira,https://preconamira.com.br/produto-baseus-dock-usb-c-8-em-1-hdmi-4k,Baseus Dock USB-C 8 em 1 HDMI 4K,0,verificado
produto-baseus-enerfill-fn22-carregador-gan-usb-c-pd-30w.html,/produto-baseus-enerfill-fn22-carregador-gan-usb-c-pd-30w,produto,index,Baseus Enerfill FN22 Carregador GaN USB-C PD 30W — Preço na Mira,https://preconamira.com.br/produto-baseus-enerfill-fn22-carregador-gan-usb-c-pd-30w,Baseus Enerfill FN22 Carregador GaN USB-C PD 30W,0,verificado
produto-baseus-gan2-pro-carregador-65w-com-cabo-100w.html,/produto-baseus-gan2-pro-carregador-65w-com-cabo-100w,produto,index,Baseus GaN2 Pro Carregador 65W com Cabo 100W — Preço na Mira,https://preconamira.com.br/produto-baseus-gan2-pro-carregador-65w-com-cabo-100w,Baseus GaN2 Pro Carregador 65W com Cabo 100W,0,verificado
produto-baseus-hub-usb-c-7-em-1-hdmi-4k60.html,/produto-baseus-hub-usb-c-7-em-1-hdmi-4k60,produto,index,Baseus Hub USB-C 7 em 1 HDMI 4K60 — Preço na Mira,https://preconamira.com.br/produto-baseus-hub-usb-c-7-em-1-hdmi-4k60,Baseus Hub USB-C 7 em 1 HDMI 4K60,0,verificado
produto-be-quiet-light-base-600-lx.html,/produto-be-quiet-light-base-600-lx,produto,index,be quiet! Light Base 600 LX — Preço na Mira,https://preconamira.com.br/produto-be-quiet-light-base-600-lx,be quiet! Light Base 600 LX,0,verificado
produto-betoneira-130-litros-compacta-csm-motor-12-cv-monofasica.html,/produto-betoneira-130-litros-compacta-csm-motor-12-cv-monofasica,produto,index,Betoneira 130 Litros Compacta CSM Motor 12 Cv — Preço na Mira,https://preconamira.com.br/produto-betoneira-130-litros-compacta-csm-motor-12-cv-monofasica,Betoneira 130 Litros Compacta CSM Motor 12 Cv Monofasica,0,verificado
produto-betoneira-400l-2hp-monof-e-kit-segur-prime-menegotti.html,/produto-betoneira-400l-2hp-monof-e-kit-segur-prime-menegotti,produto,index,Betoneira 400L 2HP Monof e Kit Segur Prime — Preço na Mira,https://preconamira.com.br/produto-betoneira-400l-2hp-monof-e-kit-segur-prime-menegotti,Betoneira 400L 2HP Monof e Kit Segur Prime Menegotti,0,verificado
produto-black-decker-gourmand-sanduicheira-grill.html,/produto-black-decker-gourmand-sanduicheira-grill,produto,index,Black+Decker Gourmand Sanduicheira Grill — Preço na Mira,https://preconamira.com.br/produto-black-decker-gourmand-sanduicheira-grill,Black+Decker Gourmand Sanduicheira Grill,0,verificado
produto-blackdecker-m300.html,/produto-blackdecker-m300,produto,index,Black+Decker Mixer Vertical M300 — Preço na Mira,https://preconamira.com.br/produto-blackdecker-m300,Black+Decker Mixer Vertical M300,0,verificado
produto-blackdecker-mk600.html,/produto-blackdecker-mk600,produto,index,Black+Decker Mixer Portátil MK600 Mini — Preço na Mira,https://preconamira.com.br/produto-blackdecker-mk600,Black+Decker Mixer Portátil MK600 Mini Processador,0,verificado
produto-bomba-periferica-foxlux-agua-1cv-750w-bivolt-automatico.html,/produto-bomba-periferica-foxlux-agua-1cv-750w-bivolt-automatico,produto,index,Bomba Periferica Foxlux Agua 1cv 750W Bivolt — Preço na Mira,https://preconamira.com.br/produto-bomba-periferica-foxlux-agua-1cv-750w-bivolt-automatico,Bomba Periferica Foxlux Agua 1cv 750W Bivolt Automatico,0,verificado
produto-bomba-periferica-schneider-pg-10-de-1-cv-monofasica-para-48m-de-altura.html,/produto-bomba-periferica-schneider-pg-10-de-1-cv-monofasica-para-48m-de-altura,produto,index,Bomba Periferica Schneider Pg 10 de 1 Cv — Preço na Mira,https://preconamira.com.br/produto-bomba-periferica-schneider-pg-10-de-1-cv-monofasica-para-48m-de-altura,Bomba Periferica Schneider Pg 10 de 1 Cv Monofasica para 48m de Altura,0,verificado
produto-bomba-pressurizadora-de-agua-komeco-tp80-g4-bronze-248w.html,/produto-bomba-pressurizadora-de-agua-komeco-tp80-g4-bronze-248w,produto,index,Bomba Pressurizadora de Agua Komeco Tp80 G4 — Preço na Mira,https://preconamira.com.br/produto-bomba-pressurizadora-de-agua-komeco-tp80-g4-bronze-248w,Bomba Pressurizadora de Agua Komeco Tp80 G4 Bronze 248W,0,verificado
produto-bomba-schneider-centrifuga-bc-98-12cv-fase-eletrica-monofasica-frequencia-60-hz.html,/produto-bomba-schneider-centrifuga-bc-98-12cv-fase-eletrica-monofasica-frequencia-60-hz,produto,index,Bomba Schneider Centrifuga Bc 98 12cv Fase — Preço na Mira,https://preconamira.com.br/produto-bomba-schneider-centrifuga-bc-98-12cv-fase-eletrica-monofasica-frequencia-60-hz,Bomba Schneider Centrifuga Bc 98 12cv Fase Eletrica Monofasica Frequencia 60 Hz,0,verificado
produto-bosch-glm-40-trena-laser.html,/produto-bosch-glm-40-trena-laser,produto,index,Bosch GLM 40 — Trena laser — Preço na Mira,https://preconamira.com.br/produto-bosch-glm-40-trena-laser,Bosch GLM 40 — Trena laser,0,verificado
produto-brastemp-13kg-ciclo-tira-manchas.html,/produto-brastemp-13kg-ciclo-tira-manchas,produto,index,Máquina de Lavar Brastemp 13 kg com Ciclo Tira — Preço na Mira,https://preconamira.com.br/produto-brastemp-13kg-ciclo-tira-manchas,Máquina de Lavar Brastemp 13 kg com Ciclo Tira Manchas,0,verificado
produto-brastemp-bfo4nbr.html,/produto-brastemp-bfo4nbr,produto,index,Brastemp BFO4NBR 4 Bocas Inox — Preço na Mira,https://preconamira.com.br/produto-brastemp-bfo4nbr,Brastemp BFO4NBR 4 Bocas Inox,0,verificado
produto-brastemp-bfs5vce.html,/produto-brastemp-bfs5vce,produto,index,Brastemp BFS5VCE 5 Bocas Preto com Mesa de Vidro — Preço na Mira,https://preconamira.com.br/produto-brastemp-bfs5vce,Brastemp BFS5VCE 5 Bocas Preto com Mesa de Vidro,0,verificado
produto-brastemp-blf08bs-lava-loucas-8-servicos.html,/produto-brastemp-blf08bs-lava-loucas-8-servicos,produto,index,Lava-louças Brastemp BLF08BS 8 Serviços Inox — Preço na Mira,https://preconamira.com.br/produto-brastemp-blf08bs-lava-loucas-8-servicos,Lava-louças Brastemp BLF08BS 8 Serviços Inox,0,verificado
produto-brastemp-bwd16a9-16kg-double-wash.html,/produto-brastemp-bwd16a9-16kg-double-wash,produto,index,Máquina de Lavar Brastemp BWD16A9 Double Wash 16 — Preço na Mira,https://preconamira.com.br/produto-brastemp-bwd16a9-16kg-double-wash,Máquina de Lavar Brastemp BWD16A9 Double Wash 16 kg,0,verificado
produto-brastemp-bwy16a9-16kg-flex-wash.html,/produto-brastemp-bwy16a9-16kg-flex-wash,produto,index,Máquina de Lavar Brastemp BWY16A9 Flex Wash 16 — Preço na Mira,https://preconamira.com.br/produto-brastemp-bwy16a9-16kg-flex-wash,Máquina de Lavar Brastemp BWY16A9 Flex Wash 16 kg,0,verificado
produto-brinox-ceramic-life-easy-8p.html,/produto-brinox-ceramic-life-easy-8p,produto,index,Brinox Ceramic Life Easy Jogo de Panelas 8 Peças — Preço na Mira,https://preconamira.com.br/produto-brinox-ceramic-life-easy-8p,Brinox Ceramic Life Easy Jogo de Panelas 8 Peças,0,verificado
produto-brinox-ceramic-life-smart-plus-vanilla-8p.html,/produto-brinox-ceramic-life-smart-plus-vanilla-8p,produto,index,Brinox Ceramic Life Smart Plus Vanilla 8 Peças — Preço na Mira,https://preconamira.com.br/produto-brinox-ceramic-life-smart-plus-vanilla-8p,Brinox Ceramic Life Smart Plus Vanilla 8 Peças,0,verificado
produto-britania-bgr27i-sanduicheira-grill-850w.html,/produto-britania-bgr27i-sanduicheira-grill-850w,produto,index,Britânia BGR27I Sanduicheira Grill 850W — Preço na Mira,https://preconamira.com.br/produto-britania-bgr27i-sanduicheira-grill-850w,Britânia BGR27I Sanduicheira Grill 850W,0,verificado
produto-britania-mini-sanduicheira-e-grill-180.html,/produto-britania-mini-sanduicheira-e-grill-180,produto,index,Britânia Mini Sanduicheira e Grill 180° — Preço na Mira,https://preconamira.com.br/produto-britania-mini-sanduicheira-e-grill-180,Britânia Mini Sanduicheira e Grill 180°,0,verificado
produto-cabo-fio-eletrico-flexivel-25mm-100m-corfio-cor-da-cobertura-preto.html,/produto-cabo-fio-eletrico-flexivel-25mm-100m-corfio-cor-da-cobertura-preto,produto,index,Cabo Fio Eletrico Flexivel 25MM 100M Corfio Cor — Preço na Mira,https://preconamira.com.br/produto-cabo-fio-eletrico-flexivel-25mm-100m-corfio-cor-da-cobertura-preto,Cabo Fio Eletrico Flexivel 25MM 100M Corfio Cor da Cobertura Preto,0,verificado
produto-cabo-flex-fio-cobre-6mm-preto-750v-rolo-100m-cobrecom.html,/produto-cabo-flex-fio-cobre-6mm-preto-750v-rolo-100m-cobrecom,produto,index,Cabo Flex Fio Cobre 6MM Preto 750V Rolo 100M — Preço na Mira,https://preconamira.com.br/produto-cabo-flex-fio-cobre-6mm-preto-750v-rolo-100m-cobrecom,Cabo Flex Fio Cobre 6MM Preto 750V Rolo 100M Cobrecom,0,verificado
produto-chapix-blanco-36-l-quartzolit-aditivo-colante-para-chapisco.html,/produto-chapix-blanco-36-l-quartzolit-aditivo-colante-para-chapisco,produto,index,Chapix Blanco 36 L Quartzolit Aditivo Colante — Preço na Mira,https://preconamira.com.br/produto-chapix-blanco-36-l-quartzolit-aditivo-colante-para-chapisco,Chapix Blanco 36 L Quartzolit Aditivo Colante para Chapisco,0,verificado
produto-chuveiro-ducha-acqua-century-eletronico-preto-lorenzetti.html,/produto-chuveiro-ducha-acqua-century-eletronico-preto-lorenzetti,produto,index,Chuveiro Ducha Acqua Century Eletronico Preto — Preço na Mira,https://preconamira.com.br/produto-chuveiro-ducha-acqua-century-eletronico-preto-lorenzetti,Chuveiro Ducha Acqua Century Eletronico Preto Lorenzetti,0,verificado
produto-chuveiro-eletrico-lorenzetti-acqua-ultra-duo-preto-fosco.html,/produto-chuveiro-eletrico-lorenzetti-acqua-ultra-duo-preto-fosco,produto,index,Chuveiro Eletrico Lorenzetti Acqua Ultra Duo — Preço na Mira,https://preconamira.com.br/produto-chuveiro-eletrico-lorenzetti-acqua-ultra-duo-preto-fosco,Chuveiro Eletrico Lorenzetti Acqua Ultra Duo Preto Fosco,0,verificado
produto-chuveiro-eletronico-lorenzetti-acqua-duo-ultra-pretocromado-parede-7800w.html,/produto-chuveiro-eletronico-lorenzetti-acqua-duo-ultra-pretocromado-parede-7800w,produto,index,Chuveiro Eletronico Lorenzetti Acqua Duo Ultra — Preço na Mira,https://preconamira.com.br/produto-chuveiro-eletronico-lorenzetti-acqua-duo-ultra-pretocromado-parede-7800w,Chuveiro Eletronico Lorenzetti Acqua Duo Ultra Pretocromado Parede 7800W,0,verificado
produto-chuveiro-eletronico-lorenzetti-acqua-storm-ultra-preto-220v-7800w.html,/produto-chuveiro-eletronico-lorenzetti-acqua-storm-ultra-preto-220v-7800w,produto,index,Chuveiro Eletronico Lorenzetti Acqua Storm Ultra — Preço na Mira,https://preconamira.com.br/produto-chuveiro-eletronico-lorenzetti-acqua-storm-ultra-preto-220v-7800w,Chuveiro Eletronico Lorenzetti Acqua Storm Ultra Preto 220V 7800W,0,verificado
produto-cimento-queimado-maza-revestimento-23kg-diveras-cores.html,/produto-cimento-queimado-maza-revestimento-23kg-diveras-cores,produto,index,Cimento Queimado Maza Revestimento 23kg Diveras — Preço na Mira,https://preconamira.com.br/produto-cimento-queimado-maza-revestimento-23kg-diveras-cores,Cimento Queimado Maza Revestimento 23kg Diveras Cores,0,verificado
produto-colormaq-ecomax-lcs20-20kg-prata.html,/produto-colormaq-ecomax-lcs20-20kg-prata,produto,index,Lavadora Semiautomática Colormaq EcoMax LCS20 20 — Preço na Mira,https://preconamira.com.br/produto-colormaq-ecomax-lcs20-20kg-prata,Lavadora Semiautomática Colormaq EcoMax LCS20 20 kg,0,verificado
produto-colormaq-lcs10-10kg-branca.html,/produto-colormaq-lcs10-10kg-branca,produto,index,Lavadora Semiautomática Colormaq LCS10 10 kg — Preço na Mira,https://preconamira.com.br/produto-colormaq-lcs10-10kg-branca,Lavadora Semiautomática Colormaq LCS10 10 kg,0,verificado
produto-compactador-placa-vibratoria-toyama-tpc60w-65-hp-105-kn.html,/produto-compactador-placa-vibratoria-toyama-tpc60w-65-hp-105-kn,produto,index,Compactador Placa Vibratoria Toyama TPC60W 65 Hp — Preço na Mira,https://preconamira.com.br/produto-compactador-placa-vibratoria-toyama-tpc60w-65-hp-105-kn,Compactador Placa Vibratoria Toyama TPC60W 65 Hp 105 Kn,0,verificado
produto-computador-completo-facil-intel-core-i7-16gb-ssd-240gb-16-gb.html,/produto-computador-completo-facil-intel-core-i7-16gb-ssd-240gb-16-gb,produto,index,Computador Completo Fácil Intel Core I7 16gb Ssd — Preço na Mira,https://preconamira.com.br/produto-computador-completo-facil-intel-core-i7-16gb-ssd-240gb-16-gb,Computador Completo Fácil Intel Core I7 16gb Ssd 240gb 16 Gb,0,verificado
produto-consul-bem-estar-cpb36ab-purificador-refrigerado-branco.html,/produto-consul-bem-estar-cpb36ab-purificador-refrigerado-branco,produto,index,Consul Bem Estar CPB36AB Purificador Refrigerado — Preço na Mira,https://preconamira.com.br/produto-consul-bem-estar-cpb36ab-purificador-refrigerado-branco,Consul Bem Estar CPB36AB Purificador Refrigerado Branco,0,verificado
produto-consul-cpb33-purificador-agua-gelada-e-natural-branco.html,/produto-consul-cpb33-purificador-agua-gelada-e-natural-branco,produto,index,Consul CPB33 Purificador Água Gelada e Natural — Preço na Mira,https://preconamira.com.br/produto-consul-cpb33-purificador-agua-gelada-e-natural-branco,Consul CPB33 Purificador Água Gelada e Natural Branco,0,verificado
produto-consul-cpc31af-purificador-de-agua-natural-cinza.html,/produto-consul-cpc31af-purificador-de-agua-natural-cinza,produto,index,Consul CPC31AF Purificador de Água Natural Cinza — Preço na Mira,https://preconamira.com.br/produto-consul-cpc31af-purificador-de-agua-natural-cinza,Consul CPC31AF Purificador de Água Natural Cinza,0,verificado
produto-consul-crm44mk-377l-inox.html,/produto-consul-crm44mk-377l-inox,produto,index,Geladeira Consul CRM44MK Frost Free 377 L — Preço na Mira,https://preconamira.com.br/produto-consul-crm44mk-377l-inox,Geladeira Consul CRM44MK Frost Free 377 L,0,verificado
produto-cooler-master-hyper-212-spectrum-v3.html,/produto-cooler-master-hyper-212-spectrum-v3,produto,index,Cooler Master Hyper 212 Spectrum V3 — Preço na Mira,https://preconamira.com.br/produto-cooler-master-hyper-212-spectrum-v3,Cooler Master Hyper 212 Spectrum V3,0,verificado
produto-cooler-master-masterbox-600.html,/produto-cooler-master-masterbox-600,produto,index,Cooler Master MasterBox 600 — Preço na Mira,https://preconamira.com.br/produto-cooler-master-masterbox-600,Cooler Master MasterBox 600,0,verificado
produto-cooler-master-masterframe-360-stage-mirror.html,/produto-cooler-master-masterframe-360-stage-mirror,produto,index,Cooler Master MasterFrame 360 Stage Mirror — Preço na Mira,https://preconamira.com.br/produto-cooler-master-masterframe-360-stage-mirror,Cooler Master MasterFrame 360 Stage Mirror,0,verificado
produto-cooler-master-masterframe-600.html,/produto-cooler-master-masterframe-600,produto,index,Cooler Master MasterFrame 600 — Preço na Mira,https://preconamira.com.br/produto-cooler-master-masterframe-600,Cooler Master MasterFrame 600,0,verificado
produto-cooler-master-masterliquid-240l-core-spectrum.html,/produto-cooler-master-masterliquid-240l-core-spectrum,produto,index,Cooler Master MasterLiquid 240L Core Spectrum — Preço na Mira,https://preconamira.com.br/produto-cooler-master-masterliquid-240l-core-spectrum,Cooler Master MasterLiquid 240L Core Spectrum,0,verificado
produto-cooler-master-masterliquid-360-atmos-ii.html,/produto-cooler-master-masterliquid-360-atmos-ii,produto,index,Cooler Master MasterLiquid 360 Atmos II — Preço na Mira,https://preconamira.com.br/produto-cooler-master-masterliquid-360-atmos-ii,Cooler Master MasterLiquid 360 Atmos II,0,verificado
produto-cooler-master-mwe-gold-1250w-full-modular.html,/produto-cooler-master-mwe-gold-1250w-full-modular,produto,index,Cooler Master MWE Gold 1250W Full Modular — Preço na Mira,https://preconamira.com.br/produto-cooler-master-mwe-gold-1250w-full-modular,Cooler Master MWE Gold 1250W Full Modular,0,verificado
produto-cooler-master-mwe-gold-750-v3-atx-3-1.html,/produto-cooler-master-mwe-gold-750-v3-atx-3-1,produto,index,Cooler Master MWE Gold 750 V3 ATX 3.1 — Preço na Mira,https://preconamira.com.br/produto-cooler-master-mwe-gold-750-v3-atx-3-1,Cooler Master MWE Gold 750 V3 ATX 3.1,0,verificado
produto-cooler-master-mwe-gold-850-v3-850w.html,/produto-cooler-master-mwe-gold-850-v3-850w,produto,index,Cooler Master MWE Gold 850 V3 850W — Preço na Mira,https://preconamira.com.br/produto-cooler-master-mwe-gold-850-v3-850w,Cooler Master MWE Gold 850 V3 850W,0,verificado
produto-cooler-master-td500-mesh-v2.html,/produto-cooler-master-td500-mesh-v2,produto,index,Cooler Master TD500 Mesh V2 — Preço na Mira,https://preconamira.com.br/produto-cooler-master-td500-mesh-v2,Cooler Master TD500 Mesh V2,0,verificado
produto-coral-tinta-acrilica-fosco-baixo-odor-16l-cor-palha.html,/produto-coral-tinta-acrilica-fosco-baixo-odor-16l-cor-palha,produto,index,Coral Tinta Acrilica Fosco Baixo Odor 16l Cor — Preço na Mira,https://preconamira.com.br/produto-coral-tinta-acrilica-fosco-baixo-odor-16l-cor-palha,Coral Tinta Acrilica Fosco Baixo Odor 16l Cor Palha,0,verificado
produto-corsair-2500x.html,/produto-corsair-2500x,produto,index,Corsair 2500X — Preço na Mira,https://preconamira.com.br/produto-corsair-2500x,Corsair 2500X,0,verificado
produto-corsair-3000d-airflow.html,/produto-corsair-3000d-airflow,produto,index,Corsair 3000D Airflow — Preço na Mira,https://preconamira.com.br/produto-corsair-3000d-airflow,Corsair 3000D Airflow,0,verificado
produto-corsair-6500x-rgb.html,/produto-corsair-6500x-rgb,produto,index,Corsair 6500X RGB — Preço na Mira,https://preconamira.com.br/produto-corsair-6500x-rgb,Corsair 6500X RGB,0,verificado
produto-corsair-icue-link-lx120-r-rgb.html,/produto-corsair-icue-link-lx120-r-rgb,produto,index,Corsair iCUE LINK LX120-R RGB — Preço na Mira,https://preconamira.com.br/produto-corsair-icue-link-lx120-r-rgb,Corsair iCUE LINK LX120-R RGB,0,verificado
produto-corsair-icue-link-titan-240-rx-rgb.html,/produto-corsair-icue-link-titan-240-rx-rgb,produto,index,Corsair iCUE LINK TITAN 240 RX RGB — Preço na Mira,https://preconamira.com.br/produto-corsair-icue-link-titan-240-rx-rgb,Corsair iCUE LINK TITAN 240 RX RGB,0,verificado
produto-corsair-rm750e-750w.html,/produto-corsair-rm750e-750w,produto,index,Corsair RM750e 750W — Preço na Mira,https://preconamira.com.br/produto-corsair-rm750e-750w,Corsair RM750e 750W,0,verificado
produto-corsair-rm750x-750w-atx-3-1.html,/produto-corsair-rm750x-750w-atx-3-1,produto,index,Corsair RM750x 750W ATX 3.1 — Preço na Mira,https://preconamira.com.br/produto-corsair-rm750x-750w-atx-3-1,Corsair RM750x 750W ATX 3.1,0,verificado
produto-corsair-rm850x-850w.html,/produto-corsair-rm850x-850w,produto,index,Corsair RM850x 850W — Preço na Mira,https://preconamira.com.br/produto-corsair-rm850x-850w,Corsair RM850x 850W,0,verificado
produto-corsair-titan-360-rx-lcd-rgb-icue-link.html,/produto-corsair-titan-360-rx-lcd-rgb-icue-link,produto,index,Corsair TITAN 360 RX LCD RGB iCUE LINK — Preço na Mira,https://preconamira.com.br/produto-corsair-titan-360-rx-lcd-rgb-icue-link,Corsair TITAN 360 RX LCD RGB iCUE LINK,0,verificado
produto-corsair-vengeance-16gb-ddr5-6000.html,/produto-corsair-vengeance-16gb-ddr5-6000,produto,index,Corsair Vengeance 16GB DDR5-6000 — Preço na Mira,https://preconamira.com.br/produto-corsair-vengeance-16gb-ddr5-6000,Corsair Vengeance 16GB DDR5-6000,0,verificado
produto-corsair-vengeance-cmsx16gx4m1a3200c22-ddr4-16gb-3200mhz.html,/produto-corsair-vengeance-cmsx16gx4m1a3200c22-ddr4-16gb-3200mhz,produto,index,Corsair Vengeance CMSX16GX4M1A3200C22 DDR4 16GB — Preço na Mira,https://preconamira.com.br/produto-corsair-vengeance-cmsx16gx4m1a3200c22-ddr4-16gb-3200mhz,Corsair Vengeance CMSX16GX4M1A3200C22 DDR4 16GB 3200MHz,0,verificado
produto-corsair-vengeance-cmsx32gx5m1a4800c40-ddr5-32gb-4800mhz.html,/produto-corsair-vengeance-cmsx32gx5m1a4800c40-ddr5-32gb-4800mhz,produto,index,Corsair Vengeance CMSX32GX5M1A4800C40 DDR5 32GB — Preço na Mira,https://preconamira.com.br/produto-corsair-vengeance-cmsx32gx5m1a4800c40-ddr5-32gb-4800mhz,Corsair Vengeance CMSX32GX5M1A4800C40 DDR5 32GB 4800MHz,0,verificado
produto-corsair-vengeance-cmsx8gx4m1a3200c22-ddr4-8gb-3200mhz.html,/produto-corsair-vengeance-cmsx8gx4m1a3200c22-ddr4-8gb-3200mhz,produto,index,Corsair Vengeance CMSX8GX4M1A3200C22 DDR4 8GB — Preço na Mira,https://preconamira.com.br/produto-corsair-vengeance-cmsx8gx4m1a3200c22-ddr4-8gb-3200mhz,Corsair Vengeance CMSX8GX4M1A3200C22 DDR4 8GB 3200MHz,0,verificado
produto-corsair-vengeance-rgb-16gb-28.html,/produto-corsair-vengeance-rgb-16gb-28,produto,index,Corsair Vengeance RGB 16GB (2×8) — Preço na Mira,https://preconamira.com.br/produto-corsair-vengeance-rgb-16gb-28,Corsair Vengeance RGB 16GB (2×8),0,verificado
produto-corsair-vengeance-rgb-32gb-216-ddr5-6000.html,/produto-corsair-vengeance-rgb-32gb-216-ddr5-6000,produto,index,Corsair Vengeance RGB 32GB (2×16) DDR5-6000 — Preço na Mira,https://preconamira.com.br/produto-corsair-vengeance-rgb-32gb-216-ddr5-6000,Corsair Vengeance RGB 32GB (2×16) DDR5-6000,0,verificado
produto-crucial-ct8g4sfra32a-ddr4-8gb-3200mhz-so-dimm.html,/produto-crucial-ct8g4sfra32a-ddr4-8gb-3200mhz-so-dimm,produto,index,Crucial CT8G4SFRA32A DDR4 8GB 3200MHz SO-DIMM — Preço na Mira,https://preconamira.com.br/produto-crucial-ct8g4sfra32a-ddr4-8gb-3200mhz-so-dimm,Crucial CT8G4SFRA32A DDR4 8GB 3200MHz SO-DIMM,0,verificado
produto-cuba-de-apoio-deca-slim-l1204017-branca.html,/produto-cuba-de-apoio-deca-slim-l1204017-branca,produto,index,Cuba de Apoio Deca Slim L1204017 Branca — Preço na Mira,https://preconamira.com.br/produto-cuba-de-apoio-deca-slim-l1204017-branca,Cuba de Apoio Deca Slim L1204017 Branca,0,verificado
produto-cuba-de-apoio-retangular-com-mesa-49x38cm-branco-everfort.html,/produto-cuba-de-apoio-retangular-com-mesa-49x38cm-branco-everfort,produto,index,Cuba de Apoio Retangular com Mesa 49x38cm Branco — Preço na Mira,https://preconamira.com.br/produto-cuba-de-apoio-retangular-com-mesa-49x38cm-branco-everfort,Cuba de Apoio Retangular com Mesa 49x38cm Branco Everfort,0,verificado
produto-cuba-de-apoio-retangular-com-mesa-fit-45x38cm-branco-celite.html,/produto-cuba-de-apoio-retangular-com-mesa-fit-45x38cm-branco-celite,produto,index,Cuba de Apoio Retangular com Mesa Fit 45x38cm — Preço na Mira,https://preconamira.com.br/produto-cuba-de-apoio-retangular-com-mesa-fit-45x38cm-branco-celite,Cuba de Apoio Retangular com Mesa Fit 45x38cm Branco Celite,0,verificado
produto-cuba-de-sobrepor-quadrada-deca-40x40cm-branco-slim-l2104017.html,/produto-cuba-de-sobrepor-quadrada-deca-40x40cm-branco-slim-l2104017,produto,index,Cuba de Sobrepor Quadrada Deca 40x40cm Branco — Preço na Mira,https://preconamira.com.br/produto-cuba-de-sobrepor-quadrada-deca-40x40cm-branco-slim-l2104017,Cuba de Sobrepor Quadrada Deca 40x40cm Branco Slim L2104017,0,verificado
produto-cuba-louca-mesa-de-apoio-banheiro-retangular-41cm-lemi-branco-brilhante.html,/produto-cuba-louca-mesa-de-apoio-banheiro-retangular-41cm-lemi-branco-brilhante,produto,index,Cuba Louca Mesa de Apoio Banheiro Retangular — Preço na Mira,https://preconamira.com.br/produto-cuba-louca-mesa-de-apoio-banheiro-retangular-41cm-lemi-branco-brilhante,Cuba Louca Mesa de Apoio Banheiro Retangular 41cm Lemi Branco Brilhante,0,verificado
produto-cuba-para-banheiro-louca-60x35cm-pia-sobrepor-lavabo-lemi-branco-brilhante.html,/produto-cuba-para-banheiro-louca-60x35cm-pia-sobrepor-lavabo-lemi-branco-brilhante,produto,index,Cuba para Banheiro Louca 60x35cm Pia Sobrepor — Preço na Mira,https://preconamira.com.br/produto-cuba-para-banheiro-louca-60x35cm-pia-sobrepor-lavabo-lemi-branco-brilhante,Cuba para Banheiro Louca 60x35cm Pia Sobrepor Lavabo Lemi Branco Brilhante,0,verificado
produto-cuba-sobrepor-louca-oval-branca-28cm-lemi-banheiro-branco-brilhante.html,/produto-cuba-sobrepor-louca-oval-branca-28cm-lemi-banheiro-branco-brilhante,produto,index,Cuba Sobrepor Louca Oval Branca 28cm Lemi — Preço na Mira,https://preconamira.com.br/produto-cuba-sobrepor-louca-oval-branca-28cm-lemi-banheiro-branco-brilhante,Cuba Sobrepor Louca Oval Branca 28cm Lemi Banheiro Branco Brilhante,0,verificado
produto-cuba-sobrepor-oval-lemi-465cm-louca-banheiro-branco-brilhante.html,/produto-cuba-sobrepor-oval-lemi-465cm-louca-banheiro-branco-brilhante,produto,index,Cuba Sobrepor Oval Lemi 465cm Louca Banheiro — Preço na Mira,https://preconamira.com.br/produto-cuba-sobrepor-oval-lemi-465cm-louca-banheiro-branco-brilhante,Cuba Sobrepor Oval Lemi 465cm Louca Banheiro Branco Brilhante,0,verificado
produto-dako-magister-4-bocas-glass.html,/produto-dako-magister-4-bocas-glass,produto,index,Dako Magister 4 Bocas com Mesa de Vidro — Preço na Mira,https://preconamira.com.br/produto-dako-magister-4-bocas-glass,Dako Magister 4 Bocas com Mesa de Vidro,0,verificado
produto-dako-supreme-4-bocas-inox.html,/produto-dako-supreme-4-bocas-inox,produto,index,Dako Supreme 4 Bocas com Mesa Inox — Preço na Mira,https://preconamira.com.br/produto-dako-supreme-4-bocas-inox,Dako Supreme 4 Bocas com Mesa Inox,0,verificado
produto-dako-supreme-glass-5-bocas.html,/produto-dako-supreme-glass-5-bocas,produto,index,Dako Supreme Glass 5 Bocas Preto — Preço na Mira,https://preconamira.com.br/produto-dako-supreme-glass-5-bocas,Dako Supreme Glass 5 Bocas Preto,0,verificado
produto-dell-xps13-intel-ultra7.html,/produto-dell-xps13-intel-ultra7,produto,index,Dell XPS 13 Intel Core Ultra 7 — Preço na Mira,https://preconamira.com.br/produto-dell-xps13-intel-ultra7,Dell XPS 13 Intel Core Ultra 7,0,verificado
produto-dell-xps13-snapdragon-x-elite.html,/produto-dell-xps13-snapdragon-x-elite,produto,index,Dell XPS 13 Snapdragon X Elite — Preço na Mira,https://preconamira.com.br/produto-dell-xps13-snapdragon-x-elite,Dell XPS 13 Snapdragon X Elite,0,verificado
produto-delonghi-la-specialista-arte-evo-ec9255m.html,/produto-delonghi-la-specialista-arte-evo-ec9255m,produto,index,De’Longhi La Specialista Arte Evo EC9255M — Preço na Mira,https://preconamira.com.br/produto-delonghi-la-specialista-arte-evo-ec9255m,De’Longhi La Specialista Arte Evo EC9255M,0,verificado
produto-disjuntor-bipolar-32-amperes-weg-curva-c-mdwp-c322-5ka.html,/produto-disjuntor-bipolar-32-amperes-weg-curva-c-mdwp-c322-5ka,produto,index,Disjuntor Bipolar 32 Amperes WEG Curva C Mdwp — Preço na Mira,https://preconamira.com.br/produto-disjuntor-bipolar-32-amperes-weg-curva-c-mdwp-c322-5ka,Disjuntor Bipolar 32 Amperes WEG Curva C Mdwp C322 5KA,0,verificado
produto-disjuntor-bipolar-40a-220380v-3ka-curva-c-sdd62c40-steck.html,/produto-disjuntor-bipolar-40a-220380v-3ka-curva-c-sdd62c40-steck,produto,index,Disjuntor Bipolar 40A 220380V 3KA Curva C — Preço na Mira,https://preconamira.com.br/produto-disjuntor-bipolar-40a-220380v-3ka-curva-c-sdd62c40-steck,Disjuntor Bipolar 40A 220380V 3KA Curva C SDD62C40 Steck,0,verificado
produto-disjuntor-bipolar-bifasico-10a-16a-20-25a-32-40a-50a-63a-weg.html,/produto-disjuntor-bipolar-bifasico-10a-16a-20-25a-32-40a-50a-63a-weg,produto,index,Disjuntor Bipolar Bifasico 10A 16A 20 25A 32 40A — Preço na Mira,https://preconamira.com.br/produto-disjuntor-bipolar-bifasico-10a-16a-20-25a-32-40a-50a-63a-weg,Disjuntor Bipolar Bifasico 10A 16A 20 25A 32 40A 50A 63A WEG,0,verificado
produto-disjuntor-bipolar-steck-serie-6ka-curva-c-63a-sdzd62c63.html,/produto-disjuntor-bipolar-steck-serie-6ka-curva-c-63a-sdzd62c63,produto,index,Disjuntor Bipolar Steck Serie 6KA Curva C 63A — Preço na Mira,https://preconamira.com.br/produto-disjuntor-bipolar-steck-serie-6ka-curva-c-63a-sdzd62c63,Disjuntor Bipolar Steck Serie 6KA Curva C 63A SDZD62C63,0,verificado
produto-disjuntor-tripolar-10-16-20-25-32-40-50-63-curva-c-weg.html,/produto-disjuntor-tripolar-10-16-20-25-32-40-50-63-curva-c-weg,produto,index,Disjuntor Tripolar 10 16 20 25 32 40 50 63 Curva — Preço na Mira,https://preconamira.com.br/produto-disjuntor-tripolar-10-16-20-25-32-40-50-63-curva-c-weg,Disjuntor Tripolar 10 16 20 25 32 40 50 63 Curva C WEG,0,verificado
produto-disjuntor-unipolar-10-16-20-25-32-40-50-63a-curva-c-weg.html,/produto-disjuntor-unipolar-10-16-20-25-32-40-50-63a-curva-c-weg,produto,index,Disjuntor Unipolar 10 16 20 25 32 40 50 63A — Preço na Mira,https://preconamira.com.br/produto-disjuntor-unipolar-10-16-20-25-32-40-50-63a-curva-c-weg,Disjuntor Unipolar 10 16 20 25 32 40 50 63A Curva C WEG,0,verificado
produto-ducha-advanced-multitemperaturas-7500w-220v-lorenzetti.html,/produto-ducha-advanced-multitemperaturas-7500w-220v-lorenzetti,produto,index,Ducha Advanced Multitemperaturas 7500W 220V — Preço na Mira,https://preconamira.com.br/produto-ducha-advanced-multitemperaturas-7500w-220v-lorenzetti,Ducha Advanced Multitemperaturas 7500W 220V Lorenzetti,0,verificado
produto-ducha-advanced-multitemperaturas-lorenzetti-acabamento-brilhante-cor-127v-5500w.html,/produto-ducha-advanced-multitemperaturas-lorenzetti-acabamento-brilhante-cor-127v-5500w,produto,index,Ducha Advanced Multitemperaturas Lorenzetti — Preço na Mira,https://preconamira.com.br/produto-ducha-advanced-multitemperaturas-lorenzetti-acabamento-brilhante-cor-127v-5500w,Ducha Advanced Multitemperaturas Lorenzetti Acabamento Brilhante Cor 127V 5500W,0,verificado
produto-ducha-autolimpante-p-aquecimento-a-gassolar.html,/produto-ducha-autolimpante-p-aquecimento-a-gassolar,produto,index,Ducha Autolimpante P Aquecimento A Gassolar — Preço na Mira,https://preconamira.com.br/produto-ducha-autolimpante-p-aquecimento-a-gassolar,Ducha Autolimpante P Aquecimento A Gassolar,0,verificado
produto-ducha-chuveiro-duo-shower-lorenzetti-multitemperatura.html,/produto-ducha-chuveiro-duo-shower-lorenzetti-multitemperatura,produto,index,Ducha Chuveiro Duo Shower Lorenzetti — Preço na Mira,https://preconamira.com.br/produto-ducha-chuveiro-duo-shower-lorenzetti-multitemperatura,Ducha Chuveiro Duo Shower Lorenzetti Multitemperatura,0,verificado
produto-ducha-chuveiro-eletronico-intense-fame-preto-black-127-220v.html,/produto-ducha-chuveiro-eletronico-intense-fame-preto-black-127-220v,produto,index,Ducha Chuveiro Eletronico Intense Fame Preto — Preço na Mira,https://preconamira.com.br/produto-ducha-chuveiro-eletronico-intense-fame-preto-black-127-220v,Ducha Chuveiro Eletronico Intense Fame Preto Black 127/220V,0,verificado
produto-ducha-higienica-dourada-banheiro-yesop-acabamento-brilhante-cor-dourado.html,/produto-ducha-higienica-dourada-banheiro-yesop-acabamento-brilhante-cor-dourado,produto,index,Ducha Higienica Dourada Banheiro Yesop — Preço na Mira,https://preconamira.com.br/produto-ducha-higienica-dourada-banheiro-yesop-acabamento-brilhante-cor-dourado,Ducha Higienica Dourada Banheiro Yesop Acabamento Brilhante Cor Dourado,0,verificado
produto-ducha-slim-quadrada-25x25cm-dourado-brilhante.html,/produto-ducha-slim-quadrada-25x25cm-dourado-brilhante,produto,index,Ducha Slim Quadrada 25x25cm Dourado Brilhante — Preço na Mira,https://preconamira.com.br/produto-ducha-slim-quadrada-25x25cm-dourado-brilhante,Ducha Slim Quadrada 25x25cm Dourado Brilhante,0,verificado
produto-ekaza-smart-plug-10a.html,/produto-ekaza-smart-plug-10a,produto,index,Ekaza Smart Plug Wi‑Fi 10A com Medidor de — Preço na Mira,https://preconamira.com.br/produto-ekaza-smart-plug-10a,Ekaza Smart Plug Wi‑Fi 10A com Medidor de Consumo,0,verificado
produto-ekaza-switch-2-plus-plug.html,/produto-ekaza-switch-2-plus-plug,produto,index,Ekaza Interruptor Wi‑Fi 2 Teclas Touch + Tomada — Preço na Mira,https://preconamira.com.br/produto-ekaza-switch-2-plus-plug,Ekaza Interruptor Wi‑Fi 2 Teclas Touch + Tomada,0,verificado
produto-electrolux-air-fryer-family-efficient-eaf51-5l-1700w.html,/produto-electrolux-air-fryer-family-efficient-eaf51-5l-1700w,produto,index,Electrolux Air Fryer Family Efficient EAF51 5L — Preço na Mira,https://preconamira.com.br/produto-electrolux-air-fryer-family-efficient-eaf51-5l-1700w,Electrolux Air Fryer Family Efficient EAF51 5L 1700W,0,verificado
produto-electrolux-air-fryer-oven-eaf90-12l-1700w.html,/produto-electrolux-air-fryer-oven-eaf90-12l-1700w,produto,index,Electrolux Air Fryer Oven EAF90 12L 1700W — Preço na Mira,https://preconamira.com.br/produto-electrolux-air-fryer-oven-eaf90-12l-1700w,Electrolux Air Fryer Oven EAF90 12L 1700W,0,verificado
produto-electrolux-ecm10-cafeteira-eletrica-600ml.html,/produto-electrolux-ecm10-cafeteira-eletrica-600ml,produto,index,Electrolux ECM10 Cafeteira Elétrica 600ml — Preço na Mira,https://preconamira.com.br/produto-electrolux-ecm10-cafeteira-eletrica-600ml,Electrolux ECM10 Cafeteira Elétrica 600ml,0,verificado
produto-electrolux-erc10-panela-de-arroz-2l.html,/produto-electrolux-erc10-panela-de-arroz-2l,produto,index,Electrolux ERC10 Panela de Arroz 2L — Preço na Mira,https://preconamira.com.br/produto-electrolux-erc10-panela-de-arroz-2l,Electrolux ERC10 Panela de Arroz 2L,0,verificado
produto-electrolux-grand-air-fryer-eaf30-4l-1400w.html,/produto-electrolux-grand-air-fryer-eaf30-4l-1400w,produto,index,Electrolux Grand Air Fryer EAF30 4L 1400W — Preço na Mira,https://preconamira.com.br/produto-electrolux-grand-air-fryer-eaf30-4l-1400w,Electrolux Grand Air Fryer EAF30 4L 1400W,0,verificado
produto-electrolux-ie3lp-cooktop-de-inducao-2-bocas-powerboost.html,/produto-electrolux-ie3lp-cooktop-de-inducao-2-bocas-powerboost,produto,index,Electrolux IE3LP Cooktop de Indução 2 Bocas — Preço na Mira,https://preconamira.com.br/produto-electrolux-ie3lp-cooktop-de-inducao-2-bocas-powerboost,Electrolux IE3LP Cooktop de Indução 2 Bocas PowerBoost,0,verificado
produto-electrolux-ie60p-cooktop-de-inducao-4-bocas-unicook.html,/produto-electrolux-ie60p-cooktop-de-inducao-4-bocas-unicook,produto,index,Electrolux IE60P Cooktop de Indução 4 Bocas — Preço na Mira,https://preconamira.com.br/produto-electrolux-ie60p-cooktop-de-inducao-4-bocas-unicook,Electrolux IE60P Cooktop de Indução 4 Bocas UniCook,0,verificado
produto-electrolux-ie80p-expert-cooktop-de-inducao-4-bocas.html,/produto-electrolux-ie80p-expert-cooktop-de-inducao-4-bocas,produto,index,Electrolux IE80P Expert Cooktop de Indução 4 — Preço na Mira,https://preconamira.com.br/produto-electrolux-ie80p-expert-cooktop-de-inducao-4-bocas,Electrolux IE80P Expert Cooktop de Indução 4 Bocas,0,verificado
produto-electrolux-im7-french-door-480l-branca.html,/produto-electrolux-im7-french-door-480l-branca,produto,index,Geladeira Electrolux IM7 French Door 480 L — Preço na Mira,https://preconamira.com.br/produto-electrolux-im7-french-door-480l-branca,Geladeira Electrolux IM7 French Door 480 L,0,verificado
produto-electrolux-led15-15kg-essential-care.html,/produto-electrolux-led15-15kg-essential-care,produto,index,Máquina de Lavar Electrolux LED15 Essential Care — Preço na Mira,https://preconamira.com.br/produto-electrolux-led15-15kg-essential-care,Máquina de Lavar Electrolux LED15 Essential Care 15 kg,0,verificado
produto-electrolux-meo44-micro-ondas-34l-branco.html,/produto-electrolux-meo44-micro-ondas-34l-branco,produto,index,Electrolux MEO44 Micro-ondas 34L Branco — Preço na Mira,https://preconamira.com.br/produto-electrolux-meo44-micro-ondas-34l-branco,Electrolux MEO44 Micro-ondas 34L Branco,0,verificado
produto-electrolux-mto30-micro-ondas-20l-branco.html,/produto-electrolux-mto30-micro-ondas-20l-branco,produto,index,Electrolux MTO30 Micro-ondas 20L Branco — Preço na Mira,https://preconamira.com.br/produto-electrolux-mto30-micro-ondas-20l-branco,Electrolux MTO30 Micro-ondas 20L Branco,0,verificado
produto-electrolux-pc01b-purificador-com-compressor-branco.html,/produto-electrolux-pc01b-purificador-com-compressor-branco,produto,index,Electrolux PC01B Purificador com Compressor — Preço na Mira,https://preconamira.com.br/produto-electrolux-pc01b-purificador-com-compressor-branco,Electrolux PC01B Purificador com Compressor Branco,0,verificado
produto-electrolux-pcc15-panela-de-pressao-eletrica-5l-1000w.html,/produto-electrolux-pcc15-panela-de-pressao-eletrica-5l-1000w,produto,index,Electrolux PCC15 Panela de Pressão Elétrica 5L — Preço na Mira,https://preconamira.com.br/produto-electrolux-pcc15-panela-de-pressao-eletrica-5l-1000w,Electrolux PCC15 Panela de Pressão Elétrica 5L 1000W,0,verificado
produto-electrolux-pe12g-purificador-eletronico-touch-cinza.html,/produto-electrolux-pe12g-purificador-eletronico-touch-cinza,produto,index,Electrolux PE12G Purificador Eletrônico Touch — Preço na Mira,https://preconamira.com.br/produto-electrolux-pe12g-purificador-eletronico-touch-cinza,Electrolux PE12G Purificador Eletrônico Touch Cinza,0,verificado
produto-electrolux-pro-series-mv43t-micro-ondas-de-embutir-34l.html,/produto-electrolux-pro-series-mv43t-micro-ondas-de-embutir-34l,produto,index,Electrolux Pro Series MV43T Micro-ondas de — Preço na Mira,https://preconamira.com.br/produto-electrolux-pro-series-mv43t-micro-ondas-de-embutir-34l,Electrolux Pro Series MV43T Micro-ondas de Embutir 34L,0,verificado
produto-electrolux-purificador-de-agua-touch-branco.html,/produto-electrolux-purificador-de-agua-touch-branco,produto,index,Electrolux Purificador de Água Touch Branco — Preço na Mira,https://preconamira.com.br/produto-electrolux-purificador-de-agua-touch-branco,Electrolux Purificador de Água Touch Branco,0,verificado
produto-electrolux-tf70s-autosense-431l.html,/produto-electrolux-tf70s-autosense-431l,produto,index,Geladeira Electrolux TF70S AutoSense 431 L — Preço na Mira,https://preconamira.com.br/produto-electrolux-tf70s-autosense-431l,Geladeira Electrolux TF70S AutoSense 431 L,0,verificado
produto-elgin-smart-lamp-20w.html,/produto-elgin-smart-lamp-20w,produto,index,Elgin Lâmpada Smart Color RGB Wi‑Fi 20W — Preço na Mira,https://preconamira.com.br/produto-elgin-smart-lamp-20w,Elgin Lâmpada Smart Color RGB Wi‑Fi 20W,0,verificado
produto-elgin-smart-lamp-30w.html,/produto-elgin-smart-lamp-30w,produto,index,Elgin Lâmpada Smart LED RGB Wi‑Fi 30W — Preço na Mira,https://preconamira.com.br/produto-elgin-smart-lamp-30w,Elgin Lâmpada Smart LED RGB Wi‑Fi 30W,0,verificado
produto-epson-ef21.html,/produto-epson-ef21,produto,index,Epson EpiqVision EF21 — Preço na Mira,https://preconamira.com.br/produto-epson-ef21,Epson EpiqVision EF21,0,verificado
produto-epson-ef30.html,/produto-epson-ef30,produto,index,Epson Smart EF‑30 — Preço na Mira,https://preconamira.com.br/produto-epson-ef30,Epson Smart EF‑30,0,verificado
produto-epson-home-cinema-5050ub.html,/produto-epson-home-cinema-5050ub,produto,index,Epson Home Cinema 5050UB — Preço na Mira,https://preconamira.com.br/produto-epson-home-cinema-5050ub,Epson Home Cinema 5050UB,0,verificado
produto-espuma-de-poliuretano-tytan-pro-30-antichama-500-ml-1-unidade.html,/produto-espuma-de-poliuretano-tytan-pro-30-antichama-500-ml-1-unidade,produto,index,Espuma de Poliuretano Tytan Pro 30 Antichama 500 — Preço na Mira,https://preconamira.com.br/produto-espuma-de-poliuretano-tytan-pro-30-antichama-500-ml-1-unidade,Espuma de Poliuretano Tytan Pro 30 Antichama 500 Ml 1 Unidade,0,verificado
produto-espuma-expansiva-tekbond-500-ml-para-portas-e-janelas.html,/produto-espuma-expansiva-tekbond-500-ml-para-portas-e-janelas,produto,index,Espuma Expansiva Tekbond 500 Ml para Portas e — Preço na Mira,https://preconamira.com.br/produto-espuma-expansiva-tekbond-500-ml-para-portas-e-janelas,Espuma Expansiva Tekbond 500 Ml para Portas e Janelas,0,verificado
produto-espuma-tytan-portas-janelas-aplicador-limpador-1-unidade.html,/produto-espuma-tytan-portas-janelas-aplicador-limpador-1-unidade,produto,index,Espuma Tytan Portas Janelas Aplicador Limpador 1 — Preço na Mira,https://preconamira.com.br/produto-espuma-tytan-portas-janelas-aplicador-limpador-1-unidade,Espuma Tytan Portas Janelas Aplicador Limpador 1 Unidade,0,verificado
produto-ezviz-h8c-1080p.html,/produto-ezviz-h8c-1080p,produto,index,EZVIZ H8c 1080p Pan/Tilt — Preço na Mira,https://preconamira.com.br/produto-ezviz-h8c-1080p,EZVIZ H8c 1080p Pan/Tilt,0,verificado
produto-ezviz-h8c-pro-2k-3mp.html,/produto-ezviz-h8c-pro-2k-3mp,produto,index,EZVIZ H8c Pro 2K 3MP Pan/Tilt — Preço na Mira,https://preconamira.com.br/produto-ezviz-h8c-pro-2k-3mp,EZVIZ H8c Pro 2K 3MP Pan/Tilt,0,verificado
produto-fechadura-de-porta-banheiro-cromada-55mm-carrara-abnt.html,/produto-fechadura-de-porta-banheiro-cromada-55mm-carrara-abnt,produto,index,Fechadura de Porta Banheiro Cromada 55mm Carrara — Preço na Mira,https://preconamira.com.br/produto-fechadura-de-porta-banheiro-cromada-55mm-carrara-abnt,Fechadura de Porta Banheiro Cromada 55mm Carrara ABNT,0,verificado
produto-fechadura-externa-pado-sara-55mm-roseta-quadrada-cromada-cor-cromado.html,/produto-fechadura-externa-pado-sara-55mm-roseta-quadrada-cromada-cor-cromado,produto,index,Fechadura Externa Pado Sara 55mm Roseta Quadrada — Preço na Mira,https://preconamira.com.br/produto-fechadura-externa-pado-sara-55mm-roseta-quadrada-cromada-cor-cromado,Fechadura Externa Pado Sara 55mm Roseta Quadrada Cromada Cor Cromado,0,verificado
produto-fechadura-externa-roseta-quadrada-cromada-karli-55mm-pado.html,/produto-fechadura-externa-roseta-quadrada-cromada-karli-55mm-pado,produto,index,Fechadura Externa Roseta Quadrada Cromada Karli — Preço na Mira,https://preconamira.com.br/produto-fechadura-externa-roseta-quadrada-cromada-karli-55mm-pado,Fechadura Externa Roseta Quadrada Cromada Karli 55mm Pado,0,verificado
produto-fechadura-interna-pado-karli-roseta-quadrada-cromada-55mm.html,/produto-fechadura-interna-pado-karli-roseta-quadrada-cromada-55mm,produto,index,Fechadura Interna Pado Karli Roseta Quadrada — Preço na Mira,https://preconamira.com.br/produto-fechadura-interna-pado-karli-roseta-quadrada-cromada-55mm,Fechadura Interna Pado Karli Roseta Quadrada Cromada 55mm,0,verificado
produto-fechadura-luxo-espelho-inox-porta-casa-externa-sala-cozinha.html,/produto-fechadura-luxo-espelho-inox-porta-casa-externa-sala-cozinha,produto,index,Fechadura Luxo Espelho INOX Porta Casa Externa — Preço na Mira,https://preconamira.com.br/produto-fechadura-luxo-espelho-inox-porta-casa-externa-sala-cozinha,Fechadura Luxo Espelho INOX Porta Casa Externa Sala Cozinha,0,verificado
produto-fechadura-pado-externa-55mm-acqua-star-cromado-alto-padrao-cor-cromada.html,/produto-fechadura-pado-externa-55mm-acqua-star-cromado-alto-padrao-cor-cromada,produto,index,Fechadura Pado Externa 55mm Acqua Star Cromado — Preço na Mira,https://preconamira.com.br/produto-fechadura-pado-externa-55mm-acqua-star-cromado-alto-padrao-cor-cromada,Fechadura Pado Externa 55mm Acqua Star Cromado Alto Padrao Cor Cromada,0,verificado
produto-fechadura-porta-externa-80335-escovado-roseta-aco-inox-stam.html,/produto-fechadura-porta-externa-80335-escovado-roseta-aco-inox-stam,produto,index,Fechadura Porta Externa 80335 Escovado Roseta — Preço na Mira,https://preconamira.com.br/produto-fechadura-porta-externa-80335-escovado-roseta-aco-inox-stam,Fechadura Porta Externa 80335 Escovado Roseta Aco INOX Stam,0,verificado
produto-fischer-cooktop-de-inducao-1-boca-portatil-touch.html,/produto-fischer-cooktop-de-inducao-1-boca-portatil-touch,produto,index,Fischer Cooktop de Indução 1 Boca Portátil Touch — Preço na Mira,https://preconamira.com.br/produto-fischer-cooktop-de-inducao-1-boca-portatil-touch,Fischer Cooktop de Indução 1 Boca Portátil Touch,0,verificado
produto-fischer-cooktop-de-inducao-2-bocas-vitroceramica.html,/produto-fischer-cooktop-de-inducao-2-bocas-vitroceramica,produto,index,Fischer Cooktop de Indução 2 Bocas Vitrocerâmica — Preço na Mira,https://preconamira.com.br/produto-fischer-cooktop-de-inducao-2-bocas-vitroceramica,Fischer Cooktop de Indução 2 Bocas Vitrocerâmica,0,verificado
produto-fischer-cooktop-de-inducao-4-bocas-vitroceramica.html,/produto-fischer-cooktop-de-inducao-4-bocas-vitroceramica,produto,index,Fischer Cooktop de Indução 4 Bocas Vitrocerâmica — Preço na Mira,https://preconamira.com.br/produto-fischer-cooktop-de-inducao-4-bocas-vitroceramica,Fischer Cooktop de Indução 4 Bocas Vitrocerâmica,0,verificado
produto-fischer-gourmet-grill-forno-eletrico-44l-branco.html,/produto-fischer-gourmet-grill-forno-eletrico-44l-branco,produto,index,Fischer Gourmet Grill Forno Elétrico 44L Branco — Preço na Mira,https://preconamira.com.br/produto-fischer-gourmet-grill-forno-eletrico-44l-branco,Fischer Gourmet Grill Forno Elétrico 44L Branco,0,verificado
produto-fischer-infinity-forno-de-embutir-50l-com-air-fryer.html,/produto-fischer-infinity-forno-de-embutir-50l-com-air-fryer,produto,index,Fischer Infinity Forno de Embutir 50L com Air — Preço na Mira,https://preconamira.com.br/produto-fischer-infinity-forno-de-embutir-50l-com-air-fryer,Fischer Infinity Forno de Embutir 50L com Air Fryer,0,verificado
produto-fita-manta-asfaltica-aluminizada-vedatudo-15cmx10m-dryko.html,/produto-fita-manta-asfaltica-aluminizada-vedatudo-15cmx10m-dryko,produto,index,Fita Manta Asfaltica Aluminizada Vedatudo — Preço na Mira,https://preconamira.com.br/produto-fita-manta-asfaltica-aluminizada-vedatudo-15cmx10m-dryko,Fita Manta Asfaltica Aluminizada Vedatudo 15CMx10M Dryko,0,verificado
produto-furadeira-parafusadeira-bosch-gsr-120li-12v-2-baterias-68.html,/produto-furadeira-parafusadeira-bosch-gsr-120li-12v-2-baterias-68,produto,index,Furadeira Parafusadeira Bosch Gsr 120LI 12V 2 — Preço na Mira,https://preconamira.com.br/produto-furadeira-parafusadeira-bosch-gsr-120li-12v-2-baterias-68,Furadeira Parafusadeira Bosch Gsr 120LI 12V 2 Baterias 68,0,verificado
produto-furadeira-parafusadeira-de-impacto-2-baterias-21v-46-pecas.html,/produto-furadeira-parafusadeira-de-impacto-2-baterias-21v-46-pecas,produto,index,Furadeira Parafusadeira de Impacto 2 Baterias — Preço na Mira,https://preconamira.com.br/produto-furadeira-parafusadeira-de-impacto-2-baterias-21v-46-pecas,Furadeira Parafusadeira de Impacto 2 Baterias 21V 46 Pecas,0,verificado
produto-geonav-power-bank-10000mah-20w.html,/produto-geonav-power-bank-10000mah-20w,produto,index,Geonav Power Bank 10000mAh 20W — Preço na Mira,https://preconamira.com.br/produto-geonav-power-bank-10000mah-20w,Geonav Power Bank 10000mAh 20W,0,verificado
produto-geonav-power-bank-5000mah-15w.html,/produto-geonav-power-bank-5000mah-15w,produto,index,Geonav Power Bank 5000mAh 15W — Preço na Mira,https://preconamira.com.br/produto-geonav-power-bank-5000mah-15w,Geonav Power Bank 5000mAh 15W,0,verificado
produto-geonav-power-bank-para-notebook-20000mah-65w.html,/produto-geonav-power-bank-para-notebook-20000mah-65w,produto,index,Geonav Power Bank para Notebook 20000mAh 65W — Preço na Mira,https://preconamira.com.br/produto-geonav-power-bank-para-notebook-20000mah-65w,Geonav Power Bank para Notebook 20000mAh 65W,0,verificado
produto-gigabyte-b850m-gaming-x-wifi6e.html,/produto-gigabyte-b850m-gaming-x-wifi6e,produto,index,Gigabyte B850M Gaming X WiFi6E — Preço na Mira,https://preconamira.com.br/produto-gigabyte-b850m-gaming-x-wifi6e,Gigabyte B850M Gaming X WiFi6E,0,verificado
produto-gigabyte-geforce-rtx-5070-aero-oc-12gb.html,/produto-gigabyte-geforce-rtx-5070-aero-oc-12gb,produto,index,Gigabyte GeForce RTX 5070 AERO OC 12GB — Preço na Mira,https://preconamira.com.br/produto-gigabyte-geforce-rtx-5070-aero-oc-12gb,Gigabyte GeForce RTX 5070 AERO OC 12GB,0,verificado
produto-gigabyte-radeon-rx-9070-xt-gaming-oc-16gb.html,/produto-gigabyte-radeon-rx-9070-xt-gaming-oc-16gb,produto,index,Gigabyte Radeon RX 9070 XT Gaming OC 16GB — Preço na Mira,https://preconamira.com.br/produto-gigabyte-radeon-rx-9070-xt-gaming-oc-16gb,Gigabyte Radeon RX 9070 XT Gaming OC 16GB,0,verificado
produto-gigabyte-z890-ud-wifi6e.html,/produto-gigabyte-z890-ud-wifi6e,produto,index,Gigabyte Z890 UD WiFi6E — Preço na Mira,https://preconamira.com.br/produto-gigabyte-z890-ud-wifi6e,Gigabyte Z890 UD WiFi6E,0,verificado
produto-greenpan-rio-advanced-12p.html,/produto-greenpan-rio-advanced-12p,produto,index,GreenPan Rio Advanced Jogo de Panelas 12 Peças — Preço na Mira,https://preconamira.com.br/produto-greenpan-rio-advanced-12p,GreenPan Rio Advanced Jogo de Panelas 12 Peças,0,verificado
produto-hercules-classique-101p.html,/produto-hercules-classique-101p,produto,index,Hercules Inox Classique Faqueiro 101 Peças com — Preço na Mira,https://preconamira.com.br/produto-hercules-classique-101p,Hercules Inox Classique Faqueiro 101 Peças com Estojo de Madeira,0,verificado
produto-hl-luminaria-de-parede-led-para-espelho-de-banheiro.html,/produto-hl-luminaria-de-parede-led-para-espelho-de-banheiro,produto,index,Hl Luminaria de Parede LED para Espelho de — Preço na Mira,https://preconamira.com.br/produto-hl-luminaria-de-parede-led-para-espelho-de-banheiro,Hl Luminaria de Parede LED para Espelho de Banheiro,0,verificado
produto-huawei-ws8100-mesh-3.html,/produto-huawei-ws8100-mesh-3,produto,index,Huawei WiFi Mesh 3 WS8100 AX3000 — Preço na Mira,https://preconamira.com.br/produto-huawei-ws8100-mesh-3,Huawei WiFi Mesh 3 WS8100 AX3000,0,verificado
produto-hyperx-alloy-origins-core-rgb-blue-abnt2.html,/produto-hyperx-alloy-origins-core-rgb-blue-abnt2,produto,index,HyperX Alloy Origins Core RGB Blue ABNT2 — Preço na Mira,https://preconamira.com.br/produto-hyperx-alloy-origins-core-rgb-blue-abnt2,HyperX Alloy Origins Core RGB Blue ABNT2,0,verificado
produto-hyperx-pulsefire-haste-2-pro.html,/produto-hyperx-pulsefire-haste-2-pro,produto,index,HyperX Pulsefire Haste 2 Pro — Preço na Mira,https://preconamira.com.br/produto-hyperx-pulsefire-haste-2-pro,HyperX Pulsefire Haste 2 Pro,0,verificado
produto-hyperx-pulsefire-haste-2.html,/produto-hyperx-pulsefire-haste-2,produto,index,HyperX Pulsefire Haste 2 — Preço na Mira,https://preconamira.com.br/produto-hyperx-pulsefire-haste-2,HyperX Pulsefire Haste 2,0,verificado
produto-hyperx-pulsefire-saga.html,/produto-hyperx-pulsefire-saga,produto,index,HyperX Pulsefire Saga — Preço na Mira,https://preconamira.com.br/produto-hyperx-pulsefire-saga,HyperX Pulsefire Saga,0,verificado
produto-ibbl-due-electronic-full-range-purificador-de-agua-branco.html,/produto-ibbl-due-electronic-full-range-purificador-de-agua-branco,produto,index,IBBL Due Electronic Full Range Purificador de — Preço na Mira,https://preconamira.com.br/produto-ibbl-due-electronic-full-range-purificador-de-agua-branco,IBBL Due Electronic Full Range Purificador de Água Branco,0,verificado
produto-impermeabilizante-aditivo-plastificante-quartzolit-36l-marrom-claro-argamassa.html,/produto-impermeabilizante-aditivo-plastificante-quartzolit-36l-marrom-claro-argamassa,produto,index,Impermeabilizante Aditivo Plastificante — Preço na Mira,https://preconamira.com.br/produto-impermeabilizante-aditivo-plastificante-quartzolit-36l-marrom-claro-argamassa,Impermeabilizante Aditivo Plastificante Quartzolit 36L Marrom Claro Argamassa,0,verificado
produto-impermeabilizante-vedacit-bianco-aditivo-branco-fosco-36l-argamassa-concreto.html,/produto-impermeabilizante-vedacit-bianco-aditivo-branco-fosco-36l-argamassa-concreto,produto,index,Impermeabilizante Vedacit Bianco Aditivo Branco — Preço na Mira,https://preconamira.com.br/produto-impermeabilizante-vedacit-bianco-aditivo-branco-fosco-36l-argamassa-concreto,Impermeabilizante Vedacit Bianco Aditivo Branco Fosco 36L Argamassa Concreto,0,verificado
produto-intel-core-ultra-5-250k-plus.html,/produto-intel-core-ultra-5-250k-plus,produto,index,Intel Core Ultra 5 250K Plus — Preço na Mira,https://preconamira.com.br/produto-intel-core-ultra-5-250k-plus,Intel Core Ultra 5 250K Plus,0,verificado
produto-intel-core-ultra-7-270k-plus.html,/produto-intel-core-ultra-7-270k-plus,produto,index,Intel Core Ultra 7 270K Plus — Preço na Mira,https://preconamira.com.br/produto-intel-core-ultra-7-270k-plus,Intel Core Ultra 7 270K Plus,0,verificado
produto-intel-core-ultra-9-285k.html,/produto-intel-core-ultra-9-285k,produto,index,Intel Core Ultra 9 285K — Preço na Mira,https://preconamira.com.br/produto-intel-core-ultra-9-285k,Intel Core Ultra 9 285K,0,verificado
produto-intelbras-ets-1002.html,/produto-intelbras-ets-1002,produto,index,Intelbras ETS 1002 Tomada Dupla Inteligente — Preço na Mira,https://preconamira.com.br/produto-intelbras-ets-1002,Intelbras ETS 1002 Tomada Dupla Inteligente,0,verificado
produto-intelbras-ex1500.html,/produto-intelbras-ex1500,produto,index,Intelbras EX 1500 Extensor Mesh Wi‑Fi 6 — Preço na Mira,https://preconamira.com.br/produto-intelbras-ex1500,Intelbras EX 1500 Extensor Mesh Wi‑Fi 6,0,verificado
produto-intelbras-im5-sc.html,/produto-intelbras-im5-sc,produto,index,Intelbras iM5 SC Câmera Wi‑Fi Full HD — Preço na Mira,https://preconamira.com.br/produto-intelbras-im5-sc,Intelbras iM5 SC Câmera Wi‑Fi Full HD,0,verificado
produto-intelbras-mfr-4000.html,/produto-intelbras-mfr-4000,produto,index,Intelbras MFR 4000 Fechadura Digital para Porta — Preço na Mira,https://preconamira.com.br/produto-intelbras-mfr-4000,Intelbras MFR 4000 Fechadura Digital para Porta de Vidro,0,verificado
produto-intelbras-mfr-7000.html,/produto-intelbras-mfr-7000,produto,index,Intelbras MFR 7000 Fechadura Digital de Embutir — Preço na Mira,https://preconamira.com.br/produto-intelbras-mfr-7000,Intelbras MFR 7000 Fechadura Digital de Embutir com Maçaneta,0,verificado
produto-intelbras-mis-1002.html,/produto-intelbras-mis-1002,produto,index,Intelbras MIS 1002 Interruptor Inteligente Touch — Preço na Mira,https://preconamira.com.br/produto-intelbras-mis-1002,Intelbras MIS 1002 Interruptor Inteligente Touch Wi‑Fi 2 Teclas,0,verificado
produto-intelbras-mvw-7070.html,/produto-intelbras-mvw-7070,produto,index,Intelbras MVW 7070 Vídeo Porteiro IP Wi‑Fi — Preço na Mira,https://preconamira.com.br/produto-intelbras-mvw-7070,Intelbras MVW 7070 Vídeo Porteiro IP Wi‑Fi,0,verificado
produto-intelbras-rx3000.html,/produto-intelbras-rx3000,produto,index,Intelbras RX 3000 Wi‑Fi 6 — Preço na Mira,https://preconamira.com.br/produto-intelbras-rx3000,Intelbras RX 3000 Wi‑Fi 6,0,verificado
produto-iphone-17-pro-max.html,/produto-iphone-17-pro-max,produto,index,Apple iPhone 17 Pro Max 256GB — Preço na Mira,https://preconamira.com.br/produto-iphone-17-pro-max,Apple iPhone 17 Pro Max 256GB,0,verificado
produto-iphone-17-pro.html,/produto-iphone-17-pro,produto,index,Apple iPhone 17 Pro 1TB — Preço na Mira,https://preconamira.com.br/produto-iphone-17-pro,Apple iPhone 17 Pro 1TB,0,verificado
produto-iphone-17e.html,/produto-iphone-17e,produto,index,Apple iPhone 17e 256GB — Preço na Mira,https://preconamira.com.br/produto-iphone-17e,Apple iPhone 17e 256GB,0,verificado
produto-jbl-bar-500-mk2.html,/produto-jbl-bar-500-mk2,produto,index,JBL Bar 500MK2 — Preço na Mira,https://preconamira.com.br/produto-jbl-bar-500-mk2,JBL Bar 500MK2,0,verificado
produto-jbl-boombox-4.html,/produto-jbl-boombox-4,produto,index,JBL Boombox 4 — Preço na Mira,https://preconamira.com.br/produto-jbl-boombox-4,JBL Boombox 4,0,verificado
produto-jbl-cinema-sb180.html,/produto-jbl-cinema-sb180,produto,index,JBL Cinema SB180 — Preço na Mira,https://preconamira.com.br/produto-jbl-cinema-sb180,JBL Cinema SB180,0,verificado
produto-jbl-flip-7.html,/produto-jbl-flip-7,produto,index,JBL Flip 7 — Preço na Mira,https://preconamira.com.br/produto-jbl-flip-7,JBL Flip 7,0,verificado
produto-jbl-go-4.html,/produto-jbl-go-4,produto,index,JBL Go 4 — Preço na Mira,https://preconamira.com.br/produto-jbl-go-4,JBL Go 4,0,verificado
produto-jbl-live-beam-3.html,/produto-jbl-live-beam-3,produto,index,JBL Live Beam 3 — Preço na Mira,https://preconamira.com.br/produto-jbl-live-beam-3,JBL Live Beam 3,0,verificado
produto-jbl-partybox-club-120.html,/produto-jbl-partybox-club-120,produto,index,JBL PartyBox Club 120 — Preço na Mira,https://preconamira.com.br/produto-jbl-partybox-club-120,JBL PartyBox Club 120,0,verificado
produto-jbl-partybox-encore-essential-2.html,/produto-jbl-partybox-encore-essential-2,produto,index,JBL PartyBox Encore Essential 2 — Preço na Mira,https://preconamira.com.br/produto-jbl-partybox-encore-essential-2,JBL PartyBox Encore Essential 2,0,verificado
produto-jbl-partybox-stage-320.html,/produto-jbl-partybox-stage-320,produto,index,JBL PartyBox Stage 320 — Preço na Mira,https://preconamira.com.br/produto-jbl-partybox-stage-320,JBL PartyBox Stage 320,0,verificado
produto-jbl-sb-cinema.html,/produto-jbl-sb-cinema,produto,index,JBL SB Cinema 2.1 — Preço na Mira,https://preconamira.com.br/produto-jbl-sb-cinema,JBL SB Cinema 2.1,0,verificado
produto-jbl-tour-pro-3.html,/produto-jbl-tour-pro-3,produto,index,JBL Tour Pro 3 — Preço na Mira,https://preconamira.com.br/produto-jbl-tour-pro-3,JBL Tour Pro 3,0,verificado
produto-jbl-tune-beam-2.html,/produto-jbl-tune-beam-2,produto,index,JBL Tune Beam 2 — Preço na Mira,https://preconamira.com.br/produto-jbl-tune-beam-2,JBL Tune Beam 2,0,verificado
produto-kingston-fury-beast-rgb-16gb-ddr5-6000.html,/produto-kingston-fury-beast-rgb-16gb-ddr5-6000,produto,index,Kingston Fury Beast RGB 16GB DDR5-6000 — Preço na Mira,https://preconamira.com.br/produto-kingston-fury-beast-rgb-16gb-ddr5-6000,Kingston Fury Beast RGB 16GB DDR5-6000,0,verificado
produto-kingston-fury-beast-rgb-32gb-216-ddr5-6000-expo.html,/produto-kingston-fury-beast-rgb-32gb-216-ddr5-6000-expo,produto,index,Kingston Fury Beast RGB 32GB (2×16) DDR5-6000 — Preço na Mira,https://preconamira.com.br/produto-kingston-fury-beast-rgb-32gb-216-ddr5-6000-expo,Kingston Fury Beast RGB 32GB (2×16) DDR5-6000 EXPO,0,verificado
produto-kingston-fury-beast-rgb-8gb-ddr5-6000.html,/produto-kingston-fury-beast-rgb-8gb-ddr5-6000,produto,index,Kingston Fury Beast RGB 8GB DDR5-6000 — Preço na Mira,https://preconamira.com.br/produto-kingston-fury-beast-rgb-8gb-ddr5-6000,Kingston Fury Beast RGB 8GB DDR5-6000,0,verificado
produto-kingston-fury-impact-kf432s20ib-16-ddr4-16gb-3200mhz.html,/produto-kingston-fury-impact-kf432s20ib-16-ddr4-16gb-3200mhz,produto,index,Kingston Fury Impact KF432S20IB/16 DDR4 16GB — Preço na Mira,https://preconamira.com.br/produto-kingston-fury-impact-kf432s20ib-16-ddr4-16gb-3200mhz,Kingston Fury Impact KF432S20IB/16 DDR4 16GB 3200MHz,0,verificado
produto-kingston-kvr32s22s8-8-ram-notebook-ddr4-8gb-3200mhz.html,/produto-kingston-kvr32s22s8-8-ram-notebook-ddr4-8gb-3200mhz,produto,index,Kingston KVR32S22S8/8 RAM Notebook DDR4 8GB — Preço na Mira,https://preconamira.com.br/produto-kingston-kvr32s22s8-8-ram-notebook-ddr4-8gb-3200mhz,Kingston KVR32S22S8/8 RAM Notebook DDR4 8GB 3200MHz,0,verificado
produto-kingston-nv3-1tb-nvme.html,/produto-kingston-nv3-1tb-nvme,produto,index,Kingston NV3 1TB NVMe — Preço na Mira,https://preconamira.com.br/produto-kingston-nv3-1tb-nvme,Kingston NV3 1TB NVMe,0,verificado
produto-kingston-nv3-2tb-nvme.html,/produto-kingston-nv3-2tb-nvme,produto,index,Kingston NV3 2TB NVMe — Preço na Mira,https://preconamira.com.br/produto-kingston-nv3-2tb-nvme,Kingston NV3 2TB NVMe,0,verificado
produto-kingston-nv3-4tb-nvme.html,/produto-kingston-nv3-4tb-nvme,produto,index,Kingston NV3 4TB NVMe — Preço na Mira,https://preconamira.com.br/produto-kingston-nv3-4tb-nvme,Kingston NV3 4TB NVMe,0,verificado
produto-kit-10-spot-luminaria-7w-qd-rd-frio-6500k-quente-3000k-estrutura-redondo-branco-frio.html,/produto-kit-10-spot-luminaria-7w-qd-rd-frio-6500k-quente-3000k-estrutura-redondo-branco-frio,produto,index,Kit 10 Spot Luminaria 7W Qd Rd Frio 6500k Quente — Preço na Mira,https://preconamira.com.br/produto-kit-10-spot-luminaria-7w-qd-rd-frio-6500k-quente-3000k-estrutura-redondo-branco-frio,Kit 10 Spot Luminaria 7W Qd Rd Frio 6500k Quente 3000k Estrutura Redondo Branco Frio,0,verificado
produto-kit-2-cameras-lampada-yoosee-casenn.html,/produto-kit-2-cameras-lampada-yoosee-casenn,produto,index,Kit 2 Câmeras Lâmpada Wi-Fi Yoosee Casenn — Preço na Mira,https://preconamira.com.br/produto-kit-2-cameras-lampada-yoosee-casenn,Kit 2 Câmeras Lâmpada Wi-Fi Yoosee Casenn,0,verificado
produto-kit-2-painel-plafon-sobrepor-led-25w-quadrado-luz-branca-fria-6500k-bivolt-110-220v.html,/produto-kit-2-painel-plafon-sobrepor-led-25w-quadrado-luz-branca-fria-6500k-bivolt-110-220v,produto,index,Kit 2 Painel Plafon Sobrepor LED 25W Quadrado — Preço na Mira,https://preconamira.com.br/produto-kit-2-painel-plafon-sobrepor-led-25w-quadrado-luz-branca-fria-6500k-bivolt-110-220v,Kit 2 Painel Plafon Sobrepor LED 25W Quadrado Luz Branca Fria 6500k Bivolt 110/220V,0,verificado
produto-kit-3-arandela-luminaria-externa-interna-bivolt-parede-muro.html,/produto-kit-3-arandela-luminaria-externa-interna-bivolt-parede-muro,produto,index,Kit 3 Arandela Luminaria Externa Interna Bivolt — Preço na Mira,https://preconamira.com.br/produto-kit-3-arandela-luminaria-externa-interna-bivolt-parede-muro,Kit 3 Arandela Luminaria Externa Interna Bivolt Parede Muro,0,verificado
produto-kit-3-refletor-100w-led-6500k-branco-frio-avant-externo-ip65-cor-da-carcaca-preto-cor-da-luz.html,/produto-kit-3-refletor-100w-led-6500k-branco-frio-avant-externo-ip65-cor-da-carcaca-preto-cor-da-luz,produto,index,Kit 3 Refletor 100W LED 6500k Branco Frio Avant — Preço na Mira,https://preconamira.com.br/produto-kit-3-refletor-100w-led-6500k-branco-frio-avant-externo-ip65-cor-da-carcaca-preto-cor-da-luz,Kit 3 Refletor 100W LED 6500k Branco Frio Avant Externo IP65 Cor da Carcaca Preto Cor da Luz Branco Frio,0,verificado
produto-kit-5-painel-plafon-led-24w-25w-redondo-sobrepor-branco-frio.html,/produto-kit-5-painel-plafon-led-24w-25w-redondo-sobrepor-branco-frio,produto,index,Kit 5 Painel Plafon LED 24W 25W Redondo Sobrepor — Preço na Mira,https://preconamira.com.br/produto-kit-5-painel-plafon-led-24w-25w-redondo-sobrepor-branco-frio,Kit 5 Painel Plafon LED 24W 25W Redondo Sobrepor Branco Frio,0,verificado
produto-kit-50-pre-filtro-5n11-para-mascara-6200-6800-branco-particulas-para-respirador-mascara-se.html,/produto-kit-50-pre-filtro-5n11-para-mascara-6200-6800-branco-particulas-para-respirador-mascara-se,produto,index,Kit 50 Pre Filtro 5N11 para Mascara 6200 6800 — Preço na Mira,https://preconamira.com.br/produto-kit-50-pre-filtro-5n11-para-mascara-6200-6800-branco-particulas-para-respirador-mascara-se,Kit 50 Pre Filtro 5N11 para Mascara 6200 6800 Branco Particulas para Respirador Mascara Semi Facial Particulados Protecao Automotiva Poeira Gases P2 com Carvao Ativo 25 Pares de Filtros,0,verificado
produto-kit-6-espuma-expansiva-pu-multiuso-vedacao-selante-isolante.html,/produto-kit-6-espuma-expansiva-pu-multiuso-vedacao-selante-isolante,produto,index,Kit 6 Espuma Expansiva PU Multiuso Vedacao — Preço na Mira,https://preconamira.com.br/produto-kit-6-espuma-expansiva-pu-multiuso-vedacao-selante-isolante,Kit 6 Espuma Expansiva PU Multiuso Vedacao Selante Isolante,0,verificado
produto-kit-8-plafon-sobrepor-preto-quadrado-led-25w-painel-21x21.html,/produto-kit-8-plafon-sobrepor-preto-quadrado-led-25w-painel-21x21,produto,index,Kit 8 Plafon Sobrepor Preto Quadrado LED 25W — Preço na Mira,https://preconamira.com.br/produto-kit-8-plafon-sobrepor-preto-quadrado-led-25w-painel-21x21,Kit 8 Plafon Sobrepor Preto Quadrado LED 25W Painel 21x21,0,verificado
produto-kit-acessorios-para-banheiro-inox-adesivo-5pcs-elg.html,/produto-kit-acessorios-para-banheiro-inox-adesivo-5pcs-elg,produto,index,Kit Acessorios para Banheiro INOX Adesivo 5pcs — Preço na Mira,https://preconamira.com.br/produto-kit-acessorios-para-banheiro-inox-adesivo-5pcs-elg,Kit Acessorios para Banheiro INOX Adesivo 5pcs ELG,0,verificado
produto-kit-banheiro-luxo-com-porta-toalha-inox-304-5-pecas.html,/produto-kit-banheiro-luxo-com-porta-toalha-inox-304-5-pecas,produto,index,Kit Banheiro Luxo com Porta Toalha INOX 304 5 — Preço na Mira,https://preconamira.com.br/produto-kit-banheiro-luxo-com-porta-toalha-inox-304-5-pecas,Kit Banheiro Luxo com Porta Toalha INOX 304 5 Pecas,0,verificado
produto-kit-com-4-plafon-painel-led-embutir-30x30-quadrado-6000k6500k-branco-frio-completo-24w25w.html,/produto-kit-com-4-plafon-painel-led-embutir-30x30-quadrado-6000k6500k-branco-frio-completo-24w25w,produto,index,Kit com 4 Plafon Painel LED Embutir 30x30 — Preço na Mira,https://preconamira.com.br/produto-kit-com-4-plafon-painel-led-embutir-30x30-quadrado-6000k6500k-branco-frio-completo-24w25w,Kit com 4 Plafon Painel LED Embutir 30x30 Quadrado 6000k6500k Branco Frio Completo 24w25w,0,verificado
produto-kit-completo-bacia-com-caixa-acoplada-flex-branco-deca-kp38017.html,/produto-kit-completo-bacia-com-caixa-acoplada-flex-branco-deca-kp38017,produto,index,Kit Completo Bacia com Caixa Acoplada Flex — Preço na Mira,https://preconamira.com.br/produto-kit-completo-bacia-com-caixa-acoplada-flex-branco-deca-kp38017,Kit Completo Bacia com Caixa Acoplada Flex Branco Deca Kp38017,0,verificado
produto-kit-completo-revcollor-20kg-primer-revestimento-natur.html,/produto-kit-completo-revcollor-20kg-primer-revestimento-natur,produto,index,Kit Completo Revcollor 20kg Primer Revestimento — Preço na Mira,https://preconamira.com.br/produto-kit-completo-revcollor-20kg-primer-revestimento-natur,Kit Completo Revcollor 20kg Primer Revestimento Natur,0,verificado
produto-kit-de-acessorios-banheiro-aco-inox-304-polido-com-5-pecas.html,/produto-kit-de-acessorios-banheiro-aco-inox-304-polido-com-5-pecas,produto,index,Kit de Acessorios Banheiro Aco INOX 304 Polido — Preço na Mira,https://preconamira.com.br/produto-kit-de-acessorios-banheiro-aco-inox-304-polido-com-5-pecas,Kit de Acessorios Banheiro Aco INOX 304 Polido com 5 Pecas,0,verificado
produto-kit-de-acessorios-deca-com-5-pecas-pix-cromado-2000c02.html,/produto-kit-de-acessorios-deca-com-5-pecas-pix-cromado-2000c02,produto,index,Kit de Acessorios Deca com 5 Pecas Pix Cromado — Preço na Mira,https://preconamira.com.br/produto-kit-de-acessorios-deca-com-5-pecas-pix-cromado-2000c02,Kit de Acessorios Deca com 5 Pecas Pix Cromado 2000c02,0,verificado
produto-kit-de-metais-sanitarios-para-banheiro-fabricado-em-aco-inox-polido-espelhado-com-5-pecas-lu.html,/produto-kit-de-metais-sanitarios-para-banheiro-fabricado-em-aco-inox-polido-espelhado-com-5-pecas-lu,produto,index,Kit de Metais Sanitarios para Banheiro Fabricado — Preço na Mira,https://preconamira.com.br/produto-kit-de-metais-sanitarios-para-banheiro-fabricado-em-aco-inox-polido-espelhado-com-5-pecas-lu,Kit de Metais Sanitarios para Banheiro Fabricado em Aco INOX Polido Espelhado com 5 Pecas Luxo,0,verificado
produto-kit-obra-botina-capacete-luva-raspa-plug-oculos.html,/produto-kit-obra-botina-capacete-luva-raspa-plug-oculos,produto,index,Kit Obra Botina Capacete Luva Raspa Plug Oculos — Preço na Mira,https://preconamira.com.br/produto-kit-obra-botina-capacete-luva-raspa-plug-oculos,Kit Obra Botina Capacete Luva Raspa Plug Oculos,0,verificado
produto-kit-obra-capacete-luva-protetor-mascara-2-oculos-epi.html,/produto-kit-obra-capacete-luva-protetor-mascara-2-oculos-epi,produto,index,Kit Obra Capacete Luva Protetor Mascara 2 Oculos — Preço na Mira,https://preconamira.com.br/produto-kit-obra-capacete-luva-protetor-mascara-2-oculos-epi,Kit Obra Capacete Luva Protetor Mascara 2 Oculos EPI,0,verificado
produto-kit-quadro-de-distribuicao-pvc-12-polos-embutir-barramento.html,/produto-kit-quadro-de-distribuicao-pvc-12-polos-embutir-barramento,produto,index,Kit Quadro de Distribuicao PVC 12 Polos Embutir — Preço na Mira,https://preconamira.com.br/produto-kit-quadro-de-distribuicao-pvc-12-polos-embutir-barramento,Kit Quadro de Distribuicao PVC 12 Polos Embutir Barramento,0,verificado
produto-kit-respirador-6200-pservicos-gerais-hb004526339-3m.html,/produto-kit-respirador-6200-pservicos-gerais-hb004526339-3m,produto,index,Kit Respirador 6200 Pservicos Gerais HB004526339 — Preço na Mira,https://preconamira.com.br/produto-kit-respirador-6200-pservicos-gerais-hb004526339-3m,Kit Respirador 6200 Pservicos Gerais HB004526339 3M,0,verificado
produto-kit-sika-3-plus-acelerador-de-pega-3-unidades-1l-sika.html,/produto-kit-sika-3-plus-acelerador-de-pega-3-unidades-1l-sika,produto,index,Kit Sika 3 Plus Acelerador de Pega 3 Unidades 1L — Preço na Mira,https://preconamira.com.br/produto-kit-sika-3-plus-acelerador-de-pega-3-unidades-1l-sika,Kit Sika 3 Plus Acelerador de Pega 3 Unidades 1L Sika,0,verificado
produto-kit-vaso-sanitario-celite-like-branco-com-caixa-acoplada-bacia-quadrada-assento-soft-close-e.html,/produto-kit-vaso-sanitario-celite-like-branco-com-caixa-acoplada-bacia-quadrada-assento-soft-close-e,produto,index,Kit Vaso Sanitario Celite Like Branco com Caixa — Preço na Mira,https://preconamira.com.br/produto-kit-vaso-sanitario-celite-like-branco-com-caixa-acoplada-bacia-quadrada-assento-soft-close-e,Kit Vaso Sanitario Celite Like Branco com Caixa Acoplada Bacia Quadrada Assento Soft Close Ecoflush 36l Duplo Acionamento Anel Vedacao Flexivel Fixacao Completo,0,verificado
produto-latex-acrilica-tinta-coral-anti-mofo-branco-18l-coralar-branco-fosco.html,/produto-latex-acrilica-tinta-coral-anti-mofo-branco-18l-coralar-branco-fosco,produto,index,Latex Acrilica Tinta Coral Anti Mofo Branco 18l — Preço na Mira,https://preconamira.com.br/produto-latex-acrilica-tinta-coral-anti-mofo-branco-18l-coralar-branco-fosco,Latex Acrilica Tinta Coral Anti Mofo Branco 18l Coralar Branco Fosco,0,verificado
produto-lava-e-seca-compacta-motorhome-studio-3kg.html,/produto-lava-e-seca-compacta-motorhome-studio-3kg,produto,index,Lava e Seca Compacta para Motorhome e Studio 3 — Preço na Mira,https://preconamira.com.br/produto-lava-e-seca-compacta-motorhome-studio-3kg,Lava e Seca Compacta para Motorhome e Studio 3 kg,0,verificado
produto-lenovo-ideapad-slim3-15irh10.html,/produto-lenovo-ideapad-slim3-15irh10,produto,index,Lenovo IdeaPad Slim 3 15IRH10 — Preço na Mira,https://preconamira.com.br/produto-lenovo-ideapad-slim3-15irh10,Lenovo IdeaPad Slim 3 15IRH10,0,verificado
produto-lenovo-loq-r5-rtx4050.html,/produto-lenovo-loq-r5-rtx4050,produto,index,Lenovo LOQ 15ARP9 Ryzen 5 + RTX 4050 — Preço na Mira,https://preconamira.com.br/produto-lenovo-loq-r5-rtx4050,Lenovo LOQ 15ARP9 Ryzen 5 + RTX 4050,0,verificado
produto-lenovo-yoga-slim7i-ultra7.html,/produto-lenovo-yoga-slim7i-ultra7,produto,index,Lenovo Yoga Slim 7i Core Ultra 7 — Preço na Mira,https://preconamira.com.br/produto-lenovo-yoga-slim7i-ultra7,Lenovo Yoga Slim 7i Core Ultra 7,0,verificado
produto-lg-24ms500b.html,/produto-lg-24ms500b,produto,index,LG 24MS500-B 24” — Preço na Mira,https://preconamira.com.br/produto-lg-24ms500b,LG 24MS500-B 24”,0,verificado
produto-lg-27gs60fb.html,/produto-lg-27gs60fb,produto,index,LG UltraGear 27GS60F-B 27” — Preço na Mira,https://preconamira.com.br/produto-lg-27gs60fb,LG UltraGear 27GS60F-B 27”,0,verificado
produto-lg-27gx704ab.html,/produto-lg-27gx704ab,produto,index,LG OLED UltraGear 27GX704A-B — Preço na Mira,https://preconamira.com.br/produto-lg-27gx704ab,LG OLED UltraGear 27GX704A-B,0,verificado
produto-lg-gc-b569nll-inverse-451l-220v.html,/produto-lg-gc-b569nll-inverse-451l-220v,produto,index,Geladeira LG GC-B569NLL Inverse 451 L 220 V — Preço na Mira,https://preconamira.com.br/produto-lg-gc-b569nll-inverse-451l-220v,Geladeira LG GC-B569NLL Inverse 451 L 220 V,0,verificado
produto-lg-s40t.html,/produto-lg-s40t,produto,index,LG Soundbar S40T — Preço na Mira,https://preconamira.com.br/produto-lg-s40t,LG Soundbar S40T,0,verificado
produto-lg-s90ty.html,/produto-lg-s90ty,produto,index,LG Soundbar S90TY — Preço na Mira,https://preconamira.com.br/produto-lg-s90ty,LG Soundbar S90TY,0,verificado
produto-lg-side-by-side-519l-inox-look.html,/produto-lg-side-by-side-519l-inox-look,produto,index,Geladeira LG Side by Side 519 L Inox Look — Preço na Mira,https://preconamira.com.br/produto-lg-side-by-side-519l-inox-look,Geladeira LG Side by Side 519 L Inox Look,0,verificado
produto-lg-sqc1.html,/produto-lg-sqc1,produto,index,LG Soundbar SQC1 — Preço na Mira,https://preconamira.com.br/produto-lg-sqc1,LG Soundbar SQC1,0,verificado
produto-lg-xboom-xg9s.html,/produto-lg-xboom-xg9s,produto,index,LG XBOOM XG9S — Preço na Mira,https://preconamira.com.br/produto-lg-xboom-xg9s,LG XBOOM XG9S,0,verificado
produto-lg-xboom-xl5t.html,/produto-lg-xboom-xl5t,produto,index,LG XBOOM XL5T — Preço na Mira,https://preconamira.com.br/produto-lg-xboom-xl5t,LG XBOOM XL5T,0,verificado
produto-lg-xboom-xl9t.html,/produto-lg-xboom-xl9t,produto,index,LG XBOOM XL9T — Preço na Mira,https://preconamira.com.br/produto-lg-xboom-xl9t,LG XBOOM XL9T,0,verificado
produto-logitech-g-pro-x-superlight-2c.html,/produto-logitech-g-pro-x-superlight-2c,produto,index,Logitech G Pro X Superlight 2c — Preço na Mira,https://preconamira.com.br/produto-logitech-g-pro-x-superlight-2c,Logitech G Pro X Superlight 2c,0,verificado
produto-logitech-g-pro-x-tkl-lightspeed-wireless.html,/produto-logitech-g-pro-x-tkl-lightspeed-wireless,produto,index,Logitech G Pro X TKL Lightspeed Wireless — Preço na Mira,https://preconamira.com.br/produto-logitech-g-pro-x-tkl-lightspeed-wireless,Logitech G Pro X TKL Lightspeed Wireless,0,verificado
produto-logitech-g-pro-x-tkl-rapid.html,/produto-logitech-g-pro-x-tkl-rapid,produto,index,Logitech G Pro X TKL Rapid — Preço na Mira,https://preconamira.com.br/produto-logitech-g-pro-x-tkl-rapid,Logitech G Pro X TKL Rapid,0,verificado
produto-luminaria-arandela-led-moderno-recarregavel-sensor-movimento.html,/produto-luminaria-arandela-led-moderno-recarregavel-sensor-movimento,produto,index,Luminaria Arandela LED Moderno Recarregavel — Preço na Mira,https://preconamira.com.br/produto-luminaria-arandela-led-moderno-recarregavel-sensor-movimento,Luminaria Arandela LED Moderno Recarregavel Sensor Movimento,0,verificado
produto-luminaria-arandela-parede-moderna-giratoria-led-quarto-3-cor.html,/produto-luminaria-arandela-parede-moderna-giratoria-led-quarto-3-cor,produto,index,Luminaria Arandela Parede Moderna Giratoria LED — Preço na Mira,https://preconamira.com.br/produto-luminaria-arandela-parede-moderna-giratoria-led-quarto-3-cor,Luminaria Arandela Parede Moderna Giratoria LED Quarto 3 Cor,0,verificado
produto-luminaria-hexagonal-led-teto-6-celulas-de-comeia-iluminacao.html,/produto-luminaria-hexagonal-led-teto-6-celulas-de-comeia-iluminacao,produto,index,Luminaria Hexagonal LED Teto 6 Celulas de Comeia — Preço na Mira,https://preconamira.com.br/produto-luminaria-hexagonal-led-teto-6-celulas-de-comeia-iluminacao,Luminaria Hexagonal LED Teto 6 Celulas de Comeia Iluminacao,0,verificado
produto-luminaria-industrial-highbay-led-150w-120-277v-6500k-philips.html,/produto-luminaria-industrial-highbay-led-150w-120-277v-6500k-philips,produto,index,Luminaria Industrial Highbay LED 150W 120 277V — Preço na Mira,https://preconamira.com.br/produto-luminaria-industrial-highbay-led-150w-120-277v-6500k-philips,Luminaria Industrial Highbay LED 150W 120 277V 6500k Philips,0,verificado
produto-luminaria-mesa-abajur-led-dimerizavel-moderna-quarto-31.html,/produto-luminaria-mesa-abajur-led-dimerizavel-moderna-quarto-31,produto,index,Luminaria Mesa Abajur LED Dimerizavel Moderna — Preço na Mira,https://preconamira.com.br/produto-luminaria-mesa-abajur-led-dimerizavel-moderna-quarto-31,Luminaria Mesa Abajur LED Dimerizavel Moderna Quarto 31,0,verificado
produto-luminaria-moderna-de-mesa-s-fio-led-para-quarto-restaurante.html,/produto-luminaria-moderna-de-mesa-s-fio-led-para-quarto-restaurante,produto,index,Luminaria Moderna de Mesa S Fio LED para Quarto — Preço na Mira,https://preconamira.com.br/produto-luminaria-moderna-de-mesa-s-fio-led-para-quarto-restaurante,Luminaria Moderna de Mesa S Fio LED para Quarto Restaurante,0,verificado
produto-lustre-led-pendente-aneis-5-arcos-pe-direito-duplo-preto.html,/produto-lustre-led-pendente-aneis-5-arcos-pe-direito-duplo-preto,produto,index,Lustre LED Pendente Aneis 5 Arcos Pe Direito — Preço na Mira,https://preconamira.com.br/produto-lustre-led-pendente-aneis-5-arcos-pe-direito-duplo-preto,Lustre LED Pendente Aneis 5 Arcos Pe Direito Duplo Preto,0,verificado
produto-lustre-led-preto-dekocasa-pendente-moderno-5-arcos-189w-teto.html,/produto-lustre-led-preto-dekocasa-pendente-moderno-5-arcos-189w-teto,produto,index,Lustre LED Preto Dekocasa Pendente Moderno 5 — Preço na Mira,https://preconamira.com.br/produto-lustre-led-preto-dekocasa-pendente-moderno-5-arcos-189w-teto,Lustre LED Preto Dekocasa Pendente Moderno 5 Arcos 189W Teto,0,verificado
produto-lustre-pendente-de-metal-cristal-bola-cromado-douradoe27.html,/produto-lustre-pendente-de-metal-cristal-bola-cromado-douradoe27,produto,index,Lustre Pendente de Metal Cristal Bola Cromado — Preço na Mira,https://preconamira.com.br/produto-lustre-pendente-de-metal-cristal-bola-cromado-douradoe27,Lustre Pendente de Metal Cristal Bola Cromado Douradoe27,0,verificado
produto-lustre-pendente-taschibra-anne-20cm-leitoso-e27-bivolt-estrutura-preto.html,/produto-lustre-pendente-taschibra-anne-20cm-leitoso-e27-bivolt-estrutura-preto,produto,index,Lustre Pendente Taschibra Anne 20cm Leitoso E27 — Preço na Mira,https://preconamira.com.br/produto-lustre-pendente-taschibra-anne-20cm-leitoso-e27-bivolt-estrutura-preto,Lustre Pendente Taschibra Anne 20cm Leitoso E27 Bivolt Estrutura Preto,0,verificado
produto-manta-asfaltica-aluminio-poliester-4mm-1m-x-10m-tipo2-dryko.html,/produto-manta-asfaltica-aluminio-poliester-4mm-1m-x-10m-tipo2-dryko,produto,index,Manta Asfaltica Aluminio Poliester 4MM 1M X 10M — Preço na Mira,https://preconamira.com.br/produto-manta-asfaltica-aluminio-poliester-4mm-1m-x-10m-tipo2-dryko,Manta Asfaltica Aluminio Poliester 4MM 1M X 10M TIPO2 Dryko,0,verificado
produto-manta-asfaltica-preta-poliester-4mm-1m-x-10m-tipo2-dryko-tp2.html,/produto-manta-asfaltica-preta-poliester-4mm-1m-x-10m-tipo2-dryko-tp2,produto,index,Manta Asfaltica Preta Poliester 4MM 1M X 10M — Preço na Mira,https://preconamira.com.br/produto-manta-asfaltica-preta-poliester-4mm-1m-x-10m-tipo2-dryko-tp2,Manta Asfaltica Preta Poliester 4MM 1M X 10M TIPO2 Dryko TP2,0,verificado
produto-manta-asfaltica-vedacit-impermeabilizante-10m-3mm-lajes-polietileno.html,/produto-manta-asfaltica-vedacit-impermeabilizante-10m-3mm-lajes-polietileno,produto,index,Manta Asfaltica Vedacit Impermeabilizante 10M — Preço na Mira,https://preconamira.com.br/produto-manta-asfaltica-vedacit-impermeabilizante-10m-3mm-lajes-polietileno,Manta Asfaltica Vedacit Impermeabilizante 10M 3MM Lajes Polietileno,0,verificado
produto-manta-liquida-18kg-para-laje-telhado-e-parede-externa.html,/produto-manta-liquida-18kg-para-laje-telhado-e-parede-externa,produto,index,Manta Liquida 18kg para Laje Telhado e Parede — Preço na Mira,https://preconamira.com.br/produto-manta-liquida-18kg-para-laje-telhado-e-parede-externa,Manta Liquida 18kg para Laje Telhado e Parede Externa,0,verificado
produto-manta-liquida-impermeabilizante-12kg-quartzolit-branca-para-lajes-e-telhas.html,/produto-manta-liquida-impermeabilizante-12kg-quartzolit-branca-para-lajes-e-telhas,produto,index,Manta Liquida Impermeabilizante 12KG Quartzolit — Preço na Mira,https://preconamira.com.br/produto-manta-liquida-impermeabilizante-12kg-quartzolit-branca-para-lajes-e-telhas,Manta Liquida Impermeabilizante 12KG Quartzolit Branca para Lajes e Telhas,0,verificado
produto-manta-liquida-impermeavel-vedacit-vedapren-fast-para-concreto-15-kg.html,/produto-manta-liquida-impermeavel-vedacit-vedapren-fast-para-concreto-15-kg,produto,index,Manta Liquida Impermeavel Vedacit Vedapren Fast — Preço na Mira,https://preconamira.com.br/produto-manta-liquida-impermeavel-vedacit-vedapren-fast-para-concreto-15-kg,Manta Liquida Impermeavel Vedacit Vedapren Fast para Concreto 15 Kg,0,verificado
produto-manta-liquida-resistente-sol-e-chuva-resiflex-18kg.html,/produto-manta-liquida-resistente-sol-e-chuva-resiflex-18kg,produto,index,Manta Liquida Resistente Sol e Chuva Resiflex — Preço na Mira,https://preconamira.com.br/produto-manta-liquida-resistente-sol-e-chuva-resiflex-18kg,Manta Liquida Resistente Sol e Chuva Resiflex 18kg,0,verificado
produto-manta-sikashield-p34-pe-tipo-i-3-mm-rolo-1x10m-sika.html,/produto-manta-sikashield-p34-pe-tipo-i-3-mm-rolo-1x10m-sika,produto,index,Manta Sikashield P34 Pe Tipo I 3 Mm Rolo 1x10M — Preço na Mira,https://preconamira.com.br/produto-manta-sikashield-p34-pe-tipo-i-3-mm-rolo-1x10m-sika,Manta Sikashield P34 Pe Tipo I 3 Mm Rolo 1x10M Sika,0,verificado
produto-martelete-perfurador-romp-800w-4j-sds-vonder-mpv840-cor-amarelopreto-frequencia-60-hz.html,/produto-martelete-perfurador-romp-800w-4j-sds-vonder-mpv840-cor-amarelopreto-frequencia-60-hz,produto,index,Martelete Perfurador Romp 800W 4J SDS Vonder — Preço na Mira,https://preconamira.com.br/produto-martelete-perfurador-romp-800w-4j-sds-vonder-mpv840-cor-amarelopreto-frequencia-60-hz,Martelete Perfurador Romp 800W 4J SDS Vonder MPV840 Cor Amarelopreto Frequencia 60 Hz,0,verificado
produto-martelo-demolidor-rompedor-martelete-pesado-hanabi-45j.html,/produto-martelo-demolidor-rompedor-martelete-pesado-hanabi-45j,produto,index,Martelo Demolidor Rompedor Martelete Pesado — Preço na Mira,https://preconamira.com.br/produto-martelo-demolidor-rompedor-martelete-pesado-hanabi-45j,Martelo Demolidor Rompedor Martelete Pesado Hanabi 45J,0,verificado
produto-mascara-de-protecao-3m-6200-com-cartuchos-e-filtros-6003-para-vapores-e-gases.html,/produto-mascara-de-protecao-3m-6200-com-cartuchos-e-filtros-6003-para-vapores-e-gases,produto,index,Mascara de Protecao 3M 6200 com Cartuchos e — Preço na Mira,https://preconamira.com.br/produto-mascara-de-protecao-3m-6200-com-cartuchos-e-filtros-6003-para-vapores-e-gases,Mascara de Protecao 3M 6200 com Cartuchos e Filtros 6003 para Vapores e Gases,0,verificado
produto-massa-corrida-pva-coral-25kg-fosca-para-interiores-rendimento-75m.html,/produto-massa-corrida-pva-coral-25kg-fosca-para-interiores-rendimento-75m,produto,index,Massa Corrida Pva Coral 25kg Fosca para — Preço na Mira,https://preconamira.com.br/produto-massa-corrida-pva-coral-25kg-fosca-para-interiores-rendimento-75m,Massa Corrida Pva Coral 25kg Fosca para Interiores Rendimento 75m,0,verificado
produto-massa-corrida-suvinil-25kg.html,/produto-massa-corrida-suvinil-25kg,produto,index,Massa Corrida Suvinil 25kg — Preço na Mira,https://preconamira.com.br/produto-massa-corrida-suvinil-25kg,Massa Corrida Suvinil 25kg,0,verificado
produto-midea-dwa14-lava-loucas-14-servicos-preta.html,/produto-midea-dwa14-lava-loucas-14-servicos-preta,produto,index,Lava-louças Midea DWA14 14 Serviços Preta — Preço na Mira,https://preconamira.com.br/produto-midea-dwa14-lava-loucas-14-servicos-preta,Lava-louças Midea DWA14 14 Serviços Preta,0,verificado
produto-midea-inverse-401l-inverter-inox.html,/produto-midea-inverse-401l-inverter-inox,produto,index,Geladeira Midea Inverse 401 L Inverter Inox — Preço na Mira,https://preconamira.com.br/produto-midea-inverse-401l-inverter-inox,Geladeira Midea Inverse 401 L Inverter Inox,0,verificado
produto-midea-inverse-401l-inverter-preta.html,/produto-midea-inverse-401l-inverter-preta,produto,index,Geladeira Midea Inverse 401 L Inverter Preta — Preço na Mira,https://preconamira.com.br/produto-midea-inverse-401l-inverter-preta,Geladeira Midea Inverse 401 L Inverter Preta,0,verificado
produto-midea-mastercook-mhp35s1-micro-ondas-35l-prata.html,/produto-midea-mastercook-mhp35s1-micro-ondas-35l-prata,produto,index,Midea MasterCook MHP35S1 Micro-ondas 35L Prata — Preço na Mira,https://preconamira.com.br/produto-midea-mastercook-mhp35s1-micro-ondas-35l-prata,Midea MasterCook MHP35S1 Micro-ondas 35L Prata,0,verificado
produto-midea-mastercook-micro-ondas-35l-branco.html,/produto-midea-mastercook-micro-ondas-35l-branco,produto,index,Midea MasterCook Micro-ondas 35L Branco — Preço na Mira,https://preconamira.com.br/produto-midea-mastercook-micro-ondas-35l-branco,Midea MasterCook Micro-ondas 35L Branco,0,verificado
produto-midea-mastersteam-panela-de-pressao-eletrica-6l.html,/produto-midea-mastersteam-panela-de-pressao-eletrica-6l,produto,index,Midea MasterSteam Panela de Pressão Elétrica 6L — Preço na Mira,https://preconamira.com.br/produto-midea-mastersteam-panela-de-pressao-eletrica-6l,Midea MasterSteam Panela de Pressão Elétrica 6L,0,verificado
produto-midea-micro-ondas-de-embutir-35l-touch-preto.html,/produto-midea-micro-ondas-de-embutir-35l-touch-preto,produto,index,Midea Micro-ondas de Embutir 35L Touch Preto — Preço na Mira,https://preconamira.com.br/produto-midea-micro-ondas-de-embutir-35l-touch-preto,Midea Micro-ondas de Embutir 35L Touch Preto,0,verificado
produto-midea-mras22-micro-ondas-20l-branco.html,/produto-midea-mras22-micro-ondas-20l-branco,produto,index,Midea MRAS22 Micro-ondas 20L Branco — Preço na Mira,https://preconamira.com.br/produto-midea-mras22-micro-ondas-20l-branco,Midea MRAS22 Micro-ondas 20L Branco,0,verificado
produto-midea-nutripro-panela-de-pressao-eletrica-5l.html,/produto-midea-nutripro-panela-de-pressao-eletrica-5l,produto,index,Midea NutriPro Panela de Pressão Elétrica 5L — Preço na Mira,https://preconamira.com.br/produto-midea-nutripro-panela-de-pressao-eletrica-5l,Midea NutriPro Panela de Pressão Elétrica 5L,0,verificado
produto-midea-smart-home-lava-loucas-16-servicos.html,/produto-midea-smart-home-lava-loucas-16-servicos,produto,index,Lava-louças Midea Smart Home 16 Serviços Black — Preço na Mira,https://preconamira.com.br/produto-midea-smart-home-lava-loucas-16-servicos,Lava-louças Midea Smart Home 16 Serviços Black Inox,0,verificado
produto-midea-touch-plus-lava-loucas-8-servicos.html,/produto-midea-touch-plus-lava-loucas-8-servicos,produto,index,Lava-louças Midea Touch Plus 8 Serviços Cinza — Preço na Mira,https://preconamira.com.br/produto-midea-touch-plus-lava-loucas-8-servicos,Lava-louças Midea Touch Plus 8 Serviços Cinza,0,verificado
produto-misturador-agua-quente-fria-cozinha-gourmet-6256c604-cromado.html,/produto-misturador-agua-quente-fria-cozinha-gourmet-6256c604-cromado,produto,index,Misturador Agua Quente Fria Cozinha Gourmet — Preço na Mira,https://preconamira.com.br/produto-misturador-agua-quente-fria-cozinha-gourmet-6256c604-cromado,Misturador Agua Quente Fria Cozinha Gourmet 6256c604 Cromado,0,verificado
produto-misturador-de-argamassa-e-tinta-1200w-mel1200-menegotti.html,/produto-misturador-de-argamassa-e-tinta-1200w-mel1200-menegotti,produto,index,Misturador de Argamassa e Tinta 1200W MEL1200 — Preço na Mira,https://preconamira.com.br/produto-misturador-de-argamassa-e-tinta-1200w-mel1200-menegotti,Misturador de Argamassa e Tinta 1200W MEL1200 Menegotti,0,verificado
produto-misturador-eletrico-argamassa-1600w-hm140-cortag.html,/produto-misturador-eletrico-argamassa-1600w-hm140-cortag,produto,index,Misturador Eletrico Argamassa 1600W HM140 Cortag — Preço na Mira,https://preconamira.com.br/produto-misturador-eletrico-argamassa-1600w-hm140-cortag,Misturador Eletrico Argamassa 1600W HM140 Cortag,0,verificado
produto-mondial-air-fryer-forno-afon-12l-bg-12l.html,/produto-mondial-air-fryer-forno-afon-12l-bg-12l,produto,index,Mondial Air Fryer Forno AFON-12L-BG 12L — Preço na Mira,https://preconamira.com.br/produto-mondial-air-fryer-forno-afon-12l-bg-12l,Mondial Air Fryer Forno AFON-12L-BG 12L,0,verificado
produto-mondial-b-44-b-batedeira-pratica-400w.html,/produto-mondial-b-44-b-batedeira-pratica-400w,produto,index,Mondial B-44-B Batedeira Prática 400W — Preço na Mira,https://preconamira.com.br/produto-mondial-b-44-b-batedeira-pratica-400w,Mondial B-44-B Batedeira Prática 400W,0,verificado
produto-mondial-bp-03-b-batedeira-planetaria-700w.html,/produto-mondial-bp-03-b-batedeira-planetaria-700w,produto,index,Mondial BP-03-B Batedeira Planetária 700W — Preço na Mira,https://preconamira.com.br/produto-mondial-bp-03-b-batedeira-planetaria-700w,Mondial BP-03-B Batedeira Planetária 700W,0,verificado
produto-mondial-dolce-arome-c-34ji-15x-cafeteira-de-filtro.html,/produto-mondial-dolce-arome-c-34ji-15x-cafeteira-de-filtro,produto,index,Mondial Dolce Arome C-34JI-15X Cafeteira de — Preço na Mira,https://preconamira.com.br/produto-mondial-dolce-arome-c-34ji-15x-cafeteira-de-filtro,Mondial Dolce Arome C-34JI-15X Cafeteira de Filtro,0,verificado
produto-mondial-m07.html,/produto-mondial-m07,produto,index,Mondial Power Mixer Premium M-07 500W — Preço na Mira,https://preconamira.com.br/produto-mondial-m07,Mondial Power Mixer Premium M-07 500W,0,verificado
produto-mondial-m14.html,/produto-mondial-m14,produto,index,Mondial Mixer Turbo 3 em 1 M-14 — Preço na Mira,https://preconamira.com.br/produto-mondial-m14,Mondial Mixer Turbo 3 em 1 M-14,0,verificado
produto-mondial-m15b.html,/produto-mondial-m15b,produto,index,Mondial Mixer Pratic M-15-B 350W — Preço na Mira,https://preconamira.com.br/produto-mondial-m15b,Mondial Mixer Pratic M-15-B 350W,0,verificado
produto-mondial-pe-38-panela-de-pressao-eletrica-digital-5l-900w.html,/produto-mondial-pe-38-panela-de-pressao-eletrica-digital-5l-900w,produto,index,Mondial PE-38 Panela de Pressão Elétrica Digital — Preço na Mira,https://preconamira.com.br/produto-mondial-pe-38-panela-de-pressao-eletrica-digital-5l-900w,Mondial PE-38 Panela de Pressão Elétrica Digital 5L 900W,0,verificado
produto-mondial-pe-47-3l-i-panela-de-pressao-eletrica-3l-700w.html,/produto-mondial-pe-47-3l-i-panela-de-pressao-eletrica-3l-700w,produto,index,Mondial PE-47-3L-I Panela de Pressão Elétrica 3L — Preço na Mira,https://preconamira.com.br/produto-mondial-pe-47-3l-i-panela-de-pressao-eletrica-3l-700w,Mondial PE-47-3L-I Panela de Pressão Elétrica 3L 700W,0,verificado
produto-mondial-pratic-rice-pe-43-6x-panela-de-arroz.html,/produto-mondial-pratic-rice-pe-43-6x-panela-de-arroz,produto,index,Mondial Pratic Rice PE-43-6X Panela de Arroz — Preço na Mira,https://preconamira.com.br/produto-mondial-pratic-rice-pe-43-6x-panela-de-arroz,Mondial Pratic Rice PE-43-6X Panela de Arroz,0,verificado
produto-mondial-press-grill-180-pg-02-2000w.html,/produto-mondial-press-grill-180-pg-02-2000w,produto,index,Mondial Press Grill 180 PG-02 2000W — Preço na Mira,https://preconamira.com.br/produto-mondial-press-grill-180-pg-02-2000w,Mondial Press Grill 180 PG-02 2000W,0,verificado
produto-mondial-press-grill-red-ceramic-pg-01-rc-1000w.html,/produto-mondial-press-grill-red-ceramic-pg-01-rc-1000w,produto,index,Mondial Press Grill Red Ceramic PG-01-RC 1000W — Preço na Mira,https://preconamira.com.br/produto-mondial-press-grill-red-ceramic-pg-01-rc-1000w,Mondial Press Grill Red Ceramic PG-01-RC 1000W,0,verificado
produto-mondial-turbo-glass-l-1400-gi-liquidificador-1400w.html,/produto-mondial-turbo-glass-l-1400-gi-liquidificador-1400w,produto,index,Mondial Turbo Glass L-1400 GI Liquidificador — Preço na Mira,https://preconamira.com.br/produto-mondial-turbo-glass-l-1400-gi-liquidificador-1400w,Mondial Turbo Glass L-1400 GI Liquidificador 1400W,0,verificado
produto-mondial-turbo-l-1200-bi-liquidificador-1200w.html,/produto-mondial-turbo-l-1200-bi-liquidificador-1200w,produto,index,Mondial Turbo L-1200 BI Liquidificador 1200W — Preço na Mira,https://preconamira.com.br/produto-mondial-turbo-l-1200-bi-liquidificador-1200w,Mondial Turbo L-1200 BI Liquidificador 1200W,0,verificado
produto-mondial-turbo-power-l-99-fb-liquidificador-2-2l-550w.html,/produto-mondial-turbo-power-l-99-fb-liquidificador-2-2l-550w,produto,index,"Mondial Turbo Power L-99 FB Liquidificador 2,2L — Preço na Mira",https://preconamira.com.br/produto-mondial-turbo-power-l-99-fb-liquidificador-2-2l-550w,"Mondial Turbo Power L-99 FB Liquidificador 2,2L 550W",0,verificado
produto-monitor-lg-ultragear-24g411a-b-24-fhd-144hz-1ms-mbr-nvidia-g-sync-amd-freesync-hdr10.html,/produto-monitor-lg-ultragear-24g411a-b-24-fhd-144hz-1ms-mbr-nvidia-g-sync-amd-freesync-hdr10,produto,index,"Monitor LG UltraGear™ 24G411A-B 24"",FHD, 144Hz — Preço na Mira",https://preconamira.com.br/produto-monitor-lg-ultragear-24g411a-b-24-fhd-144hz-1ms-mbr-nvidia-g-sync-amd-freesync-hdr10,"Monitor LG UltraGear™ 24G411A-B 24"",FHD, 144Hz, 1ms (MBR), NVIDIA G-SYNC, AMD FreeSync, HDR10",0,verificado
produto-monocomando-c-saida-p-filtro-de-filtro-ibiza-cromada.html,/produto-monocomando-c-saida-p-filtro-de-filtro-ibiza-cromada,produto,index,Monocomando C Saida P Filtro de Filtro Ibiza — Preço na Mira,https://preconamira.com.br/produto-monocomando-c-saida-p-filtro-de-filtro-ibiza-cromada,Monocomando C Saida P Filtro de Filtro Ibiza Cromada,0,verificado
produto-montech-king-95-pro.html,/produto-montech-king-95-pro,produto,index,Montech King 95 Pro — Preço na Mira,https://preconamira.com.br/produto-montech-king-95-pro,Montech King 95 Pro,0,verificado
produto-montech-xr.html,/produto-montech-xr,produto,index,Montech XR — Preço na Mira,https://preconamira.com.br/produto-montech-xr,Montech XR,0,verificado
produto-motobomba-centrifuga-inox-1cv-eletroplas-mcs100nx-bivolt.html,/produto-motobomba-centrifuga-inox-1cv-eletroplas-mcs100nx-bivolt,produto,index,Motobomba Centrifuga INOX 1cv Eletroplas — Preço na Mira,https://preconamira.com.br/produto-motobomba-centrifuga-inox-1cv-eletroplas-mcs100nx-bivolt,Motobomba Centrifuga INOX 1cv Eletroplas Mcs100nx Bivolt,0,verificado
produto-motorola-edge-70-pro.html,/produto-motorola-edge-70-pro,produto,index,Motorola Edge 70 Pro 5G 256GB — Preço na Mira,https://preconamira.com.br/produto-motorola-edge-70-pro,Motorola Edge 70 Pro 5G 256GB,0,verificado
produto-motorola-moto-g86-5g.html,/produto-motorola-moto-g86-5g,produto,index,Motorola Moto g86 5G 256GB — Preço na Mira,https://preconamira.com.br/produto-motorola-moto-g86-5g,Motorola Moto g86 5G 256GB,0,verificado
produto-motorola-razr-70-ultra.html,/produto-motorola-razr-70-ultra,produto,index,Motorola Razr 70 Ultra 5G 512GB — Preço na Mira,https://preconamira.com.br/produto-motorola-razr-70-ultra,Motorola Razr 70 Ultra 5G 512GB,0,verificado
produto-msi-geforce-rtx-5060-shadow-2x-oc-8gb.html,/produto-msi-geforce-rtx-5060-shadow-2x-oc-8gb,produto,index,MSI GeForce RTX 5060 Shadow 2X OC 8GB — Preço na Mira,https://preconamira.com.br/produto-msi-geforce-rtx-5060-shadow-2x-oc-8gb,MSI GeForce RTX 5060 Shadow 2X OC 8GB,0,verificado
produto-msi-mag-a750gl-pcie5-750w.html,/produto-msi-mag-a750gl-pcie5-750w,produto,index,MSI MAG A750GL PCIe5 750W — Preço na Mira,https://preconamira.com.br/produto-msi-mag-a750gl-pcie5-750w,MSI MAG A750GL PCIe5 750W,0,verificado
produto-msi-mag-a850gl-pcie5-850w.html,/produto-msi-mag-a850gl-pcie5-850w,produto,index,MSI MAG A850GL PCIe5 850W — Preço na Mira,https://preconamira.com.br/produto-msi-mag-a850gl-pcie5-850w,MSI MAG A850GL PCIe5 850W,0,verificado
produto-msi-mpg-silent-pcie5-ii-1000w.html,/produto-msi-mpg-silent-pcie5-ii-1000w,produto,index,MSI MPG Silent PCIe5 II 1000W — Preço na Mira,https://preconamira.com.br/produto-msi-mpg-silent-pcie5-ii-1000w,MSI MPG Silent PCIe5 II 1000W,0,verificado
produto-nespresso-citiz-branca.html,/produto-nespresso-citiz-branca,produto,index,Nespresso CitiZ Branca — Preço na Mira,https://preconamira.com.br/produto-nespresso-citiz-branca,Nespresso CitiZ Branca,0,verificado
produto-nivel-a-laser-verde-12m-bosch-gll-2-12g.html,/produto-nivel-a-laser-verde-12m-bosch-gll-2-12g,produto,index,Nivel a Laser Verde 12M Bosch GLL 2 12G — Preço na Mira,https://preconamira.com.br/produto-nivel-a-laser-verde-12m-bosch-gll-2-12g,Nivel a Laser Verde 12M Bosch GLL 2 12G,0,verificado
produto-notebook-dell-inspiron-i15-i1300-a30p-15-6-i5-8gb-512gb-w11-preto.html,/produto-notebook-dell-inspiron-i15-i1300-a30p-15-6-i5-8gb-512gb-w11-preto,produto,index,Notebook Dell Inspiron I15-i1300-a30p 15.6 I5 — Preço na Mira,https://preconamira.com.br/produto-notebook-dell-inspiron-i15-i1300-a30p-15-6-i5-8gb-512gb-w11-preto,Notebook Dell Inspiron I15-i1300-a30p 15.6 I5 8gb 512gb W11 Preto,0,verificado
produto-notebook-gamer-lenovo-loq-15irx9-intel-core-i7-13645hx-16gb-512gb-ssd-rtx-4050-linux-15-6-83.html,/produto-notebook-gamer-lenovo-loq-15irx9-intel-core-i7-13645hx-16gb-512gb-ssd-rtx-4050-linux-15-6-83,produto,index,Notebook Gamer Lenovo Loq 15irx9 Intel Core — Preço na Mira,https://preconamira.com.br/produto-notebook-gamer-lenovo-loq-15irx9-intel-core-i7-13645hx-16gb-512gb-ssd-rtx-4050-linux-15-6-83,Notebook Gamer Lenovo Loq 15irx9 Intel Core i7-13645hx 16gb 512gb Ssd Rtx 4050 Linux 15.6 - 83khs00600 Luna Grey,0,verificado
produto-notebook-samsung-galaxy-book4-intel-u300-1-20-ghz-ate-4-4ghz-8-mb-l3-cache-windows-11-home-8.html,/produto-notebook-samsung-galaxy-book4-intel-u300-1-20-ghz-ate-4-4ghz-8-mb-l3-cache-windows-11-home-8,produto,index,Notebook Samsung Galaxy Book4 Intel® U300 (1.20 — Preço na Mira,https://preconamira.com.br/produto-notebook-samsung-galaxy-book4-intel-u300-1-20-ghz-ate-4-4ghz-8-mb-l3-cache-windows-11-home-8,"Notebook Samsung Galaxy Book4 Intel® U300 (1.20 Ghz, até 4.4GHz, 8 MB L3 Cache), Windows 11 Home, 8GB, 256GB SSD, UHD Graphics, 15.6'' Full HD LED, 1.55kg",0,verificado
produto-nova-digital-tomada-dupla-wifi-usb-c.html,/produto-nova-digital-tomada-dupla-wifi-usb-c,produto,index,Nova Digital Tomada Dupla Wi‑Fi + USB + USB‑C — Preço na Mira,https://preconamira.com.br/produto-nova-digital-tomada-dupla-wifi-usb-c,Nova Digital Tomada Dupla Wi‑Fi + USB + USB‑C,0,verificado
produto-oster-batedeira-planetaria-digital-bowl-inox-5l.html,/produto-oster-batedeira-planetaria-digital-bowl-inox-5l,produto,index,Oster Batedeira Planetária Digital Bowl Inox 5L — Preço na Mira,https://preconamira.com.br/produto-oster-batedeira-planetaria-digital-bowl-inox-5l,Oster Batedeira Planetária Digital Bowl Inox 5L,0,verificado
produto-oster-flavor-4401rd-cafeteira-programavel.html,/produto-oster-flavor-4401rd-cafeteira-programavel,produto,index,Oster Flavor 4401RD Cafeteira Programável — Preço na Mira,https://preconamira.com.br/produto-oster-flavor-4401rd-cafeteira-programavel,Oster Flavor 4401RD Cafeteira Programável,0,verificado
produto-oster-full-oliq610-liquidificador-15-velocidades-1400w.html,/produto-oster-full-oliq610-liquidificador-15-velocidades-1400w,produto,index,Oster Full OLIQ610 Liquidificador 15 Velocidades — Preço na Mira,https://preconamira.com.br/produto-oster-full-oliq610-liquidificador-15-velocidades-1400w,Oster Full OLIQ610 Liquidificador 15 Velocidades 1400W,0,verificado
produto-oster-ofor160-forno-e-fryer-10-em-1-15l-1600w.html,/produto-oster-ofor160-forno-e-fryer-10-em-1-15l-1600w,produto,index,Oster OFOR160 Forno e Fryer 10 em 1 15L 1600W — Preço na Mira,https://preconamira.com.br/produto-oster-ofor160-forno-e-fryer-10-em-1-15l-1600w,Oster OFOR160 Forno e Fryer 10 em 1 15L 1600W,0,verificado
produto-oster-ofor455-forno-eletrico-45l-grafite.html,/produto-oster-ofor455-forno-eletrico-45l-grafite,produto,index,Oster OFOR455 Forno Elétrico 45L Grafite — Preço na Mira,https://preconamira.com.br/produto-oster-ofor455-forno-eletrico-45l-grafite,Oster OFOR455 Forno Elétrico 45L Grafite,0,verificado
produto-oster-ogrl610-grill-eletrico-multiuso-2-em-1.html,/produto-oster-ogrl610-grill-eletrico-multiuso-2-em-1,produto,index,Oster OGRL610 Grill Elétrico Multiuso 2 em 1 — Preço na Mira,https://preconamira.com.br/produto-oster-ogrl610-grill-eletrico-multiuso-2-em-1,Oster OGRL610 Grill Elétrico Multiuso 2 em 1,0,verificado
produto-oster-osan500-sanduicheira-inox.html,/produto-oster-osan500-sanduicheira-inox,produto,index,Oster OSAN500 Sanduicheira Inox — Preço na Mira,https://preconamira.com.br/produto-oster-osan500-sanduicheira-inox,Oster OSAN500 Sanduicheira Inox,0,verificado
produto-oster-planetaria-black-iii-obat640-850w.html,/produto-oster-planetaria-black-iii-obat640-850w,produto,index,Oster Planetária Black III OBAT640 850W — Preço na Mira,https://preconamira.com.br/produto-oster-planetaria-black-iii-obat640-850w,Oster Planetária Black III OBAT640 850W,0,verificado
produto-oster-xpert-perfect-brew-cafeteira-espresso.html,/produto-oster-xpert-perfect-brew-cafeteira-espresso,produto,index,Oster Xpert Perfect Brew Cafeteira Espresso — Preço na Mira,https://preconamira.com.br/produto-oster-xpert-perfect-brew-cafeteira-espresso,Oster Xpert Perfect Brew Cafeteira Espresso,0,verificado
produto-oster-xtreme-mix-liquidificador-profissional-2l-tritan.html,/produto-oster-xtreme-mix-liquidificador-profissional-2l-tritan,produto,index,Oster Xtreme Mix Liquidificador Profissional 2L — Preço na Mira,https://preconamira.com.br/produto-oster-xtreme-mix-liquidificador-profissional-2l-tritan,Oster Xtreme Mix Liquidificador Profissional 2L Tritan,0,verificado
produto-panasonic-nn-cd89nbru-micro-ondas-4-em-1-airfryer-30l.html,/produto-panasonic-nn-cd89nbru-micro-ondas-4-em-1-airfryer-30l,produto,index,Panasonic NN-CD89NBRU Micro-ondas 4 em 1 — Preço na Mira,https://preconamira.com.br/produto-panasonic-nn-cd89nbru-micro-ondas-4-em-1-airfryer-30l,Panasonic NN-CD89NBRU Micro-ondas 4 em 1 Airfryer 30L,0,verificado
produto-panasonic-nn-st25lwru-micro-ondas-antibacteria-21l-branco.html,/produto-panasonic-nn-st25lwru-micro-ondas-antibacteria-21l-branco,produto,index,Panasonic NN-ST25LWRU Micro-ondas Antibacteria — Preço na Mira,https://preconamira.com.br/produto-panasonic-nn-st25lwru-micro-ondas-antibacteria-21l-branco,Panasonic NN-ST25LWRU Micro-ondas Antibacteria 21L Branco,0,verificado
produto-panasonic-nn-st67lsru-micro-ondas-34l-inox.html,/produto-panasonic-nn-st67lsru-micro-ondas-34l-inox,produto,index,Panasonic NN-ST67LSRU Micro-ondas 34L Inox — Preço na Mira,https://preconamira.com.br/produto-panasonic-nn-st67lsru-micro-ondas-34l-inox,Panasonic NN-ST67LSRU Micro-ondas 34L Inox,0,verificado
produto-papaiz-sl205.html,/produto-papaiz-sl205,produto,index,Papaiz SL205 Fechadura Digital Biométrica — Preço na Mira,https://preconamira.com.br/produto-papaiz-sl205,Papaiz SL205 Fechadura Digital Biométrica,0,verificado
produto-parafusadeira-furadeira-de-impacto-dewalt-dcd7781d2-20v-brushless-mandril-13mm-torque-65nm.html,/produto-parafusadeira-furadeira-de-impacto-dewalt-dcd7781d2-20v-brushless-mandril-13mm-torque-65nm,produto,index,Parafusadeira Furadeira de Impacto DeWalt — Preço na Mira,https://preconamira.com.br/produto-parafusadeira-furadeira-de-impacto-dewalt-dcd7781d2-20v-brushless-mandril-13mm-torque-65nm,Parafusadeira Furadeira de Impacto DeWalt DCD7781D2 20V Brushless Mandril 13MM Torque 65NM com 2 Baterias Carregador Bivolt e Maleta,0,verificado
produto-pendente-luminaria-cristal-metal-quarto-banheiro-dourado.html,/produto-pendente-luminaria-cristal-metal-quarto-banheiro-dourado,produto,index,Pendente Luminaria Cristal Metal Quarto Banheiro — Preço na Mira,https://preconamira.com.br/produto-pendente-luminaria-cristal-metal-quarto-banheiro-dourado,Pendente Luminaria Cristal Metal Quarto Banheiro Dourado,0,verificado
produto-philco-p32crb.html,/produto-philco-p32crb,produto,index,Philco P32CRB 32” Roku TV — Preço na Mira,https://preconamira.com.br/produto-philco-p32crb,Philco P32CRB 32” Roku TV,0,verificado
produto-philco-p50crb.html,/produto-philco-p50crb,produto,index,Philco P50CRB 50” 4K Roku TV — Preço na Mira,https://preconamira.com.br/produto-philco-p50crb,Philco P50CRB 50” 4K Roku TV,0,verificado
produto-philco-pbs60.html,/produto-philco-pbs60,produto,index,Philco Extreme PBS60 — Preço na Mira,https://preconamira.com.br/produto-philco-pbs60,Philco Extreme PBS60,0,verificado
produto-philco-pbx01.html,/produto-philco-pbx01,produto,index,Philco Extreme PBX01 — Preço na Mira,https://preconamira.com.br/produto-philco-pbx01,Philco Extreme PBX01,0,verificado
produto-philco-pct05ifp-cooktop-de-inducao-5-zonas-9300w.html,/produto-philco-pct05ifp-cooktop-de-inducao-5-zonas-9300w,produto,index,Philco PCT05IFP Cooktop de Indução 5 Zonas 9300W — Preço na Mira,https://preconamira.com.br/produto-philco-pct05ifp-cooktop-de-inducao-5-zonas-9300w,Philco PCT05IFP Cooktop de Indução 5 Zonas 9300W,0,verificado
produto-philco-pct10a-cooktop-de-inducao-1-boca-portatil.html,/produto-philco-pct10a-cooktop-de-inducao-1-boca-portatil,produto,index,Philco PCT10A Cooktop de Indução 1 Boca Portátil — Preço na Mira,https://preconamira.com.br/produto-philco-pct10a-cooktop-de-inducao-1-boca-portatil,Philco PCT10A Cooktop de Indução 1 Boca Portátil,0,verificado
produto-philco-pct11p-cooktop-de-inducao-turbo-2-zonas-3400w.html,/produto-philco-pct11p-cooktop-de-inducao-turbo-2-zonas-3400w,produto,index,Philco PCT11P Cooktop de Indução Turbo 2 Zonas — Preço na Mira,https://preconamira.com.br/produto-philco-pct11p-cooktop-de-inducao-turbo-2-zonas-3400w,Philco PCT11P Cooktop de Indução Turbo 2 Zonas 3400W,0,verificado
produto-philco-pcx22000.html,/produto-philco-pcx22000,produto,index,Philco Extreme PCX22000 — Preço na Mira,https://preconamira.com.br/produto-philco-pcx22000,Philco Extreme PCX22000,0,verificado
produto-philco-pcx4800.html,/produto-philco-pcx4800,produto,index,Philco Extreme PCX4800 — Preço na Mira,https://preconamira.com.br/produto-philco-pcx4800,Philco Extreme PCX4800,0,verificado
produto-philco-pfe52p-forno-eletrico-50l.html,/produto-philco-pfe52p-forno-eletrico-50l,produto,index,Philco PFE52P Forno Elétrico 50L — Preço na Mira,https://preconamira.com.br/produto-philco-pfe52p-forno-eletrico-50l,Philco PFE52P Forno Elétrico 50L,0,verificado
produto-philco-pfe60i-forno-eletrico-60l-preto-inox.html,/produto-philco-pfe60i-forno-eletrico-60l-preto-inox,produto,index,Philco PFE60I Forno Elétrico 60L Preto/Inox — Preço na Mira,https://preconamira.com.br/produto-philco-pfe60i-forno-eletrico-60l-preto-inox,Philco PFE60I Forno Elétrico 60L Preto/Inox,0,verificado
produto-philco-prf504i-side-by-side-489l.html,/produto-philco-prf504i-side-by-side-489l,produto,index,Geladeira Philco PRF504I Side by Side 489 L — Preço na Mira,https://preconamira.com.br/produto-philco-prf504i-side-by-side-489l,Geladeira Philco PRF504I Side by Side 489 L,0,verificado
produto-philips-32phg6910.html,/produto-philips-32phg6910,produto,index,Philips 32PHG6910/78 32” HD — Preço na Mira,https://preconamira.com.br/produto-philips-32phg6910,Philips 32PHG6910/78 32” HD,0,verificado
produto-philips-75pug8100.html,/produto-philips-75pug8100,produto,index,Philips 75PUG8100/78 75” 4K Ambilight — Preço na Mira,https://preconamira.com.br/produto-philips-75pug8100,Philips 75PUG8100/78 75” 4K Ambilight,0,verificado
produto-philips-hue-a60-e27-1100.html,/produto-philips-hue-a60-e27-1100,produto,index,Philips Hue A60 E27 White &amp; Color Ambiance 1100 — Preço na Mira,https://preconamira.com.br/produto-philips-hue-a60-e27-1100,Philips Hue A60 E27 White &amp; Color Ambiance 1100,0,verificado
produto-philips-ri2622-42.html,/produto-philips-ri2622-42,produto,index,Philips Walita Viva Collection ProMix RI2622/42 — Preço na Mira,https://preconamira.com.br/produto-philips-ri2622-42,Philips Walita Viva Collection ProMix RI2622/42,0,verificado
produto-philips-ri2622-70.html,/produto-philips-ri2622-70,produto,index,Philips Walita Daily Collection RI2622/70 — Preço na Mira,https://preconamira.com.br/produto-philips-ri2622-70,Philips Walita Daily Collection RI2622/70,0,verificado
produto-philips-serie-1200-ep1220-cafeteira-espresso-automatica.html,/produto-philips-serie-1200-ep1220-cafeteira-espresso-automatica,produto,index,Philips Série 1200 EP1220 Cafeteira Espresso — Preço na Mira,https://preconamira.com.br/produto-philips-serie-1200-ep1220-cafeteira-espresso-automatica,Philips Série 1200 EP1220 Cafeteira Espresso Automática,0,verificado
produto-philips-tas1505b-00.html,/produto-philips-tas1505b-00,produto,index,Philips TAS1505B/00 — Preço na Mira,https://preconamira.com.br/produto-philips-tas1505b-00,Philips TAS1505B/00,0,verificado
produto-philips-tax4000-78.html,/produto-philips-tax4000-78,produto,index,Philips Party Speaker TAX4000/78 — Preço na Mira,https://preconamira.com.br/produto-philips-tax4000-78,Philips Party Speaker TAX4000/78,0,verificado
produto-philips-tax400b-00.html,/produto-philips-tax400b-00,produto,index,Philips BoomBeat TAX400B/00 — Preço na Mira,https://preconamira.com.br/produto-philips-tax400b-00,Philips BoomBeat TAX400B/00,0,verificado
produto-philips-tax4209-78.html,/produto-philips-tax4209-78,produto,index,Philips Party Speaker TAX4209/78 — Preço na Mira,https://preconamira.com.br/produto-philips-tax4209-78,Philips Party Speaker TAX4209/78,0,verificado
produto-philips-tax5000-78.html,/produto-philips-tax5000-78,produto,index,Philips Party Speaker TAX5000/78 — Preço na Mira,https://preconamira.com.br/produto-philips-tax5000-78,Philips Party Speaker TAX5000/78,0,verificado
produto-philips-tax5509-78.html,/produto-philips-tax5509-78,produto,index,Philips Party Speaker TAX5509/78 — Preço na Mira,https://preconamira.com.br/produto-philips-tax5509-78,Philips Party Speaker TAX5509/78,0,verificado
produto-philips-walita-airfryer-forno-ai551-08-12l.html,/produto-philips-walita-airfryer-forno-ai551-08-12l,produto,index,Philips Walita Airfryer Forno AI551/08 12L — Preço na Mira,https://preconamira.com.br/produto-philips-walita-airfryer-forno-ai551-08-12l,Philips Walita Airfryer Forno AI551/08 12L,0,verificado
produto-philips-walita-airfryer-serie-3000-xl-ri9270.html,/produto-philips-walita-airfryer-serie-3000-xl-ri9270,produto,index,Philips Walita Airfryer Série 3000 XL RI9270 — Preço na Mira,https://preconamira.com.br/produto-philips-walita-airfryer-serie-3000-xl-ri9270,Philips Walita Airfryer Série 3000 XL RI9270,0,verificado
produto-philips-walita-daily-ri2110-liquidificador-2l-550w.html,/produto-philips-walita-daily-ri2110-liquidificador-2l-550w,produto,index,Philips Walita Daily RI2110 Liquidificador 2L — Preço na Mira,https://preconamira.com.br/produto-philips-walita-daily-ri2110-liquidificador-2l-550w,Philips Walita Daily RI2110 Liquidificador 2L 550W,0,verificado
produto-philips-walita-serie-3000-hr2271-liquidificador-1200w.html,/produto-philips-walita-serie-3000-hr2271-liquidificador-1200w,produto,index,Philips Walita Série 3000 HR2271 Liquidificador — Preço na Mira,https://preconamira.com.br/produto-philips-walita-serie-3000-hr2271-liquidificador-1200w,Philips Walita Série 3000 HR2271 Liquidificador 1200W,0,verificado
produto-philips-walita-serie-5000-ri2244-liquidificador-1400w.html,/produto-philips-walita-serie-5000-ri2244-liquidificador-1400w,produto,index,Philips Walita Série 5000 RI2244 Liquidificador — Preço na Mira,https://preconamira.com.br/produto-philips-walita-serie-5000-ri2244-liquidificador-1400w,Philips Walita Série 5000 RI2244 Liquidificador 1400W,0,verificado
produto-pia-esculpida-branca-70x45-banheiro-porcelanato-polido.html,/produto-pia-esculpida-branca-70x45-banheiro-porcelanato-polido,produto,index,Pia Esculpida Branca 70x45 Banheiro Porcelanato — Preço na Mira,https://preconamira.com.br/produto-pia-esculpida-branca-70x45-banheiro-porcelanato-polido,Pia Esculpida Branca 70x45 Banheiro Porcelanato Polido,0,verificado
produto-pia-esculpida-branca-90x45-banheiro-porcelanato-polido.html,/produto-pia-esculpida-branca-90x45-banheiro-porcelanato-polido,produto,index,Pia Esculpida Branca 90x45 Banheiro Porcelanato — Preço na Mira,https://preconamira.com.br/produto-pia-esculpida-branca-90x45-banheiro-porcelanato-polido,Pia Esculpida Branca 90x45 Banheiro Porcelanato Polido,0,verificado
produto-placa-mae-asus-p-amd-am4-b550m-plus-tuf-gaming-4xddr4-matx.html,/produto-placa-mae-asus-p-amd-am4-b550m-plus-tuf-gaming-4xddr4-matx,produto,index,Placa-mãe Asus P/amd Am4 B550m-plus Tuf Gaming — Preço na Mira,https://preconamira.com.br/produto-placa-mae-asus-p-amd-am4-b550m-plus-tuf-gaming-4xddr4-matx,Placa-mãe Asus P/amd Am4 B550m-plus Tuf Gaming 4xddr4 Matx,0,verificado
produto-placa-vibratoria-kawashima-pc900-13kn-7hp-compactadora-de-solo.html,/produto-placa-vibratoria-kawashima-pc900-13kn-7hp-compactadora-de-solo,produto,index,Placa Vibratoria Kawashima PC900 13KN 7HP — Preço na Mira,https://preconamira.com.br/produto-placa-vibratoria-kawashima-pc900-13kn-7hp-compactadora-de-solo,Placa Vibratoria Kawashima PC900 13KN 7HP Compactadora de Solo,0,verificado
produto-plafon-led-40w-starbright-sobrepor-teto-40x40-branco-neutro-preto.html,/produto-plafon-led-40w-starbright-sobrepor-teto-40x40-branco-neutro-preto,produto,index,Plafon LED 40W Starbright Sobrepor Teto 40x40 — Preço na Mira,https://preconamira.com.br/produto-plafon-led-40w-starbright-sobrepor-teto-40x40-branco-neutro-preto,Plafon LED 40W Starbright Sobrepor Teto 40x40 Branco Neutro Preto,0,verificado
produto-positivo-kit-casa-inteligente.html,/produto-positivo-kit-casa-inteligente,produto,index,Kit Positivo Casa Inteligente — Lâmpada + Smart — Preço na Mira,https://preconamira.com.br/produto-positivo-kit-casa-inteligente,Kit Positivo Casa Inteligente — Lâmpada + Smart Plug + Controle,0,verificado
produto-positivo-smart-lamp-10w.html,/produto-positivo-smart-lamp-10w,produto,index,Positivo Casa Inteligente Smart Lâmpada Wi‑Fi — Preço na Mira,https://preconamira.com.br/produto-positivo-smart-lamp-10w,Positivo Casa Inteligente Smart Lâmpada Wi‑Fi RGB 10W,0,verificado
produto-praxis-llpp-lava-loucas-portatil.html,/produto-praxis-llpp-lava-loucas-portatil,produto,index,Lava-louças Portátil Praxis LLPP Semiautomática — Preço na Mira,https://preconamira.com.br/produto-praxis-llpp-lava-loucas-portatil,Lava-louças Portátil Praxis LLPP Semiautomática,0,verificado
produto-prego-para-telha-shingle-anelado-galvanizado-35x25mm.html,/produto-prego-para-telha-shingle-anelado-galvanizado-35x25mm,produto,index,Prego para Telha Shingle Anelado Galvanizado — Preço na Mira,https://preconamira.com.br/produto-prego-para-telha-shingle-anelado-galvanizado-35x25mm,Prego para Telha Shingle Anelado Galvanizado 35x25MM,0,verificado
produto-premium-acrilica-manta-liquida-18kg-emborrachada-impermeavel.html,/produto-premium-acrilica-manta-liquida-18kg-emborrachada-impermeavel,produto,index,Premium Acrilica Manta Liquida 18kg Emborrachada — Preço na Mira,https://preconamira.com.br/produto-premium-acrilica-manta-liquida-18kg-emborrachada-impermeavel,Premium Acrilica Manta Liquida 18kg Emborrachada Impermeavel,0,verificado
produto-pressurizador-de-agua-lorenzetti-pl12-para-casas-e-apartamentos.html,/produto-pressurizador-de-agua-lorenzetti-pl12-para-casas-e-apartamentos,produto,index,Pressurizador de Agua Lorenzetti Pl12 para Casas — Preço na Mira,https://preconamira.com.br/produto-pressurizador-de-agua-lorenzetti-pl12-para-casas-e-apartamentos,Pressurizador de Agua Lorenzetti Pl12 para Casas e Apartamentos,0,verificado
produto-pressurizador-de-agua-pl20-lorenzetti-220v-350w.html,/produto-pressurizador-de-agua-pl20-lorenzetti-220v-350w,produto,index,Pressurizador de Agua Pl20 Lorenzetti 220V 350W — Preço na Mira,https://preconamira.com.br/produto-pressurizador-de-agua-pl20-lorenzetti-220v-350w,Pressurizador de Agua Pl20 Lorenzetti 220V 350W,0,verificado
produto-pressurizador-grundfos-scala2-34cv-monofasico-550w.html,/produto-pressurizador-grundfos-scala2-34cv-monofasico-550w,produto,index,Pressurizador Grundfos Scala2 34cv Monofasico — Preço na Mira,https://preconamira.com.br/produto-pressurizador-grundfos-scala2-34cv-monofasico-550w,Pressurizador Grundfos Scala2 34cv Monofasico 550W,0,verificado
produto-promocao-10m-fita-3528-rgb-cf5a-controle-e-amplificador.html,/produto-promocao-10m-fita-3528-rgb-cf5a-controle-e-amplificador,produto,index,Promocao 10m Fita 3528 RGB Cf5a Controle e — Preço na Mira,https://preconamira.com.br/produto-promocao-10m-fita-3528-rgb-cf5a-controle-e-amplificador,Promocao 10m Fita 3528 RGB Cf5a Controle e Amplificador,0,verificado
produto-qcy-ailybuds-pro-plus-ht10.html,/produto-qcy-ailybuds-pro-plus-ht10,produto,index,QCY AilyBuds Pro+ (HT10) — Preço na Mira,https://preconamira.com.br/produto-qcy-ailybuds-pro-plus-ht10,QCY AilyBuds Pro+ (HT10),0,verificado
produto-qcy-h3.html,/produto-qcy-h3,produto,index,QCY H3 — Preço na Mira,https://preconamira.com.br/produto-qcy-h3,QCY H3,0,verificado
produto-qcy-melobuds-pro-ht08.html,/produto-qcy-melobuds-pro-ht08,produto,index,QCY MeloBuds Pro (HT08) — Preço na Mira,https://preconamira.com.br/produto-qcy-melobuds-pro-ht08,QCY MeloBuds Pro (HT08),0,verificado
produto-quadro-de-distribuicao-sobrepor-qdw02-36-bs-weg.html,/produto-quadro-de-distribuicao-sobrepor-qdw02-36-bs-weg,produto,index,Quadro de Distribuicao Sobrepor QDW02 36 Bs WEG — Preço na Mira,https://preconamira.com.br/produto-quadro-de-distribuicao-sobrepor-qdw02-36-bs-weg,Quadro de Distribuicao Sobrepor QDW02 36 Bs WEG,0,verificado
produto-quadro-distribuicao-de-embutir-24-disjuntores-2-barramentos.html,/produto-quadro-distribuicao-de-embutir-24-disjuntores-2-barramentos,produto,index,Quadro Distribuicao de Embutir 24 Disjuntores 2 — Preço na Mira,https://preconamira.com.br/produto-quadro-distribuicao-de-embutir-24-disjuntores-2-barramentos,Quadro Distribuicao de Embutir 24 Disjuntores 2 Barramentos,0,verificado
produto-qualitronix-smart-lamp-10w.html,/produto-qualitronix-smart-lamp-10w,produto,index,Qualitronix Smart Lâmpada Wi‑Fi Color E27 10W — Preço na Mira,https://preconamira.com.br/produto-qualitronix-smart-lamp-10w,Qualitronix Smart Lâmpada Wi‑Fi Color E27 10W,0,verificado
produto-quartzolit-tecplus-1-aditivo-impermeabilizante-3-6-l.html,/produto-quartzolit-tecplus-1-aditivo-impermeabilizante-3-6-l,produto,index,Quartzolit Tecplus 1 — Aditivo impermeabilizante — Preço na Mira,https://preconamira.com.br/produto-quartzolit-tecplus-1-aditivo-impermeabilizante-3-6-l,"Quartzolit Tecplus 1 — Aditivo impermeabilizante 3,6 L",0,verificado
produto-quartzolit-tecplus-top-impermeabilizante-18-kg.html,/produto-quartzolit-tecplus-top-impermeabilizante-18-kg,produto,index,Quartzolit Tecplus Top — Impermeabilizante 18 kg — Preço na Mira,https://preconamira.com.br/produto-quartzolit-tecplus-top-impermeabilizante-18-kg,Quartzolit Tecplus Top — Impermeabilizante 18 kg,0,verificado
produto-redmi-buds-6-pro.html,/produto-redmi-buds-6-pro,produto,index,REDMI Buds 6 Pro — Preço na Mira,https://preconamira.com.br/produto-redmi-buds-6-pro,REDMI Buds 6 Pro,0,verificado
produto-redmi-buds-8-lite.html,/produto-redmi-buds-8-lite,produto,index,REDMI Buds 8 Lite — Preço na Mira,https://preconamira.com.br/produto-redmi-buds-8-lite,REDMI Buds 8 Lite,0,verificado
produto-redmi-buds-8-pro.html,/produto-redmi-buds-8-pro,produto,index,REDMI Buds 8 Pro — Preço na Mira,https://preconamira.com.br/produto-redmi-buds-8-pro,REDMI Buds 8 Pro,0,verificado
produto-redmi-watch-5-active.html,/produto-redmi-watch-5-active,produto,index,REDMI Watch 5 Active — Preço na Mira,https://preconamira.com.br/produto-redmi-watch-5-active,REDMI Watch 5 Active,0,verificado
produto-redmi-watch-5-lite.html,/produto-redmi-watch-5-lite,produto,index,REDMI Watch 5 Lite — Preço na Mira,https://preconamira.com.br/produto-redmi-watch-5-lite,REDMI Watch 5 Lite,0,verificado
produto-redragon-cobra-m711-rgb-white.html,/produto-redragon-cobra-m711-rgb-white,produto,index,Redragon Cobra M711 RGB White — Preço na Mira,https://preconamira.com.br/produto-redragon-cobra-m711-rgb-white,Redragon Cobra M711 RGB White,0,verificado
produto-redragon-king-pro-4k.html,/produto-redragon-king-pro-4k,produto,index,Redragon King Pro 4K — Preço na Mira,https://preconamira.com.br/produto-redragon-king-pro-4k,Redragon King Pro 4K,0,verificado
produto-redragon-kumara-k552-rgb-outemu-brown.html,/produto-redragon-kumara-k552-rgb-outemu-brown,produto,index,Redragon Kumara/K552 RGB Outemu Brown — Preço na Mira,https://preconamira.com.br/produto-redragon-kumara-k552-rgb-outemu-brown,Redragon Kumara/K552 RGB Outemu Brown,0,verificado
produto-refletor-led-50w-6500k-4750lm-ip65-bvp152-g2-philips.html,/produto-refletor-led-50w-6500k-4750lm-ip65-bvp152-g2-philips,produto,index,Refletor LED 50W 6500k 4750lm IP65 Bvp152 G2 — Preço na Mira,https://preconamira.com.br/produto-refletor-led-50w-6500k-4750lm-ip65-bvp152-g2-philips,Refletor LED 50W 6500k 4750lm IP65 Bvp152 G2 Philips,0,verificado
produto-rejunte-acrilico-pronto-multi-uso-fungo-mofo-banheiro-1kg.html,/produto-rejunte-acrilico-pronto-multi-uso-fungo-mofo-banheiro-1kg,produto,index,Rejunte Acrilico Pronto Multi Uso Fungo Mofo — Preço na Mira,https://preconamira.com.br/produto-rejunte-acrilico-pronto-multi-uso-fungo-mofo-banheiro-1kg,Rejunte Acrilico Pronto Multi Uso Fungo Mofo Banheiro 1kg,0,verificado
produto-rejunte-acrilico-superfino-2kg-quartzolit.html,/produto-rejunte-acrilico-superfino-2kg-quartzolit,produto,index,Rejunte Acrilico Superfino 2kg Quartzolit — Preço na Mira,https://preconamira.com.br/produto-rejunte-acrilico-superfino-2kg-quartzolit,Rejunte Acrilico Superfino 2kg Quartzolit,0,verificado
produto-rejunte-acrilico-weber-quartzolit-1kg-cores-cor-branco.html,/produto-rejunte-acrilico-weber-quartzolit-1kg-cores-cor-branco,produto,index,Rejunte Acrilico Weber Quartzolit 1kg Cores Cor — Preço na Mira,https://preconamira.com.br/produto-rejunte-acrilico-weber-quartzolit-1kg-cores-cor-branco,Rejunte Acrilico Weber Quartzolit 1kg Cores Cor Branco,0,verificado
produto-rejunte-epoxi-piscinas-portokoll-azul-celeste-kit-10un.html,/produto-rejunte-epoxi-piscinas-portokoll-azul-celeste-kit-10un,produto,index,Rejunte Epoxi Piscinas Portokoll Azul Celeste — Preço na Mira,https://preconamira.com.br/produto-rejunte-epoxi-piscinas-portokoll-azul-celeste-kit-10un,Rejunte Epoxi Piscinas Portokoll Azul Celeste Kit 10un,0,verificado
produto-rejunte-epoxi-super-facil-1kg-quartzolit-varias-cores.html,/produto-rejunte-epoxi-super-facil-1kg-quartzolit-varias-cores,produto,index,Rejunte Epoxi Super Facil 1kg Quartzolit Varias — Preço na Mira,https://preconamira.com.br/produto-rejunte-epoxi-super-facil-1kg-quartzolit-varias-cores,Rejunte Epoxi Super Facil 1kg Quartzolit Varias Cores,0,verificado
produto-rejunte-epoxi-superfacil-quartzolit-1kg-branco.html,/produto-rejunte-epoxi-superfacil-quartzolit-1kg-branco,produto,index,Rejunte Epoxi Superfacil Quartzolit 1kg Branco — Preço na Mira,https://preconamira.com.br/produto-rejunte-epoxi-superfacil-quartzolit-1kg-branco,Rejunte Epoxi Superfacil Quartzolit 1kg Branco,0,verificado
produto-respirador-3m-mascaras-de-gas-viseira-capacete.html,/produto-respirador-3m-mascaras-de-gas-viseira-capacete,produto,index,Respirador 3M Mascaras de Gas Viseira Capacete — Preço na Mira,https://preconamira.com.br/produto-respirador-3m-mascaras-de-gas-viseira-capacete,Respirador 3M Mascaras de Gas Viseira Capacete,0,verificado
produto-ring-video-doorbell-2nd.html,/produto-ring-video-doorbell-2nd,produto,index,Ring Video Doorbell 2ª Geração — Preço na Mira,https://preconamira.com.br/produto-ring-video-doorbell-2nd,Ring Video Doorbell 2ª Geração,0,verificado
produto-rochedo-ceramic-rose-gold-5p.html,/produto-rochedo-ceramic-rose-gold-5p,produto,index,Rochedo Ceramic Rose Gold Jogo de Panelas 5 — Preço na Mira,https://preconamira.com.br/produto-rochedo-ceramic-rose-gold-5p,Rochedo Ceramic Rose Gold Jogo de Panelas 5 Peças,0,verificado
produto-rochedo-stone-pro-5p.html,/produto-rochedo-stone-pro-5p,produto,index,Rochedo Stone Pro Jogo de Panelas 5 Peças — Preço na Mira,https://preconamira.com.br/produto-rochedo-stone-pro-5p,Rochedo Stone Pro Jogo de Panelas 5 Peças,0,verificado
produto-samsung-990-evo-plus-1tb.html,/produto-samsung-990-evo-plus-1tb,produto,index,Samsung 990 EVO Plus 1TB — Preço na Mira,https://preconamira.com.br/produto-samsung-990-evo-plus-1tb,Samsung 990 EVO Plus 1TB,0,verificado
produto-samsung-990-evo-plus-2tb.html,/produto-samsung-990-evo-plus-2tb,produto,index,Samsung 990 EVO Plus 2TB — Preço na Mira,https://preconamira.com.br/produto-samsung-990-evo-plus-2tb,Samsung 990 EVO Plus 2TB,0,verificado
produto-samsung-990-evo-plus-4tb.html,/produto-samsung-990-evo-plus-4tb,produto,index,Samsung 990 EVO Plus 4TB — Preço na Mira,https://preconamira.com.br/produto-samsung-990-evo-plus-4tb,Samsung 990 EVO Plus 4TB,0,verificado
produto-samsung-eb-p3400-power-bank-10000mah-25w.html,/produto-samsung-eb-p3400-power-bank-10000mah-25w,produto,index,Samsung EB-P3400 Power Bank 10000mAh 25W — Preço na Mira,https://preconamira.com.br/produto-samsung-eb-p3400-power-bank-10000mah-25w,Samsung EB-P3400 Power Bank 10000mAh 25W,0,verificado
produto-samsung-galaxy-a57-5g.html,/produto-samsung-galaxy-a57-5g,produto,index,Samsung Galaxy A57 5G 256GB — Preço na Mira,https://preconamira.com.br/produto-samsung-galaxy-a57-5g,Samsung Galaxy A57 5G 256GB,0,verificado
produto-samsung-galaxy-buds3-fe.html,/produto-samsung-galaxy-buds3-fe,produto,index,Samsung Galaxy Buds3 FE — Preço na Mira,https://preconamira.com.br/produto-samsung-galaxy-buds3-fe,Samsung Galaxy Buds3 FE,0,verificado
produto-samsung-galaxy-buds4-pro.html,/produto-samsung-galaxy-buds4-pro,produto,index,Samsung Galaxy Buds4 Pro — Preço na Mira,https://preconamira.com.br/produto-samsung-galaxy-buds4-pro,Samsung Galaxy Buds4 Pro,0,verificado
produto-samsung-galaxy-buds4.html,/produto-samsung-galaxy-buds4,produto,index,Samsung Galaxy Buds4 — Preço na Mira,https://preconamira.com.br/produto-samsung-galaxy-buds4,Samsung Galaxy Buds4,0,verificado
produto-samsung-galaxy-fit3.html,/produto-samsung-galaxy-fit3,produto,index,Samsung Galaxy Fit3 — Preço na Mira,https://preconamira.com.br/produto-samsung-galaxy-fit3,Samsung Galaxy Fit3,0,verificado
produto-samsung-galaxy-s26-ultra.html,/produto-samsung-galaxy-s26-ultra,produto,index,Samsung Galaxy S26 Ultra — Preço na Mira,https://preconamira.com.br/produto-samsung-galaxy-s26-ultra,Samsung Galaxy S26 Ultra,0,verificado
produto-samsung-galaxy-tab-a11.html,/produto-samsung-galaxy-tab-a11,produto,index,Samsung Galaxy Tab A11 128GB — Preço na Mira,https://preconamira.com.br/produto-samsung-galaxy-tab-a11,Samsung Galaxy Tab A11 128GB,0,verificado
produto-samsung-hw-b400f.html,/produto-samsung-hw-b400f,produto,index,Samsung Soundbar HW-B400F/ZD — Preço na Mira,https://preconamira.com.br/produto-samsung-hw-b400f,Samsung Soundbar HW-B400F/ZD,0,verificado
produto-samsung-hw-b450f.html,/produto-samsung-hw-b450f,produto,index,Samsung Soundbar HW-B450F/ZD — Preço na Mira,https://preconamira.com.br/produto-samsung-hw-b450f,Samsung Soundbar HW-B450F/ZD,0,verificado
produto-samsung-hw-q600f.html,/produto-samsung-hw-q600f,produto,index,Samsung Soundbar HW-Q600F/ZD — Preço na Mira,https://preconamira.com.br/produto-samsung-hw-q600f,Samsung Soundbar HW-Q600F/ZD,0,verificado
produto-samsung-jet-bot-ai.html,/produto-samsung-jet-bot-ai,produto,index,Samsung Jet Bot AI — Preço na Mira,https://preconamira.com.br/produto-samsung-jet-bot-ai,Samsung Jet Bot AI,0,verificado
produto-samsung-odyssey-g3-24.html,/produto-samsung-odyssey-g3-24,produto,index,Samsung Odyssey G3 24” 180Hz — Preço na Mira,https://preconamira.com.br/produto-samsung-odyssey-g3-24,Samsung Odyssey G3 24” 180Hz,0,verificado
produto-samsung-odyssey-oled-g5-27.html,/produto-samsung-odyssey-oled-g5-27,produto,index,Samsung Odyssey OLED G5 27” — Preço na Mira,https://preconamira.com.br/produto-samsung-odyssey-oled-g5-27,Samsung Odyssey OLED G5 27”,0,verificado
produto-samsung-odyssey-oled-g8-32.html,/produto-samsung-odyssey-oled-g8-32,produto,index,Samsung Odyssey OLED G8 32” 4K — Preço na Mira,https://preconamira.com.br/produto-samsung-odyssey-oled-g8-32,Samsung Odyssey OLED G8 32” 4K,0,verificado
produto-samsung-powerbot-e-vr5000.html,/produto-samsung-powerbot-e-vr5000,produto,index,Samsung POWERbot‑E VR5000 — Preço na Mira,https://preconamira.com.br/produto-samsung-powerbot-e-vr5000,Samsung POWERbot‑E VR5000,0,verificado
produto-samsung-qef1-50.html,/produto-samsung-qef1-50,produto,index,Samsung Vision AI QLED QEF1 50” 4K 2025 — Preço na Mira,https://preconamira.com.br/produto-samsung-qef1-50,Samsung Vision AI QLED QEF1 50” 4K 2025,0,verificado
produto-samsung-rt53-smartthings-524l-inox.html,/produto-samsung-rt53-smartthings-524l-inox,produto,index,Geladeira Samsung RT53 SmartThings 524 L — Preço na Mira,https://preconamira.com.br/produto-samsung-rt53-smartthings-524l-inox,Geladeira Samsung RT53 SmartThings 524 L,0,verificado
produto-samsung-t7-shield-2tb.html,/produto-samsung-t7-shield-2tb,produto,index,Samsung T7 Shield 2TB — Preço na Mira,https://preconamira.com.br/produto-samsung-t7-shield-2tb,Samsung T7 Shield 2TB,0,verificado
produto-samsung-t9-4tb.html,/produto-samsung-t9-4tb,produto,index,Samsung T9 4TB — Preço na Mira,https://preconamira.com.br/produto-samsung-t9-4tb,Samsung T9 4TB,0,verificado
produto-samsung-tab-s10-fe.html,/produto-samsung-tab-s10-fe,produto,index,Samsung Galaxy Tab S10 FE 128GB — Preço na Mira,https://preconamira.com.br/produto-samsung-tab-s10-fe,Samsung Galaxy Tab S10 FE 128GB,0,verificado
produto-samsung-tab-s11-ultra.html,/produto-samsung-tab-s11-ultra,produto,index,Samsung Galaxy Tab S11 Ultra 512GB — Preço na Mira,https://preconamira.com.br/produto-samsung-tab-s11-ultra,Samsung Galaxy Tab S11 Ultra 512GB,0,verificado
produto-samsung-u8000h-70.html,/produto-samsung-u8000h-70,produto,index,Samsung Vision AI Crystal UHD U8000H 70” 4K 2026 — Preço na Mira,https://preconamira.com.br/produto-samsung-u8000h-70,Samsung Vision AI Crystal UHD U8000H 70” 4K 2026,0,verificado
produto-samsung-u8100f-50.html,/produto-samsung-u8100f-50,produto,index,Samsung Crystal UHD U8100F 50” 4K 2025 — Preço na Mira,https://preconamira.com.br/produto-samsung-u8100f-50,Samsung Crystal UHD U8100F 50” 4K 2025,0,verificado
produto-samsung-u8100f-75.html,/produto-samsung-u8100f-75,produto,index,Samsung Crystal UHD U8100F 75” 4K 2025 — Preço na Mira,https://preconamira.com.br/produto-samsung-u8100f-75,Samsung Crystal UHD U8100F 75” 4K 2025,0,verificado
produto-samsung-watch-ultra-2025.html,/produto-samsung-watch-ultra-2025,produto,index,Samsung Galaxy Watch Ultra 2025 LTE 47 mm — Preço na Mira,https://preconamira.com.br/produto-samsung-watch-ultra-2025,Samsung Galaxy Watch Ultra 2025 LTE 47 mm,0,verificado
produto-samsung-watch8-classic-46.html,/produto-samsung-watch8-classic-46,produto,index,Samsung Galaxy Watch8 Classic LTE 46 mm — Preço na Mira,https://preconamira.com.br/produto-samsung-watch8-classic-46,Samsung Galaxy Watch8 Classic LTE 46 mm,0,verificado
produto-selador-acrilico-coral-branco-18l-para-paredes-interior-exterior.html,/produto-selador-acrilico-coral-branco-18l-para-paredes-interior-exterior,produto,index,Selador Acrilico Coral Branco 18l para Paredes — Preço na Mira,https://preconamira.com.br/produto-selador-acrilico-coral-branco-18l-para-paredes-interior-exterior,Selador Acrilico Coral Branco 18l para Paredes Interior Exterior,0,verificado
produto-selador-acrilico-de-parede-interna-e-externa-branco-pincel.html,/produto-selador-acrilico-de-parede-interna-e-externa-branco-pincel,produto,index,Selador Acrilico de Parede Interna e Externa — Preço na Mira,https://preconamira.com.br/produto-selador-acrilico-de-parede-interna-e-externa-branco-pincel,Selador Acrilico de Parede Interna e Externa Branco Pincel,0,verificado
produto-selante-cola-adesivo-pu30-multiuso-310ml-branco-quartzolit.html,/produto-selante-cola-adesivo-pu30-multiuso-310ml-branco-quartzolit,produto,index,Selante Cola Adesivo PU30 Multiuso 310ML Branco — Preço na Mira,https://preconamira.com.br/produto-selante-cola-adesivo-pu30-multiuso-310ml-branco-quartzolit,Selante Cola Adesivo PU30 Multiuso 310ML Branco Quartzolit,0,verificado
produto-selante-poliuretano-pu40-quartzolit-multiuso-cinza-360g.html,/produto-selante-poliuretano-pu40-quartzolit-multiuso-cinza-360g,produto,index,Selante Poliuretano PU40 Quartzolit Multiuso — Preço na Mira,https://preconamira.com.br/produto-selante-poliuretano-pu40-quartzolit-multiuso-cinza-360g,Selante Poliuretano PU40 Quartzolit Multiuso Cinza 360G,0,verificado
produto-selante-pu-elastico-sikaflex-1a-plus-branco-300ml.html,/produto-selante-pu-elastico-sikaflex-1a-plus-branco-300ml,produto,index,Selante PU Elastico Sikaflex 1A Plus Branco — Preço na Mira,https://preconamira.com.br/produto-selante-pu-elastico-sikaflex-1a-plus-branco-300ml,Selante PU Elastico Sikaflex 1A Plus Branco 300ML,0,verificado
produto-selante-pu40-tekbond-branco-310ml-construcao-civil-e-automotiva.html,/produto-selante-pu40-tekbond-branco-310ml-construcao-civil-e-automotiva,produto,index,Selante PU40 Tekbond Branco 310ML Construcao — Preço na Mira,https://preconamira.com.br/produto-selante-pu40-tekbond-branco-310ml-construcao-civil-e-automotiva,Selante PU40 Tekbond Branco 310ML Construcao Civil e Automotiva,0,verificado
produto-service-machine-sm500s-lava-loucas-industrial.html,/produto-service-machine-sm500s-lava-loucas-industrial,produto,index,Lavadora de Louças Industrial Service Machine — Preço na Mira,https://preconamira.com.br/produto-service-machine-sm500s-lava-loucas-industrial,Lavadora de Louças Industrial Service Machine SM500S,0,verificado
produto-sika-1-3-6-l-aditivo-impermeabilizante.html,/produto-sika-1-3-6-l-aditivo-impermeabilizante,produto,index,"Sika-1 3,6 L — Aditivo impermeabilizante — Preço na Mira",https://preconamira.com.br/produto-sika-1-3-6-l-aditivo-impermeabilizante,"Sika-1 3,6 L — Aditivo impermeabilizante",0,verificado
produto-sika-chapisco-plus-adesivo-chapisco-e-argamassas-sika-36l.html,/produto-sika-chapisco-plus-adesivo-chapisco-e-argamassas-sika-36l,produto,index,Sika Chapisco Plus Adesivo Chapisco e Argamassas — Preço na Mira,https://preconamira.com.br/produto-sika-chapisco-plus-adesivo-chapisco-e-argamassas-sika-36l,Sika Chapisco Plus Adesivo Chapisco e Argamassas Sika 36L,0,verificado
produto-sikacryl-203-selante-acrilico-280ml-430g-branco.html,/produto-sikacryl-203-selante-acrilico-280ml-430g-branco,produto,index,Sikacryl 203 Selante Acrilico 280ML 430G Branco — Preço na Mira,https://preconamira.com.br/produto-sikacryl-203-selante-acrilico-280ml-430g-branco,Sikacryl 203 Selante Acrilico 280ML 430G Branco,0,verificado
produto-sikafill-rapido-manta-liquida-impermeabilizante-15-kg.html,/produto-sikafill-rapido-manta-liquida-impermeabilizante-15-kg,produto,index,SikaFill Rápido — Manta líquida — Preço na Mira,https://preconamira.com.br/produto-sikafill-rapido-manta-liquida-impermeabilizante-15-kg,SikaFill Rápido — Manta líquida impermeabilizante 15 kg,0,verificado
produto-sikaflex-construcao-cinza-selante-pu-cartucho-300ml.html,/produto-sikaflex-construcao-cinza-selante-pu-cartucho-300ml,produto,index,Sikaflex Construcao Cinza Selante PU Cartucho — Preço na Mira,https://preconamira.com.br/produto-sikaflex-construcao-cinza-selante-pu-cartucho-300ml,Sikaflex Construcao Cinza Selante PU Cartucho 300ML,0,verificado
produto-sikatop-100-revestimento-impermeabilizante-18-kg.html,/produto-sikatop-100-revestimento-impermeabilizante-18-kg,produto,index,SikaTop 100 — Revestimento impermeabilizante 18 — Preço na Mira,https://preconamira.com.br/produto-sikatop-100-revestimento-impermeabilizante-18-kg,SikaTop 100 — Revestimento impermeabilizante 18 kg,0,verificado
produto-silicone-acetico-280g-transp-tekbond.html,/produto-silicone-acetico-280g-transp-tekbond,produto,index,Silicone Acetico 280G Transp Tekbond — Preço na Mira,https://preconamira.com.br/produto-silicone-acetico-280g-transp-tekbond,Silicone Acetico 280G Transp Tekbond,0,verificado
produto-silicone-cola-adesivo-ms-hibrido-branco-400g-tekbond.html,/produto-silicone-cola-adesivo-ms-hibrido-branco-400g-tekbond,produto,index,Silicone Cola Adesivo MS Hibrido Branco 400G — Preço na Mira,https://preconamira.com.br/produto-silicone-cola-adesivo-ms-hibrido-branco-400g-tekbond,Silicone Cola Adesivo MS Hibrido Branco 400G Tekbond,0,verificado
produto-smart-fita-led-rgb-wi-fi-2gen-14w-positivo-casa-inteligente-rgb-12v.html,/produto-smart-fita-led-rgb-wi-fi-2gen-14w-positivo-casa-inteligente-rgb-12v,produto,index,Smart Fita LED RGB Wi Fi 2gen 14W Positivo Casa — Preço na Mira,https://preconamira.com.br/produto-smart-fita-led-rgb-wi-fi-2gen-14w-positivo-casa-inteligente-rgb-12v,Smart Fita LED RGB Wi Fi 2gen 14W Positivo Casa Inteligente RGB 12V,0,verificado
produto-smart-switch-2-plus-20a.html,/produto-smart-switch-2-plus-20a,produto,index,Interruptor Wi‑Fi 2 Botões + Tomada 20A — Preço na Mira,https://preconamira.com.br/produto-smart-switch-2-plus-20a,Interruptor Wi‑Fi 2 Botões + Tomada 20A,0,verificado
produto-starlink-mini.html,/produto-starlink-mini,produto,index,Starlink Mini — Preço na Mira,https://preconamira.com.br/produto-starlink-mini,Starlink Mini,0,verificado
produto-starlink-standard-v4.html,/produto-starlink-standard-v4,produto,index,Starlink Standard V4 — Preço na Mira,https://preconamira.com.br/produto-starlink-standard-v4,Starlink Standard V4,0,verificado
produto-steck-sdr-25-a-30-ma-dr-bipolar.html,/produto-steck-sdr-25-a-30-ma-dr-bipolar,produto,index,Steck SDR 25 A 30 mA — DR bipolar — Preço na Mira,https://preconamira.com.br/produto-steck-sdr-25-a-30-ma-dr-bipolar,Steck SDR 25 A 30 mA — DR bipolar,0,verificado
produto-steck-sdr46330-dr-tetrapolar-63-a.html,/produto-steck-sdr46330-dr-tetrapolar-63-a,produto,index,Steck SDR46330 — DR tetrapolar 63 A — Preço na Mira,https://preconamira.com.br/produto-steck-sdr46330-dr-tetrapolar-63-a,Steck SDR46330 — DR tetrapolar 63 A,0,verificado
produto-tablet-positivo-vision-tab-10-4gb-ram-128gb-armazenamento-octa-core-13mp-selfie-5mp-bateria-.html,/produto-tablet-positivo-vision-tab-10-4gb-ram-128gb-armazenamento-octa-core-13mp-selfie-5mp-bateria-,produto,index,Tablet Positivo Vision Tab 10 4GB Ram 128GB — Preço na Mira,https://preconamira.com.br/produto-tablet-positivo-vision-tab-10-4gb-ram-128gb-armazenamento-octa-core-13mp-selfie-5mp-bateria-,"Tablet Positivo Vision Tab 10 4GB Ram 128GB Armazenamento, Octa-Core, 13MP + Selfie 5MP, Bateria 6000mAh, Tela 10.1 HD, Wi-Fi AC E 4G, Full Lamination",0,verificado
produto-tablet-vaio-tl10-8gb-128gb-octa-core-tela-10-4-2k-4g-wifi-camera-8mp-selfie-5mp-7000mah-andr.html,/produto-tablet-vaio-tl10-8gb-128gb-octa-core-tela-10-4-2k-4g-wifi-camera-8mp-selfie-5mp-7000mah-andr,produto,index,"Tablet VAIO TL10 8GB 128GB Octa-Core, Tela 10.4” — Preço na Mira",https://preconamira.com.br/produto-tablet-vaio-tl10-8gb-128gb-octa-core-tela-10-4-2k-4g-wifi-camera-8mp-selfie-5mp-7000mah-andr,"Tablet VAIO TL10 8GB 128GB Octa-Core, Tela 10.4” 2K, 4G WiFi, Câmera 8MP + Selfie 5MP, 7000mAh, Android 13, com Teclado de Conexão Inteligente – Preto",0,verificado
produto-tcl-75t6c.html,/produto-tcl-75t6c,produto,index,TCL T6C 75” 4K QLED Google TV — Preço na Mira,https://preconamira.com.br/produto-tcl-75t6c,TCL T6C 75” 4K QLED Google TV,0,verificado
produto-tinta-acrilica-coral-coralar-interna-fosca-alta-cobertura.html,/produto-tinta-acrilica-coral-coralar-interna-fosca-alta-cobertura,produto,index,Tinta Acrilica Coral Coralar Interna Fosca Alta — Preço na Mira,https://preconamira.com.br/produto-tinta-acrilica-coral-coralar-interna-fosca-alta-cobertura,Tinta Acrilica Coral Coralar Interna Fosca Alta Cobertura,0,verificado
produto-tinta-emborrachada-ptelhas-18kg-impermeabiizante-poredoso.html,/produto-tinta-emborrachada-ptelhas-18kg-impermeabiizante-poredoso,produto,index,Tinta Emborrachada Ptelhas 18kg Impermeabiizante — Preço na Mira,https://preconamira.com.br/produto-tinta-emborrachada-ptelhas-18kg-impermeabiizante-poredoso,Tinta Emborrachada Ptelhas 18kg Impermeabiizante Poredoso,0,verificado
produto-tinta-fosca-para-gesso-branco-coral-18-litros.html,/produto-tinta-fosca-para-gesso-branco-coral-18-litros,produto,index,Tinta Fosca para Gesso Branco Coral 18 Litros — Preço na Mira,https://preconamira.com.br/produto-tinta-fosca-para-gesso-branco-coral-18-litros,Tinta Fosca para Gesso Branco Coral 18 Litros,0,verificado
produto-tinta-rende-muito-branco-900ml-coral.html,/produto-tinta-rende-muito-branco-900ml-coral,produto,index,Tinta Rende Muito Branco 900ml Coral — Preço na Mira,https://preconamira.com.br/produto-tinta-rende-muito-branco-900ml-coral,Tinta Rende Muito Branco 900ml Coral,0,verificado
produto-toalheiro-termico-aluminio-preto-110-220v-bivolt-electrowood-preto.html,/produto-toalheiro-termico-aluminio-preto-110-220v-bivolt-electrowood-preto,produto,index,Toalheiro Termico Aluminio Preto 110/220V Bivolt — Preço na Mira,https://preconamira.com.br/produto-toalheiro-termico-aluminio-preto-110-220v-bivolt-electrowood-preto,Toalheiro Termico Aluminio Preto 110/220V Bivolt Electrowood Preto,0,verificado
produto-toalheiro-termico-eletrico-grande-aluminio-branco-e-preto.html,/produto-toalheiro-termico-eletrico-grande-aluminio-branco-e-preto,produto,index,Toalheiro Termico Eletrico Grande Aluminio — Preço na Mira,https://preconamira.com.br/produto-toalheiro-termico-eletrico-grande-aluminio-branco-e-preto,Toalheiro Termico Eletrico Grande Aluminio Branco e Preto,0,verificado
produto-torneira-automatica-banheiro-lavatorio-bica-movel-mesa-5100-acabamento-cromado-cor-prateado.html,/produto-torneira-automatica-banheiro-lavatorio-bica-movel-mesa-5100-acabamento-cromado-cor-prateado,produto,index,Torneira Automatica Banheiro Lavatorio Bica — Preço na Mira,https://preconamira.com.br/produto-torneira-automatica-banheiro-lavatorio-bica-movel-mesa-5100-acabamento-cromado-cor-prateado,Torneira Automatica Banheiro Lavatorio Bica Movel Mesa 5100 Acabamento Cromado Cor Prateado,0,verificado
produto-torneira-automatica-matic-para-lavatorio-c-temporizador-acabamento-cromado-cor-prateado.html,/produto-torneira-automatica-matic-para-lavatorio-c-temporizador-acabamento-cromado-cor-prateado,produto,index,Torneira Automatica Matic para Lavatorio C — Preço na Mira,https://preconamira.com.br/produto-torneira-automatica-matic-para-lavatorio-c-temporizador-acabamento-cromado-cor-prateado,Torneira Automatica Matic para Lavatorio C Temporizador Acabamento Cromado Cor Prateado,0,verificado
produto-torneira-cozinha-gourmet-monocomando-aco-inox-escovado-bico-flexivel-extensivel-360-misturad.html,/produto-torneira-cozinha-gourmet-monocomando-aco-inox-escovado-bico-flexivel-extensivel-360-misturad,produto,index,Torneira Cozinha Gourmet Monocomando Aco INOX — Preço na Mira,https://preconamira.com.br/produto-torneira-cozinha-gourmet-monocomando-aco-inox-escovado-bico-flexivel-extensivel-360-misturad,Torneira Cozinha Gourmet Monocomando Aco INOX Escovado Bico Flexivel Extensivel 360 Misturador Monocomando Agua Quente Fria Pia Acabamento Premium Profissional Residencial Stillus Home,0,verificado
produto-torneira-cozinha-gourmet-monocomando-parede-ducha-flexivel.html,/produto-torneira-cozinha-gourmet-monocomando-parede-ducha-flexivel,produto,index,Torneira Cozinha Gourmet Monocomando Parede — Preço na Mira,https://preconamira.com.br/produto-torneira-cozinha-gourmet-monocomando-parede-ducha-flexivel,Torneira Cozinha Gourmet Monocomando Parede Ducha Flexivel,0,verificado
produto-torneira-de-cozinha-convencional-docol-gali-00801306-cromado.html,/produto-torneira-de-cozinha-convencional-docol-gali-00801306-cromado,produto,index,Torneira de Cozinha Convencional Docol Gali — Preço na Mira,https://preconamira.com.br/produto-torneira-de-cozinha-convencional-docol-gali-00801306-cromado,Torneira de Cozinha Convencional Docol Gali 00801306 Cromado,0,verificado
produto-torneira-de-cozinha-monocomando-fria-360-giratoria-angulo-ajustavel-cromado-aco-inox.html,/produto-torneira-de-cozinha-monocomando-fria-360-giratoria-angulo-ajustavel-cromado-aco-inox,produto,index,Torneira de Cozinha Monocomando Fria 360 — Preço na Mira,https://preconamira.com.br/produto-torneira-de-cozinha-monocomando-fria-360-giratoria-angulo-ajustavel-cromado-aco-inox,Torneira de Cozinha Monocomando Fria 360 Giratoria Ângulo Ajustavel Cromado Aco INOX,0,verificado
produto-torneira-eletrica-6500w-220v-preta.html,/produto-torneira-eletrica-6500w-220v-preta,produto,index,Torneira Eletrica 6500W 220V Preta — Preço na Mira,https://preconamira.com.br/produto-torneira-eletrica-6500w-220v-preta,Torneira Eletrica 6500W 220V Preta,0,verificado
produto-torneira-eletrica-cozinha-4t-luna-zagonel-5500w-127-ou-220v.html,/produto-torneira-eletrica-cozinha-4t-luna-zagonel-5500w-127-ou-220v,produto,index,Torneira Eletrica Cozinha 4t Luna Zagonel 5500W — Preço na Mira,https://preconamira.com.br/produto-torneira-eletrica-cozinha-4t-luna-zagonel-5500w-127-ou-220v,Torneira Eletrica Cozinha 4t Luna Zagonel 5500W 127 Ou 220V,0,verificado
produto-torneira-eletrica-de-bancada-5500w-loren-easy-lorenzetti-220v-mesa.html,/produto-torneira-eletrica-de-bancada-5500w-loren-easy-lorenzetti-220v-mesa,produto,index,Torneira Eletrica de Bancada 5500W Loren Easy — Preço na Mira,https://preconamira.com.br/produto-torneira-eletrica-de-bancada-5500w-loren-easy-lorenzetti-220v-mesa,Torneira Eletrica de Bancada 5500W Loren Easy Lorenzetti 220V Mesa,0,verificado
produto-torneira-eletrica-versatil-5500w-220v-cromada.html,/produto-torneira-eletrica-versatil-5500w-220v-cromada,produto,index,Torneira Eletrica Versatil 5500W 220V Cromada — Preço na Mira,https://preconamira.com.br/produto-torneira-eletrica-versatil-5500w-220v-cromada,Torneira Eletrica Versatil 5500W 220V Cromada,0,verificado
produto-torneira-eletrica-zagonel-luna-preta-5500w-220v-parede-4-temperaturas-bica-alta-giratoria-36.html,/produto-torneira-eletrica-zagonel-luna-preta-5500w-220v-parede-4-temperaturas-bica-alta-giratoria-36,produto,index,Torneira Eletrica Zagonel Luna Preta 5500W 220V — Preço na Mira,https://preconamira.com.br/produto-torneira-eletrica-zagonel-luna-preta-5500w-220v-parede-4-temperaturas-bica-alta-giratoria-36,Torneira Eletrica Zagonel Luna Preta 5500W 220V Parede 4 Temperaturas Bica Alta Giratoria 360 Cozinha Arejador Antirrespingo,0,verificado
produto-torneira-eletronica-zagonel-touch-prima-5500w-cor-preto-220v.html,/produto-torneira-eletronica-zagonel-touch-prima-5500w-cor-preto-220v,produto,index,Torneira Eletronica Zagonel Touch Prima 5500W — Preço na Mira,https://preconamira.com.br/produto-torneira-eletronica-zagonel-touch-prima-5500w-cor-preto-220v,Torneira Eletronica Zagonel Touch Prima 5500W Cor Preto 220V,0,verificado
produto-torneira-lavatorio-mesa-pia-cuba-bica-alta-basic-celite-acabamento-cromado-cor-prateado.html,/produto-torneira-lavatorio-mesa-pia-cuba-bica-alta-basic-celite-acabamento-cromado-cor-prateado,produto,index,Torneira Lavatorio Mesa Pia Cuba Bica Alta Basic — Preço na Mira,https://preconamira.com.br/produto-torneira-lavatorio-mesa-pia-cuba-bica-alta-basic-celite-acabamento-cromado-cor-prateado,Torneira Lavatorio Mesa Pia Cuba Bica Alta Basic Celite Acabamento Cromado Cor Prateado,0,verificado
produto-torneira-monocomando-para-banheiro-bica-baixa-acabamento-fosco-cor-preto-quente-e-fria.html,/produto-torneira-monocomando-para-banheiro-bica-baixa-acabamento-fosco-cor-preto-quente-e-fria,produto,index,Acabamentos Quente e Fria — Preço na Mira,https://preconamira.com.br/produto-torneira-monocomando-para-banheiro-bica-baixa-acabamento-fosco-cor-preto-quente-e-fria,Torneira Monocomando para Banheiro Bica Baixa Acabamento Fosco Cor Preto Quente e Fria,0,verificado
produto-torneira-monocomando-para-banheiro-bica-baixa-cromada.html,/produto-torneira-monocomando-para-banheiro-bica-baixa-cromada,produto,index,Acabamentos Bica Baixa Cromada — Preço na Mira,https://preconamira.com.br/produto-torneira-monocomando-para-banheiro-bica-baixa-cromada,Torneira Monocomando para Banheiro Bica Baixa Cromada,0,verificado
produto-torneira-para-banheiro-link-1197clnk-prateado-cromado-deca.html,/produto-torneira-para-banheiro-link-1197clnk-prateado-cromado-deca,produto,index,Torneira para Banheiro Link 1197clnk Prateado — Preço na Mira,https://preconamira.com.br/produto-torneira-para-banheiro-link-1197clnk-prateado-cromado-deca,Torneira para Banheiro Link 1197clnk Prateado Cromado Deca,0,verificado
produto-torneira-para-banheiro-link-1197clnk.html,/produto-torneira-para-banheiro-link-1197clnk,produto,index,Torneira para Banheiro Link 1197clnk — Preço na Mira,https://preconamira.com.br/produto-torneira-para-banheiro-link-1197clnk,Torneira para Banheiro Link 1197clnk,0,verificado
produto-torneira-para-cozinha-cromado-pia-domestica-agua-fria-duravel-brilhante-pode-girar.html,/produto-torneira-para-cozinha-cromado-pia-domestica-agua-fria-duravel-brilhante-pode-girar,produto,index,Torneira para Cozinha Cromado Pia Domestica Agua — Preço na Mira,https://preconamira.com.br/produto-torneira-para-cozinha-cromado-pia-domestica-agua-fria-duravel-brilhante-pode-girar,Torneira para Cozinha Cromado Pia Domestica Agua Fria Duravel Brilhante Pode Girar,0,verificado
produto-tp-link-deco-x50.html,/produto-tp-link-deco-x50,produto,index,TP‑Link Deco X50 AX3000 — Preço na Mira,https://preconamira.com.br/produto-tp-link-deco-x50,TP‑Link Deco X50 AX3000,0,verificado
produto-tp-link-tapo-c210.html,/produto-tp-link-tapo-c210,produto,index,TP‑Link Tapo C210 Pan/Tilt 3MP — Preço na Mira,https://preconamira.com.br/produto-tp-link-tapo-c210,TP‑Link Tapo C210 Pan/Tilt 3MP,0,verificado
produto-tramontina-paris-chumbo-7p.html,/produto-tramontina-paris-chumbo-7p,produto,index,Tramontina Paris Chumbo Jogo de Panelas 7 Peças — Preço na Mira,https://preconamira.com.br/produto-tramontina-paris-chumbo-7p,Tramontina Paris Chumbo Jogo de Panelas 7 Peças,0,verificado
produto-tramontina-solar-6p.html,/produto-tramontina-solar-6p,produto,index,Tramontina Solar Jogo de Panelas 6 Peças Fundo — Preço na Mira,https://preconamira.com.br/produto-tramontina-solar-6p,Tramontina Solar Jogo de Panelas 6 Peças Fundo Triplo,0,verificado
produto-tramontina-turim-7p.html,/produto-tramontina-turim-7p,produto,index,Tramontina Turim Jogo de Panelas 7 Peças — Preço na Mira,https://preconamira.com.br/produto-tramontina-turim-7p,Tramontina Turim Jogo de Panelas 7 Peças,0,verificado
produto-trena-a-laser-50mt-com-bluetooth-glm-0601072u00-000-verde.html,/produto-trena-a-laser-50mt-com-bluetooth-glm-0601072u00-000-verde,produto,index,Trena a Laser 50MT com Bluetooth Glm 0601072U00 — Preço na Mira,https://preconamira.com.br/produto-trena-a-laser-50mt-com-bluetooth-glm-0601072u00-000-verde,Trena a Laser 50MT com Bluetooth Glm 0601072U00 000 Verde,0,verificado
produto-tres-passione-cafeteira-de-capsulas-automatica.html,/produto-tres-passione-cafeteira-de-capsulas-automatica,produto,index,TRES Passione Cafeteira de Cápsulas Automática — Preço na Mira,https://preconamira.com.br/produto-tres-passione-cafeteira-de-capsulas-automatica,TRES Passione Cafeteira de Cápsulas Automática,0,verificado
produto-ugreen-hub-usb-c-5-em-1-hdmi-4k-pd-100w.html,/produto-ugreen-hub-usb-c-5-em-1-hdmi-4k-pd-100w,produto,index,UGREEN Hub USB-C 5 em 1 HDMI 4K PD 100W — Preço na Mira,https://preconamira.com.br/produto-ugreen-hub-usb-c-5-em-1-hdmi-4k-pd-100w,UGREEN Hub USB-C 5 em 1 HDMI 4K PD 100W,0,verificado
produto-ugreen-nexode-carregador-100w-4-portas.html,/produto-ugreen-nexode-carregador-100w-4-portas,produto,index,UGREEN Nexode Carregador 100W 4 Portas — Preço na Mira,https://preconamira.com.br/produto-ugreen-nexode-carregador-100w-4-portas,UGREEN Nexode Carregador 100W 4 Portas,0,verificado
produto-ugreen-nexode-pro-carregador-gan-65w-3-portas.html,/produto-ugreen-nexode-pro-carregador-gan-65w-3-portas,produto,index,UGREEN Nexode Pro Carregador GaN 65W 3 Portas — Preço na Mira,https://preconamira.com.br/produto-ugreen-nexode-pro-carregador-gan-65w-3-portas,UGREEN Nexode Pro Carregador GaN 65W 3 Portas,0,verificado
produto-ugreen-revodok-1071-hub-usb-c-7-em-1-hdmi-4k-pd-100w.html,/produto-ugreen-revodok-1071-hub-usb-c-7-em-1-hdmi-4k-pd-100w,produto,index,UGREEN Revodok 1071 Hub USB-C 7 em 1 HDMI 4K PD — Preço na Mira,https://preconamira.com.br/produto-ugreen-revodok-1071-hub-usb-c-7-em-1-hdmi-4k-pd-100w,UGREEN Revodok 1071 Hub USB-C 7 em 1 HDMI 4K PD 100W,0,verificado
produto-ugreen-revodok-pro-hub-usb-c-9-em-1-4k60-gigabit-pd100w.html,/produto-ugreen-revodok-pro-hub-usb-c-9-em-1-4k60-gigabit-pd100w,produto,index,UGREEN Revodok Pro Hub USB-C 9 em 1 4K60 Gigabit — Preço na Mira,https://preconamira.com.br/produto-ugreen-revodok-pro-hub-usb-c-9-em-1-4k60-gigabit-pd100w,UGREEN Revodok Pro Hub USB-C 9 em 1 4K60 Gigabit PD100W,0,verificado
produto-vaso-bacia-sanitaria-preto-fosco-monobloco-plezi-inowar.html,/produto-vaso-bacia-sanitaria-preto-fosco-monobloco-plezi-inowar,produto,index,Vaso Bacia Sanitaria Preto Fosco Monobloco Plezi — Preço na Mira,https://preconamira.com.br/produto-vaso-bacia-sanitaria-preto-fosco-monobloco-plezi-inowar,Vaso Bacia Sanitaria Preto Fosco Monobloco Plezi Inowar,0,verificado
produto-vaso-sanitario-caixa-acoplada-hervy-loucas.html,/produto-vaso-sanitario-caixa-acoplada-hervy-loucas,produto,index,Vaso Sanitario Caixa Acoplada Hervy Loucas — Preço na Mira,https://preconamira.com.br/produto-vaso-sanitario-caixa-acoplada-hervy-loucas,Vaso Sanitario Caixa Acoplada Hervy Loucas,0,verificado
produto-vaso-sanitario-monobloco-caixa-acoplada-completo-privada-co5-cor-miami-w-lux.html,/produto-vaso-sanitario-monobloco-caixa-acoplada-completo-privada-co5-cor-miami-w-lux,produto,index,Vaso Sanitario Monobloco Caixa Acoplada Completo — Preço na Mira,https://preconamira.com.br/produto-vaso-sanitario-monobloco-caixa-acoplada-completo-privada-co5-cor-miami-w-lux,Vaso Sanitario Monobloco Caixa Acoplada Completo Privada Co5 Cor Miami W Lux,0,verificado
produto-vaso-sanitario-monobloco-malta-branco-com-dourado-axori.html,/produto-vaso-sanitario-monobloco-malta-branco-com-dourado-axori,produto,index,Vaso Sanitario Monobloco Malta Branco com — Preço na Mira,https://preconamira.com.br/produto-vaso-sanitario-monobloco-malta-branco-com-dourado-axori,Vaso Sanitario Monobloco Malta Branco com Dourado Axori,0,verificado
produto-vaso-sanitario-monobloco-orbit-completo-com-caixa-acoplada-privada-ceramica-branca-cod-alut0.html,/produto-vaso-sanitario-monobloco-orbit-completo-com-caixa-acoplada-privada-ceramica-branca-cod-alut0,produto,index,Vaso Sanitario Monobloco Orbit Completo com — Preço na Mira,https://preconamira.com.br/produto-vaso-sanitario-monobloco-orbit-completo-com-caixa-acoplada-privada-ceramica-branca-cod-alut0,Vaso Sanitario Monobloco Orbit Completo com Caixa Acoplada Privada Ceramica Branca Cod Alut020031 Alut By Avant,0,verificado
produto-vaso-sanitario-tubrax-monobloco-vab0002-branco.html,/produto-vaso-sanitario-tubrax-monobloco-vab0002-branco,produto,index,Vaso Sanitario Tubrax Monobloco Vab0002 Branco — Preço na Mira,https://preconamira.com.br/produto-vaso-sanitario-tubrax-monobloco-vab0002-branco,Vaso Sanitario Tubrax Monobloco Vab0002 Branco,0,verificado
produto-vedacit-aditivo-impermeabilizante-3-6-l.html,/produto-vedacit-aditivo-impermeabilizante-3-6-l,produto,index,"Vedacit — Aditivo impermeabilizante 3,6 L — Preço na Mira",https://preconamira.com.br/produto-vedacit-aditivo-impermeabilizante-3-6-l,"Vedacit — Aditivo impermeabilizante 3,6 L",0,verificado
produto-vedalit-36l-galao-reboco-aditivo-plastificante-vedacit.html,/produto-vedalit-36l-galao-reboco-aditivo-plastificante-vedacit,produto,index,Vedalit 36L Galao Reboco Aditivo Plastificante — Preço na Mira,https://preconamira.com.br/produto-vedalit-36l-galao-reboco-aditivo-plastificante-vedacit,Vedalit 36L Galao Reboco Aditivo Plastificante Vedacit,0,verificado
produto-wanbo-mozart-pro.html,/produto-wanbo-mozart-pro,produto,index,Wanbo Mozart 1 Pro — Preço na Mira,https://preconamira.com.br/produto-wanbo-mozart-pro,Wanbo Mozart 1 Pro,0,verificado
produto-wanbo-t2-ultra.html,/produto-wanbo-t2-ultra,produto,index,Wanbo T2 Ultra — Preço na Mira,https://preconamira.com.br/produto-wanbo-t2-ultra,Wanbo T2 Ultra,0,verificado
produto-wanbo-x5-pro.html,/produto-wanbo-x5-pro,produto,index,Wanbo X5 Pro — Preço na Mira,https://preconamira.com.br/produto-wanbo-x5-pro,Wanbo X5 Pro,0,verificado
produto-wap-robot-w1000.html,/produto-wap-robot-w1000,produto,index,WAP Robot W1000 — Preço na Mira,https://preconamira.com.br/produto-wap-robot-w1000,WAP Robot W1000,0,verificado
produto-wap-robot-w310.html,/produto-wap-robot-w310,produto,index,WAP Robot W310 — Preço na Mira,https://preconamira.com.br/produto-wap-robot-w310,WAP Robot W310,0,verificado
produto-wap-robot-w90.html,/produto-wap-robot-w90,produto,index,WAP Robot W90 — Preço na Mira,https://preconamira.com.br/produto-wap-robot-w90,WAP Robot W90,0,verificado
produto-wolff-berna-48p.html,/produto-wolff-berna-48p,produto,index,Wolff Berna Faqueiro 48 Peças em Aço Inox — Preço na Mira,https://preconamira.com.br/produto-wolff-berna-48p,Wolff Berna Faqueiro 48 Peças em Aço Inox,0,verificado
produto-xgimi-elfin-flip-plus.html,/produto-xgimi-elfin-flip-plus,produto,index,XGIMI Elfin Flip Plus — Preço na Mira,https://preconamira.com.br/produto-xgimi-elfin-flip-plus,XGIMI Elfin Flip Plus,0,verificado
produto-xgimi-horizon-pro.html,/produto-xgimi-horizon-pro,produto,index,XGIMI HORIZON Pro — Preço na Mira,https://preconamira.com.br/produto-xgimi-horizon-pro,XGIMI HORIZON Pro,0,verificado
produto-xgimi-mogo-pro-plus.html,/produto-xgimi-mogo-pro-plus,produto,index,XGIMI MoGo Pro+ — Preço na Mira,https://preconamira.com.br/produto-xgimi-mogo-pro-plus,XGIMI MoGo Pro+,0,verificado
produto-xiaomi-pad8.html,/produto-xiaomi-pad8,produto,index,"Xiaomi Pad 8 11,2” 256GB — Preço na Mira",https://preconamira.com.br/produto-xiaomi-pad8,"Xiaomi Pad 8 11,2” 256GB",0,verificado
produto-xiaomi-redmi-pad2.html,/produto-xiaomi-redmi-pad2,produto,index,Xiaomi REDMI Pad 2 11” 256GB — Preço na Mira,https://preconamira.com.br/produto-xiaomi-redmi-pad2,Xiaomi REDMI Pad 2 11” 256GB,0,verificado
produto-xiaomi-robot-vacuum-h40.html,/produto-xiaomi-robot-vacuum-h40,produto,index,Xiaomi Robot Vacuum H40 — Preço na Mira,https://preconamira.com.br/produto-xiaomi-robot-vacuum-h40,Xiaomi Robot Vacuum H40,0,verificado
produto-xiaomi-robot-vacuum-s20-plus.html,/produto-xiaomi-robot-vacuum-s20-plus,produto,index,Xiaomi Robot Vacuum S20+ — Preço na Mira,https://preconamira.com.br/produto-xiaomi-robot-vacuum-s20-plus,Xiaomi Robot Vacuum S20+,0,verificado
produto-xiaomi-robot-vacuum-s40.html,/produto-xiaomi-robot-vacuum-s40,produto,index,Xiaomi Robot Vacuum S40 — Preço na Mira,https://preconamira.com.br/produto-xiaomi-robot-vacuum-s40,Xiaomi Robot Vacuum S40,0,verificado
produto-xiaomi-watch-s4.html,/produto-xiaomi-watch-s4,produto,index,Xiaomi Watch S4 — Preço na Mira,https://preconamira.com.br/produto-xiaomi-watch-s4,Xiaomi Watch S4,0,verificado
produto-yale-yrd256.html,/produto-yale-yrd256,produto,index,Yale Assure YRD256 Fechadura Digital — Preço na Mira,https://preconamira.com.br/produto-yale-yrd256,Yale Assure YRD256 Fechadura Digital,0,verificado
produto.html,/produto,pagina_publica,noindex,Redirecionando — Preço na Mira,https://preconamira.com.br/produto,,0,verificado
projeto.html,/projeto,pagina_publica,noindex,Projeto — Preço na Mira,https://preconamira.com.br/projeto,,0,verificado
projetores.html,/projetores,pagina_publica,index,📽️ Projetores — Preço na Mira,https://preconamira.com.br/projetores,Tela grande. Brilho que faz sentido.,0,verificado
setup-ecossistema.html,/setup-ecossistema,pagina_publica,index,📱 Monte seu ecossistema — Preço na Mira,https://preconamira.com.br/setup-ecossistema,Seu ecossistema precisa parecer coeso. E funcionar sem fricção.,0,verificado
setup-tv-soundbar.html,/setup-tv-soundbar,pagina_publica,index,Monte seu setup de TV + soundbar — Preço na Mira,https://preconamira.com.br/setup-tv-soundbar,TV + soundbar. Veja o par antes de comparar o resto.,0,verificado
smartphones.html,/smartphones,pagina_publica,index,📱 Smartphones — Preço na Mira,https://preconamira.com.br/smartphones,Smartphones. Escolha pelo seu uso.,0,verificado
smartwatches.html,/smartwatches,pagina_publica,index,Smartwatches — Compare modelos | Preço na Mira,https://preconamira.com.br/smartwatches,"Bateria, GPS e compatibilidade em português claro.",0,verificado
soundbars.html,/soundbars,pagina_publica,index,Soundbars — Compare modelos | Preço na Mira,https://preconamira.com.br/soundbars,Som de TV sem enrolação.,0,verificado
tablets.html,/tablets,pagina_publica,index,📲 Tablets — Preço na Mira,https://preconamira.com.br/tablets,Tablets. Escolha pelo seu uso.,0,verificado
tvs.html,/tvs,pagina_publica,index,TVs — Compare modelos | Preço na Mira,https://preconamira.com.br/tvs,Tamanho não é tudo.,0,verificado
universo-casa.html,/universo-casa,pagina_publica,index,Universo Casa — Preço na Mira,https://preconamira.com.br/universo-casa,Não queremos só encher uma casa. Queremos ajudá-la a fazer sentido.,0,verificado
universo-tecnologia.html,/universo-tecnologia,pagina_publica,index,Universo Tecnologia — Preço na Mira,https://preconamira.com.br/universo-tecnologia,Dispositivos isolados viram ecossistemas.,0,verificado
universos.html,/universos,pagina_publica,index,Universos — Preço na Mira,https://preconamira.com.br/universos,Escolha onde você quer acertar.,0,verificado
